mtllib model_2.mtl
o model_2
v -6.060304641723633 -73.09590148925781 -50.801239013671875 
v -3.755148410797119 -73.09590148925781 -50.801239013671875 
v -6.060304641723633 -72.63346099853516 -50.335514068603516 
v -3.755148410797119 -72.63346099853516 -50.335514068603516 
v -2.0159060955047607 -71.67774963378906 -50.581077575683594 
v -2.0159060955047607 -72.8492660522461 -51.749629974365234 
v -2.0159060955047607 -67.2691421508789 -55.39923858642578 
v -2.0159060955047607 -68.7335433959961 -58.09199142456055 
v -2.0159060955047607 -62.55224609375 -58.388362884521484 
v -2.0159060955047607 -64.21703338623047 -62.83394241333008 
v -2.0159060955047607 -57.712032318115234 -59.98030471801758 
v -2.0159060955047607 -58.00490951538086 -66.47508239746094 
v -2.0159060955047607 -55.02987289428711 -59.92949676513672 
v -2.0159060955047607 -54.4286994934082 -67.3980712890625 
v -2.0159060955047607 -52.347713470458984 -59.209739685058594 
v -2.0159060955047607 -50.85248947143555 -67.6690444946289 
v -2.0159060955047607 -47.61540222167969 -65.9246826171875 
v -2.0159060955047607 -48.27823257446289 -54.679481506347656 
v -2.0159060955047607 -45.47275924682617 -54.31536865234375 
v -2.0159060955047607 -45.79646682739258 -66.39041137695312 
v -2.0159060955047607 -43.545921325683594 -54.4169807434082 
v -2.0159060955047607 -44.100852966308594 -66.822265625 
v -2.0159060955047607 -41.54201126098633 -55.20448684692383 
v -8.312643051147461 -43.052650451660156 -61.75853729248047 
v -6.539445400238037 -43.052650451660156 -61.75853729248047 
v -8.312643051147461 -43.37636184692383 -62.944026947021484 
v -6.539445400238037 -43.37636184692383 -62.944026947021484 
v -6.539445400238037 -44.23958206176758 -63.8077392578125 
v -8.312643051147461 -44.23958206176758 -63.8077392578125 
v -6.539445400238037 -45.426517486572266 -64.1295166015625 
v -8.312643051147461 -45.426517486572266 -64.1295166015625 
v -6.539445400238037 -46.61344528198242 -63.8077392578125 
v -8.312643051147461 -46.61344528198242 -63.8077392578125 
v -6.539445400238037 -47.47666931152344 -62.944026947021484 
v -8.312643051147461 -47.47666931152344 -62.944026947021484 
v -6.539445400238037 -47.80038070678711 -61.75853729248047 
v -8.312643051147461 -47.80038070678711 -61.75853729248047 
v -6.539445400238037 -47.47666931152344 -60.57305145263672 
v -8.312643051147461 -47.47666931152344 -60.57305145263672 
v -6.539445400238037 -46.61344528198242 -59.7093391418457 
v -8.312643051147461 -46.61344528198242 -59.7093391418457 
v -6.539445400238037 -45.426513671875 -59.3875617980957 
v -8.312643051147461 -45.426513671875 -59.3875617980957 
v -6.539445400238037 -44.23958206176758 -59.7093391418457 
v -8.312643051147461 -44.23958206176758 -59.7093391418457 
v -8.312643051147461 -43.37635803222656 -60.57305145263672 
v -6.539445400238037 -43.37635803222656 -60.57305145263672 
v -8.312643051147461 -43.052650451660156 -61.75853729248047 
v -0.8010776042938232 -43.052650451660156 -61.75853729248047 
v -2.574274778366089 -43.052650451660156 -61.75853729248047 
v -0.8010776042938232 -43.37635803222656 -60.57305145263672 
v -2.574274778366089 -43.37635803222656 -60.57305145263672 
v -0.8010776042938232 -44.23958206176758 -59.7093391418457 
v -2.574274778366089 -44.23958206176758 -59.7093391418457 
v -0.8010776042938232 -45.426513671875 -59.3875617980957 
v -2.574274778366089 -45.426513671875 -59.3875617980957 
v -0.8010776042938232 -46.61344528198242 -59.7093391418457 
v -2.574274778366089 -46.61344528198242 -59.7093391418457 
v -0.8010776042938232 -47.47666931152344 -60.57305145263672 
v -2.574274778366089 -47.47666931152344 -60.57305145263672 
v -0.8010776042938232 -47.80038070678711 -61.75853729248047 
v -2.574274778366089 -47.80038070678711 -61.75853729248047 
v -0.8010776042938232 -47.47666931152344 -62.944026947021484 
v -2.574274778366089 -47.47666931152344 -62.944026947021484 
v -0.8010776042938232 -46.61344528198242 -63.8077392578125 
v -2.574274778366089 -46.61344528198242 -63.8077392578125 
v -0.8010776042938232 -45.426517486572266 -64.1295166015625 
v -2.574274778366089 -45.426517486572266 -64.1295166015625 
v -0.8010776042938232 -44.23958206176758 -63.8077392578125 
v -2.574274778366089 -44.23958206176758 -63.8077392578125 
v -0.8010776042938232 -43.37636184692383 -62.944026947021484 
v -2.574274778366089 -43.37636184692383 -62.944026947021484 
v -0.8010776042938232 -43.052650451660156 -61.75853729248047 
v -2.574274778366089 -43.052650451660156 -61.75853729248047 
v -2.0159060955047607 -41.97362518310547 -67.37267303466797 
v -2.0159060955047607 -44.100852966308594 -66.822265625 
v -7.79954719543457 -41.97362518310547 -67.37267303466797 
v -7.79954719543457 -44.100852966308594 -66.822265625 
v -2.0159060955047607 -45.79646682739258 -66.39041137695312 
v -7.79954719543457 -45.79646682739258 -66.39041137695312 
v -2.0159060955047607 -47.61540222167969 -65.9246826171875 
v -7.79954719543457 -47.61540222167969 -65.9246826171875 
v -2.0159060955047607 -50.85248947143555 -67.6690444946289 
v -7.79954719543457 -50.85248947143555 -67.6690444946289 
v -7.79954719543457 -54.4286994934082 -67.3980712890625 
v -2.0159060955047607 -54.4286994934082 -67.3980712890625 
v -7.79954719543457 -58.00490951538086 -66.47508239746094 
v -2.0159060955047607 -58.00490951538086 -66.47508239746094 
v -7.79954719543457 -64.21703338623047 -62.83394241333008 
v -2.0159060955047607 -64.21703338623047 -62.83394241333008 
v -7.79954719543457 -68.7335433959961 -58.09199142456055 
v -2.0159060955047607 -68.7335433959961 -58.09199142456055 
v -7.79954719543457 -72.8492660522461 -51.749629974365234 
v -2.0159060955047607 -72.8492660522461 -51.749629974365234 
v -6.060304641723633 -73.09590148925781 -50.801239013671875 
v -3.755148410797119 -73.09590148925781 -50.801239013671875 
v -7.79954719543457 -41.54201126098633 -55.20448684692383 
v -7.79954719543457 -43.545921325683594 -54.4169807434082 
v -2.0159060955047607 -41.54201126098633 -55.20448684692383 
v -2.0159060955047607 -43.545921325683594 -54.4169807434082 
v -7.79954719543457 -45.47275924682617 -54.31536865234375 
v -2.0159060955047607 -45.47275924682617 -54.31536865234375 
v -7.79954719543457 -48.27823257446289 -54.679481506347656 
v -2.0159060955047607 -48.27823257446289 -54.679481506347656 
v -7.79954719543457 -52.347713470458984 -59.209739685058594 
v -2.0159060955047607 -52.347713470458984 -59.209739685058594 
v -2.0159060955047607 -55.02987289428711 -59.92949676513672 
v -7.79954719543457 -55.02987289428711 -59.92949676513672 
v -2.0159060955047607 -57.712032318115234 -59.98030471801758 
v -7.79954719543457 -57.712032318115234 -59.98030471801758 
v -2.0159060955047607 -62.55224609375 -58.388362884521484 
v -7.79954719543457 -62.55224609375 -58.388362884521484 
v -2.0159060955047607 -67.2691421508789 -55.39923858642578 
v -7.79954719543457 -67.2691421508789 -55.39923858642578 
v -2.0159060955047607 -71.67774963378906 -50.581077575683594 
v -7.79954719543457 -71.67774963378906 -50.581077575683594 
v -3.755148410797119 -72.63346099853516 -50.335514068603516 
v -6.060304641723633 -72.63346099853516 -50.335514068603516 
v -6.060304641723633 -73.09590148925781 -50.801239013671875 
v -6.060304641723633 -72.63346099853516 -50.335514068603516 
v -7.79954719543457 -72.8492660522461 -51.749629974365234 
v -7.79954719543457 -71.67774963378906 -50.581077575683594 
v -7.79954719543457 -67.2691421508789 -55.39923858642578 
v -7.79954719543457 -68.7335433959961 -58.09199142456055 
v -7.79954719543457 -62.55224609375 -58.388362884521484 
v -7.79954719543457 -64.21703338623047 -62.83394241333008 
v -7.79954719543457 -57.712032318115234 -59.98030471801758 
v -7.79954719543457 -58.00490951538086 -66.47508239746094 
v -7.79954719543457 -55.02987289428711 -59.92949676513672 
v -7.79954719543457 -54.4286994934082 -67.3980712890625 
v -7.79954719543457 -52.347713470458984 -59.209739685058594 
v -7.79954719543457 -50.85248947143555 -67.6690444946289 
v -7.79954719543457 -47.61540222167969 -65.9246826171875 
v -7.79954719543457 -48.27823257446289 -54.679481506347656 
v -7.79954719543457 -45.47275924682617 -54.31536865234375 
v -7.79954719543457 -45.79646682739258 -66.39041137695312 
v -7.79954719543457 -43.545921325683594 -54.4169807434082 
v -7.79954719543457 -44.100852966308594 -66.822265625 
v -7.79954719543457 -41.54201126098633 -55.20448684692383 
v -7.79954719543457 -41.97362518310547 -67.37267303466797 
v -8.312643051147461 -43.052650451660156 -61.75853729248047 
v -8.312643051147461 -43.37636184692383 -62.944026947021484 
v -8.418279647827148 -43.65382385253906 -61.75853729248047 
v -8.418279647827148 -43.88504409790039 -62.64765548706055 
v -8.418279647827148 -43.88504409790039 -60.869422912597656 
v -8.418279647827148 -46.96798324584961 -60.869422912597656 
v -8.418279647827148 -44.54787826538086 -60.217403411865234 
v -8.418279647827148 -45.426513671875 -59.980308532714844 
v -8.312643051147461 -45.426513671875 -59.3875617980957 
v -8.418279647827148 -46.3205680847168 -60.217403411865234 
v -8.312643051147461 -46.61344528198242 -59.7093391418457 
v -8.312643051147461 -47.47666931152344 -60.57305145263672 
v -8.418279647827148 -47.19920349121094 -61.75853729248047 
v -8.312643051147461 -47.80038070678711 -61.75853729248047 
v -8.312643051147461 -47.47666931152344 -62.944026947021484 
v -8.418279647827148 -46.967987060546875 -62.64765548706055 
v -8.418279647827148 -45.426513671875 -63.53676986694336 
v -8.418279647827148 -44.54787826538086 -63.2996711730957 
v -8.312643051147461 -44.23958206176758 -63.8077392578125 
v -8.312643051147461 -46.61344528198242 -63.8077392578125 
v -8.418279647827148 -46.3205680847168 -63.2996711730957 
v -8.312643051147461 -45.426517486572266 -64.1295166015625 
v -8.312643051147461 -44.23958206176758 -59.7093391418457 
v -8.312643051147461 -43.37635803222656 -60.57305145263672 
v -0.8010776042938232 -45.426513671875 -59.3875617980957 
v -0.8010776042938232 -46.61344528198242 -59.7093391418457 
v -0.6954402923583984 -45.426513671875 -59.980308532714844 
v -0.6954402923583984 -46.3205680847168 -60.217403411865234 
v -0.6954402923583984 -46.96798324584961 -60.869422912597656 
v -0.8010776042938232 -47.47666931152344 -60.57305145263672 
v -0.6954402923583984 -47.19920349121094 -61.75853729248047 
v -0.8010776042938232 -47.80038070678711 -61.75853729248047 
v -0.8010776042938232 -47.47666931152344 -62.944026947021484 
v -0.6954402923583984 -46.967987060546875 -62.64765548706055 
v -0.6954402923583984 -46.3205680847168 -63.2996711730957 
v -0.6954402923583984 -43.88504409790039 -62.64765548706055 
v -0.6954402923583984 -44.54787826538086 -60.217403411865234 
v -0.8010776042938232 -44.23958206176758 -59.7093391418457 
v -0.8010776042938232 -43.37635803222656 -60.57305145263672 
v -0.6954402923583984 -43.88504409790039 -60.869422912597656 
v -0.6954402923583984 -43.65382385253906 -61.75853729248047 
v -0.8010776042938232 -43.37636184692383 -62.944026947021484 
v -0.6954402923583984 -44.54787826538086 -63.2996711730957 
v -0.8010776042938232 -44.23958206176758 -63.8077392578125 
v -0.6954402923583984 -45.426513671875 -63.53676986694336 
v -0.8010776042938232 -45.426517486572266 -64.1295166015625 
v -0.8010776042938232 -46.61344528198242 -63.8077392578125 
v -0.8010776042938232 -43.052650451660156 -61.75853729248047 
v -2.0159060955047607 -41.97362518310547 -67.37267303466797 
v -6.539445400238037 -43.052650451660156 -61.75853729248047 
v 33.86750030517578 -16.972585678100586 -23.180992126464844 
v 33.1029167175293 -16.625364303588867 -23.180992126464844 
v 33.86750030517578 -17.5628719329834 -18.66706085205078 
v 33.1029167175293 -17.233009338378906 -18.580251693725586 
v 33.86750030517578 -19.316356658935547 -14.46562385559082 
v 33.1029167175293 -19.003849029541016 -14.292007446289062 
v 33.86750030517578 -22.07680320739746 -10.854464530944824 
v 33.1029167175293 -21.8337459564209 -10.611420631408691 
v 33.86750030517578 -25.687950134277344 -8.094029426574707 
v 33.1029167175293 -25.514345169067383 -7.781534194946289 
v 33.86750030517578 -29.889385223388672 -6.340531349182129 
v 33.1029167175293 -29.802589416503906 -6.010679244995117 
v 33.86750030517578 -34.38597106933594 -5.750254154205322 
v 33.1029167175293 -34.38597106933594 -5.403021335601807 
v 33.86750030517578 -38.89990234375 -6.340529918670654 
v 33.1029167175293 -38.98670959472656 -6.010677814483643 
v 33.86750030517578 -43.10133743286133 -8.094026565551758 
v 33.1029167175293 -43.27495574951172 -7.78153133392334 
v 33.86750030517578 -46.712486267089844 -10.854459762573242 
v 33.1029167175293 -46.955543518066406 -10.61141586303711 
v 33.86750030517578 -49.47293472290039 -14.465619087219238 
v 33.1029167175293 -49.78544235229492 -14.29200267791748 
v 33.86750030517578 -51.22643280029297 -18.667055130004883 
v 33.1029167175293 -51.556297302246094 -18.580245971679688 
v 33.86750030517578 -51.816707611083984 -23.180986404418945 
v 33.1029167175293 -52.1639404296875 -23.180986404418945 
v 33.86750030517578 -51.22643280029297 -27.677560806274414 
v 33.1029167175293 -51.556297302246094 -27.764368057250977 
v 33.86750030517578 -49.47293472290039 -31.878995895385742 
v 33.1029167175293 -49.78544235229492 -32.0526123046875 
v 33.86750030517578 -46.71249008178711 -35.49015808105469 
v 33.1029167175293 -46.95554733276367 -35.73322296142578 
v 33.86750030517578 -43.10134506225586 -38.25059127807617 
v 33.1029167175293 -43.274959564208984 -38.5631103515625 
v 33.86750030517578 -38.89990997314453 -40.00408935546875 
v 33.1029167175293 -38.986717224121094 -40.33396530151367 
v 33.86750030517578 -34.38597869873047 -40.594390869140625 
v 33.1029167175293 -34.38597869873047 -40.94160079956055 
v 33.86750030517578 -29.88939094543457 -40.00408935546875 
v 33.1029167175293 -29.802595138549805 -40.33396530151367 
v 33.86750030517578 -25.68795394897461 -38.25059509277344 
v 33.1029167175293 -25.51435089111328 -38.563114166259766 
v 33.86750030517578 -22.076807022094727 -35.49016189575195 
v 33.1029167175293 -21.833751678466797 -35.73322677612305 
v 33.86750030517578 -19.316360473632812 -31.87900161743164 
v 33.1029167175293 -19.00385284423828 -32.05261993408203 
v 33.86750030517578 -17.56287384033203 -27.677566528320312 
v 33.1029167175293 -17.233009338378906 -27.764373779296875 
v 33.86750030517578 -16.972585678100586 -23.180992126464844 
v 33.1029167175293 -16.625364303588867 -23.180992126464844 
v 2.8323562145233154 -17.233009338378906 -18.580251693725586 
v 2.8323562145233154 -19.003849029541016 -14.292007446289062 
v 2.8323562145233154 -21.8337459564209 -10.611420631408691 
v 2.8323562145233154 -25.514345169067383 -7.781534194946289 
v 2.8323562145233154 -29.802589416503906 -6.010679244995117 
v 2.8323562145233154 -34.40332794189453 -5.403021335601807 
v 2.8323562145233154 -38.98670959472656 -6.010677814483643 
v 2.8323562145233154 -43.27495574951172 -7.78153133392334 
v 2.8323562145233154 -46.955543518066406 -10.61141586303711 
v 2.8323562145233154 -49.78544235229492 -14.29200267791748 
v 2.8323562145233154 -51.556297302246094 -18.580245971679688 
v 2.8323562145233154 -52.1639404296875 -23.180986404418945 
v 2.8323562145233154 -51.556297302246094 -27.764368057250977 
v 2.8323562145233154 -49.78544235229492 -32.0526123046875 
v 2.8323562145233154 -46.95554733276367 -35.73322296142578 
v 2.8323562145233154 -43.274959564208984 -38.5631103515625 
v 2.8323562145233154 -38.986717224121094 -40.33396530151367 
v 2.8323562145233154 -34.38597869873047 -40.94160079956055 
v 2.8323562145233154 -29.802595138549805 -40.33396530151367 
v 2.8323562145233154 -25.51435089111328 -38.563114166259766 
v 2.8323562145233154 -21.833751678466797 -35.73322677612305 
v 2.8323562145233154 -19.00385284423828 -32.05261993408203 
v 2.8323562145233154 -17.233009338378906 -27.764373779296875 
v 2.8323562145233154 -16.625364303588867 -23.180992126464844 
v 0.017298312857747078 -19.003849029541016 -14.292007446289062 
v 0.017298312857747078 -21.8337459564209 -10.611420631408691 
v 0.017298312857747078 -25.514345169067383 -7.781534194946289 
v 0.017298312857747078 -29.802589416503906 -6.010679244995117 
v 0.017298312857747078 -34.40332794189453 -5.403021335601807 
v 0.017298312857747078 -38.98670959472656 -6.010677814483643 
v 0.017298312857747078 -43.27495574951172 -7.78153133392334 
v 0.017298312857747078 -46.955543518066406 -10.61141586303711 
v 0.017298312857747078 -49.78544235229492 -14.29200267791748 
v 0.017298312857747078 -51.556297302246094 -18.580245971679688 
v 0.017298312857747078 -52.1639404296875 -23.180986404418945 
v 0.017298312857747078 -51.556297302246094 -27.764368057250977 
v 0.017298312857747078 -49.78544235229492 -32.0526123046875 
v 0.017298312857747078 -46.95554733276367 -35.73322296142578 
v 0.017298312857747078 -43.274959564208984 -38.5631103515625 
v 0.017298312857747078 -38.986717224121094 -40.33396530151367 
v 0.017298312857747078 -34.38597869873047 -40.94160079956055 
v 0.017298312857747078 -29.802595138549805 -40.33396530151367 
v 0.017298312857747078 -25.51435089111328 -38.563114166259766 
v 0.017298312857747078 -21.833751678466797 -35.73322677612305 
v 0.017298312857747078 -19.00385284423828 -32.05261993408203 
v 0.017298312857747078 -17.233009338378906 -27.764373779296875 
v 0.017298312857747078 -16.625364303588867 -23.180992126464844 
v -2.8325133323669434 -19.003849029541016 -14.292007446289062 
v -2.8325133323669434 -21.8337459564209 -10.611420631408691 
v -2.8325133323669434 -25.514345169067383 -7.781534194946289 
v -2.8325133323669434 -29.802589416503906 -6.010679244995117 
v -2.8325133323669434 -34.40332794189453 -5.403021335601807 
v -2.8325133323669434 -38.98670959472656 -6.010677814483643 
v -2.8325133323669434 -43.27495574951172 -7.78153133392334 
v -2.8325133323669434 -46.955543518066406 -10.61141586303711 
v -2.8325133323669434 -49.78544235229492 -14.29200267791748 
v -2.8325133323669434 -51.556297302246094 -18.580245971679688 
v -2.8325133323669434 -52.1639404296875 -23.180986404418945 
v -2.8325133323669434 -51.556297302246094 -27.764368057250977 
v -2.8325133323669434 -49.78544235229492 -32.0526123046875 
v -2.8325133323669434 -46.95554733276367 -35.73322296142578 
v -2.8325133323669434 -43.274959564208984 -38.5631103515625 
v -2.8325133323669434 -38.986717224121094 -40.33396530151367 
v -2.8325133323669434 -34.38597869873047 -40.94160079956055 
v -2.8325133323669434 -29.802595138549805 -40.33396530151367 
v -2.8325133323669434 -25.51435089111328 -38.563114166259766 
v -2.8325133323669434 -21.833751678466797 -35.73322677612305 
v -2.8325133323669434 -19.00385284423828 -32.05261993408203 
v -2.8325133323669434 -17.233009338378906 -27.764373779296875 
v -2.8325133323669434 -16.625364303588867 -23.180992126464844 
v -33.10307312011719 -19.003849029541016 -14.292007446289062 
v -33.10307312011719 -21.8337459564209 -10.611420631408691 
v -33.10307312011719 -25.514345169067383 -7.781534194946289 
v -33.10307312011719 -29.802589416503906 -6.010679244995117 
v -33.10307312011719 -34.38597106933594 -5.403021335601807 
v -33.10307312011719 -38.98670959472656 -6.010677814483643 
v -33.10307312011719 -43.27495574951172 -7.78153133392334 
v -33.10307312011719 -46.955543518066406 -10.61141586303711 
v -33.10307312011719 -49.78544235229492 -14.29200267791748 
v -33.10307312011719 -51.556297302246094 -18.580245971679688 
v -33.10307312011719 -52.1639404296875 -23.180986404418945 
v -33.10307312011719 -51.556297302246094 -27.764368057250977 
v -33.10307312011719 -49.78544235229492 -32.0526123046875 
v -33.10307312011719 -46.95554733276367 -35.73322296142578 
v -33.10307312011719 -43.274959564208984 -38.5631103515625 
v -33.10307312011719 -38.986717224121094 -40.33396530151367 
v -33.10307312011719 -34.38597869873047 -40.94160079956055 
v -33.10307312011719 -29.802595138549805 -40.33396530151367 
v -33.10307312011719 -25.51435089111328 -38.563114166259766 
v -33.10307312011719 -21.833751678466797 -35.73322677612305 
v -33.10307312011719 -19.00385284423828 -32.05261993408203 
v -33.10307312011719 -17.233009338378906 -27.764373779296875 
v -33.10307312011719 -16.625364303588867 -23.180992126464844 
v -33.86765670776367 -22.07680320739746 -10.854464530944824 
v -33.86765670776367 -25.687950134277344 -8.094029426574707 
v -33.86765670776367 -29.889385223388672 -6.340531349182129 
v -33.86765670776367 -34.38597106933594 -5.750254154205322 
v -33.86765670776367 -38.89990234375 -6.340529918670654 
v -33.86765670776367 -43.10133743286133 -8.094026565551758 
v -33.86765670776367 -46.712486267089844 -10.854459762573242 
v -33.86765670776367 -49.47293472290039 -14.465619087219238 
v -33.86765670776367 -51.22643280029297 -18.667055130004883 
v -33.86765670776367 -51.816707611083984 -23.180986404418945 
v -33.86765670776367 -51.22643280029297 -27.677560806274414 
v -33.86765670776367 -49.47293472290039 -31.878995895385742 
v -33.86765670776367 -46.71249008178711 -35.49015808105469 
v -33.86765670776367 -43.10134506225586 -38.25059127807617 
v -33.86765670776367 -38.89990997314453 -40.00408935546875 
v -33.86765670776367 -34.38597869873047 -40.594390869140625 
v -33.86765670776367 -29.88939094543457 -40.00408935546875 
v -33.86765670776367 -25.68795394897461 -38.25059509277344 
v -33.86765670776367 -22.076807022094727 -35.49016189575195 
v -33.86765670776367 -19.316360473632812 -31.87900161743164 
v -33.86765670776367 -17.56287384033203 -27.677566528320312 
v -33.86765670776367 -16.972585678100586 -23.180992126464844 
v -33.86765670776367 -19.316356658935547 -14.46562385559082 
v -33.10307312011719 -17.233009338378906 -18.580251693725586 
v -33.86765670776367 -17.5628719329834 -18.66706085205078 
v -33.10307312011719 -16.625364303588867 -23.180992126464844 
v -33.86765670776367 -16.972585678100586 -23.180992126464844 
v -2.8325133323669434 -17.233009338378906 -18.580251693725586 
v -2.8325133323669434 -16.625364303588867 -23.180992126464844 
v 0.017298312857747078 -17.233009338378906 -18.580251693725586 
v 0.017298312857747078 -16.625364303588867 -23.180992126464844 
v 2.8323562145233154 -16.625364303588867 -23.180992126464844 
v 35.5704345703125 -28.847713470458984 -23.18099021911621 
v 30.35736656188965 -28.847713470458984 -23.18099021911621 
v 35.5704345703125 -29.038686752319336 -24.604610443115234 
v 30.35736656188965 -29.038686752319336 -24.604610443115234 
v 35.5704345703125 -29.594249725341797 -25.941448211669922 
v 30.35736656188965 -29.594249725341797 -25.941448211669922 
v 35.5704345703125 -30.479677200317383 -27.08728790283203 
v 30.35736656188965 -30.479677200317383 -27.08728790283203 
v 35.5704345703125 -31.625516891479492 -27.97272491455078 
v 30.35736656188965 -31.625516891479492 -27.97272491455078 
v 35.5704345703125 -32.96234130859375 -28.52826499938965 
v 30.35736656188965 -32.96234130859375 -28.52826499938965 
v 35.5704345703125 -34.3859748840332 -28.71923828125 
v 30.35736656188965 -34.3859748840332 -28.71923828125 
v 35.5704345703125 -35.82695388793945 -28.52826499938965 
v 30.35736656188965 -35.82695388793945 -28.52826499938965 
v 35.5704345703125 -37.16377639770508 -27.97272491455078 
v 30.35736656188965 -37.16377639770508 -27.97272491455078 
v 35.5704345703125 -38.30961608886719 -27.0872859954834 
v 30.35736656188965 -38.30961608886719 -27.0872859954834 
v 35.5704345703125 -39.195045471191406 -25.94144630432129 
v 30.35736656188965 -39.195045471191406 -25.94144630432129 
v 35.5704345703125 -39.750606536865234 -24.6046085357666 
v 30.35736656188965 -39.750606536865234 -24.6046085357666 
v 35.5704345703125 -39.94158172607422 -23.180988311767578 
v 30.35736656188965 -39.94158172607422 -23.180988311767578 
v 35.5704345703125 -39.750606536865234 -21.740009307861328 
v 30.35736656188965 -39.750606536865234 -21.740009307861328 
v 35.5704345703125 -39.195045471191406 -20.403196334838867 
v 30.35736656188965 -39.195045471191406 -20.403196334838867 
v 35.5704345703125 -38.30961608886719 -19.257333755493164 
v 30.35736656188965 -38.30961608886719 -19.257333755493164 
v 35.5704345703125 -37.16377639770508 -18.371917724609375 
v 30.35736656188965 -37.16377639770508 -18.371917724609375 
v 35.5704345703125 -35.82695007324219 -17.816356658935547 
v 30.35736656188965 -35.82695007324219 -17.816356658935547 
v 35.5704345703125 -34.3859748840332 -17.625383377075195 
v 30.35736656188965 -34.3859748840332 -17.625383377075195 
v 35.5704345703125 -32.96234130859375 -17.816356658935547 
v 30.35736656188965 -32.96234130859375 -17.816356658935547 
v 35.5704345703125 -31.62551498413086 -18.371919631958008 
v 30.35736656188965 -31.62551498413086 -18.371919631958008 
v 35.5704345703125 -30.47967529296875 -19.257335662841797 
v 30.35736656188965 -30.47967529296875 -19.257335662841797 
v 35.5704345703125 -29.594249725341797 -20.4031982421875 
v 30.35736656188965 -29.594249725341797 -20.4031982421875 
v 35.5704345703125 -29.038686752319336 -21.74001121520996 
v 30.35736656188965 -29.038686752319336 -21.74001121520996 
v 35.5704345703125 -28.847713470458984 -23.18099021911621 
v 30.35736656188965 -28.847713470458984 -23.18099021911621 
v 30.35736656188965 -34.3859748840332 -17.625383377075195 
v 30.35736656188965 -35.82695007324219 -17.816356658935547 
v 30.35736656188965 -32.96234130859375 -17.816356658935547 
v 30.35736656188965 -37.16377639770508 -18.371917724609375 
v 30.35736656188965 -31.62551498413086 -18.371919631958008 
v 30.35736656188965 -38.30961608886719 -19.257333755493164 
v 30.35736656188965 -30.47967529296875 -19.257335662841797 
v 30.35736656188965 -39.195045471191406 -20.403196334838867 
v 30.35736656188965 -29.594249725341797 -20.4031982421875 
v 30.35736656188965 -39.750606536865234 -21.740009307861328 
v 30.35736656188965 -29.038686752319336 -21.74001121520996 
v 30.35736656188965 -39.94158172607422 -23.180988311767578 
v 30.35736656188965 -28.847713470458984 -23.18099021911621 
v 30.35736656188965 -39.750606536865234 -24.6046085357666 
v 30.35736656188965 -29.038686752319336 -24.604610443115234 
v 30.35736656188965 -39.195045471191406 -25.94144630432129 
v 30.35736656188965 -29.594249725341797 -25.941448211669922 
v 30.35736656188965 -30.479677200317383 -27.08728790283203 
v 30.35736656188965 -38.30961608886719 -27.0872859954834 
v 30.35736656188965 -37.16377639770508 -27.97272491455078 
v 30.35736656188965 -31.625516891479492 -27.97272491455078 
v 30.35736656188965 -35.82695388793945 -28.52826499938965 
v 30.35736656188965 -32.96234130859375 -28.52826499938965 
v 30.35736656188965 -34.3859748840332 -28.71923828125 
v -30.35752296447754 -34.3859748840332 -17.625383377075195 
v -30.35752296447754 -32.96234130859375 -17.816356658935547 
v -30.35752296447754 -35.82695007324219 -17.816356658935547 
v -30.35752296447754 -31.62551498413086 -18.371919631958008 
v -30.35752296447754 -37.16377639770508 -18.371917724609375 
v -30.35752296447754 -30.47967529296875 -19.257335662841797 
v -30.35752296447754 -38.30961608886719 -19.257333755493164 
v -30.35752296447754 -29.594249725341797 -20.4031982421875 
v -30.35752296447754 -39.195045471191406 -20.403196334838867 
v -30.35752296447754 -29.038686752319336 -21.74001121520996 
v -30.35752296447754 -39.750606536865234 -21.740009307861328 
v -30.35752296447754 -28.847713470458984 -23.18099021911621 
v -30.35752296447754 -39.94158172607422 -23.180988311767578 
v -30.35752296447754 -29.038686752319336 -24.604610443115234 
v -30.35752296447754 -39.750606536865234 -24.6046085357666 
v -30.35752296447754 -29.594249725341797 -25.941448211669922 
v -30.35752296447754 -39.195045471191406 -25.94144630432129 
v -30.35752296447754 -30.479677200317383 -27.08728790283203 
v -30.35752296447754 -38.30961608886719 -27.0872859954834 
v -30.35752296447754 -31.625516891479492 -27.97272491455078 
v -30.35752296447754 -37.16377639770508 -27.97272491455078 
v -30.35752296447754 -32.96234130859375 -28.52826499938965 
v -30.35752296447754 -35.82695388793945 -28.52826499938965 
v -30.35752296447754 -34.3859748840332 -28.71923828125 
v -30.35752296447754 -28.847713470458984 -23.18099021911621 
v -30.35752296447754 -29.038686752319336 -21.74001121520996 
v -35.57059097290039 -28.847713470458984 -23.18099021911621 
v -35.57059097290039 -29.038686752319336 -21.74001121520996 
v -30.35752296447754 -29.594249725341797 -20.4031982421875 
v -35.57059097290039 -29.594249725341797 -20.4031982421875 
v -30.35752296447754 -30.47967529296875 -19.257335662841797 
v -35.57059097290039 -30.47967529296875 -19.257335662841797 
v -30.35752296447754 -31.62551498413086 -18.371919631958008 
v -35.57059097290039 -31.62551498413086 -18.371919631958008 
v -30.35752296447754 -32.96234130859375 -17.816356658935547 
v -35.57059097290039 -32.96234130859375 -17.816356658935547 
v -30.35752296447754 -34.3859748840332 -17.625383377075195 
v -35.57059097290039 -34.3859748840332 -17.625383377075195 
v -30.35752296447754 -35.82695007324219 -17.816356658935547 
v -35.57059097290039 -35.82695007324219 -17.816356658935547 
v -30.35752296447754 -37.16377639770508 -18.371917724609375 
v -35.57059097290039 -37.16377639770508 -18.371917724609375 
v -30.35752296447754 -38.30961608886719 -19.257333755493164 
v -35.57059097290039 -38.30961608886719 -19.257333755493164 
v -30.35752296447754 -39.195045471191406 -20.403196334838867 
v -35.57059097290039 -39.195045471191406 -20.403196334838867 
v -30.35752296447754 -39.750606536865234 -21.740009307861328 
v -35.57059097290039 -39.750606536865234 -21.740009307861328 
v -30.35752296447754 -39.94158172607422 -23.180988311767578 
v -35.57059097290039 -39.94158172607422 -23.180988311767578 
v -30.35752296447754 -39.750606536865234 -24.6046085357666 
v -35.57059097290039 -39.750606536865234 -24.6046085357666 
v -30.35752296447754 -39.195045471191406 -25.94144630432129 
v -35.57059097290039 -39.195045471191406 -25.94144630432129 
v -30.35752296447754 -38.30961608886719 -27.0872859954834 
v -35.57059097290039 -38.30961608886719 -27.0872859954834 
v -30.35752296447754 -37.16377639770508 -27.97272491455078 
v -35.57059097290039 -37.16377639770508 -27.97272491455078 
v -30.35752296447754 -35.82695388793945 -28.52826499938965 
v -35.57059097290039 -35.82695388793945 -28.52826499938965 
v -30.35752296447754 -34.3859748840332 -28.71923828125 
v -35.57059097290039 -34.3859748840332 -28.71923828125 
v -30.35752296447754 -32.96234130859375 -28.52826499938965 
v -35.57059097290039 -32.96234130859375 -28.52826499938965 
v -30.35752296447754 -31.625516891479492 -27.97272491455078 
v -35.57059097290039 -31.625516891479492 -27.97272491455078 
v -30.35752296447754 -30.479677200317383 -27.08728790283203 
v -35.57059097290039 -30.479677200317383 -27.08728790283203 
v -30.35752296447754 -29.594249725341797 -25.941448211669922 
v -35.57059097290039 -29.594249725341797 -25.941448211669922 
v -30.35752296447754 -29.038686752319336 -24.604610443115234 
v -35.57059097290039 -29.038686752319336 -24.604610443115234 
v -30.35752296447754 -28.847713470458984 -23.18099021911621 
v -35.57059097290039 -28.847713470458984 -23.18099021911621 
v 33.86750030517578 -29.889385223388672 -6.340531349182129 
v 34.632083892822266 -30.115083694458008 -7.17387580871582 
v 33.86750030517578 -25.687950134277344 -8.094029426574707 
v 34.632083892822266 -26.10462188720703 -8.823208808898926 
v 33.86750030517578 -22.07680320739746 -10.854464530944824 
v 34.632083892822266 -22.6844482421875 -11.46212100982666 
v 33.86750030517578 -19.316356658935547 -14.46562385559082 
v 34.632083892822266 -20.045536041259766 -14.882284164428711 
v 33.86750030517578 -17.5628719329834 -18.66706085205078 
v 34.632083892822266 -18.39620590209961 -18.89274787902832 
v 33.86750030517578 -16.972585678100586 -23.180992126464844 
v 34.632083892822266 -17.823286056518555 -23.180992126464844 
v 33.86750030517578 -17.56287384033203 -27.677566528320312 
v 34.632083892822266 -18.39620590209961 -27.451879501342773 
v 33.86750030517578 -19.316360473632812 -31.87900161743164 
v 34.632083892822266 -20.04553985595703 -31.46234130859375 
v 33.86750030517578 -22.076807022094727 -35.49016189575195 
v 34.632083892822266 -22.684452056884766 -34.882503509521484 
v 33.86750030517578 -25.68795394897461 -38.25059509277344 
v 34.632083892822266 -26.104625701904297 -37.52143859863281 
v 33.86750030517578 -29.88939094543457 -40.00408935546875 
v 34.632083892822266 -30.115089416503906 -39.170745849609375 
v 33.86750030517578 -34.38597869873047 -40.594390869140625 
v 34.632083892822266 -34.38597869873047 -39.7436637878418 
v 33.86750030517578 -38.89990997314453 -40.00408935546875 
v 34.632083892822266 -38.67420959472656 -39.170745849609375 
v 33.86750030517578 -43.10134506225586 -38.25059127807617 
v 34.632083892822266 -42.68467330932617 -37.52143478393555 
v 33.86750030517578 -46.71249008178711 -35.49015808105469 
v 34.632083892822266 -46.1048469543457 -34.88249969482422 
v 33.86750030517578 -49.47293472290039 -31.878995895385742 
v 34.632083892822266 -48.743770599365234 -31.46233558654785 
v 33.86750030517578 -51.22643280029297 -27.677560806274414 
v 34.632083892822266 -50.393089294433594 -27.451873779296875 
v 33.86750030517578 -51.816707611083984 -23.180986404418945 
v 34.632083892822266 -50.966007232666016 -23.180986404418945 
v 33.86750030517578 -51.22643280029297 -18.667055130004883 
v 34.632083892822266 -50.39308547973633 -18.892742156982422 
v 33.86750030517578 -49.47293472290039 -14.465619087219238 
v 34.632083892822266 -48.74376678466797 -14.882279396057129 
v 33.86750030517578 -46.712486267089844 -10.854459762573242 
v 34.632083892822266 -46.10484313964844 -11.462117195129395 
v 33.86750030517578 -43.10133743286133 -8.094026565551758 
v 34.632083892822266 -42.68466567993164 -8.823205947875977 
v 33.86750030517578 -38.89990234375 -6.340529918670654 
v 34.632083892822266 -38.6742057800293 -7.173874378204346 
v 33.86750030517578 -34.38597106933594 -5.750254154205322 
v 34.632083892822266 -34.38597106933594 -6.600955486297607 
v 34.632083892822266 -34.38597106933594 -8.684304237365723 
v 34.632083892822266 -30.653291702270508 -9.187797546386719 
v 34.632083892822266 -27.14630889892578 -10.628776550292969 
v 34.632083892822266 -24.16016387939453 -12.937836647033691 
v 34.632083892822266 -21.851104736328125 -15.923982620239258 
v 34.632083892822266 -20.410127639770508 -19.430952072143555 
v 34.632083892822266 -19.906646728515625 -23.18099021911621 
v 34.632083892822266 -20.410127639770508 -26.913671493530273 
v 34.632083892822266 -21.851106643676758 -30.420665740966797 
v 34.632083892822266 -24.160167694091797 -33.40681076049805 
v 34.632083892822266 -27.146312713623047 -35.71584701538086 
v 34.632083892822266 -30.653295516967773 -37.1568489074707 
v 34.632083892822266 -34.3859748840332 -37.660316467285156 
v 34.632083892822266 -38.13601303100586 -37.15684509277344 
v 34.632083892822266 -41.64299774169922 -35.715843200683594 
v 34.632083892822266 -44.62914276123047 -33.40680694580078 
v 34.632083892822266 -46.93819046020508 -30.42066192626953 
v 34.632083892822266 -48.37917709350586 -26.913667678833008 
v 34.632083892822266 -48.882659912109375 -23.180986404418945 
v 34.632083892822266 -48.37917709350586 -19.43094825744629 
v 34.632083892822266 -46.93818664550781 -15.923977851867676 
v 34.632083892822266 -44.6291389465332 -12.937833786010742 
v 34.632083892822266 -41.64299392700195 -10.62877368927002 
v 34.632083892822266 -38.136009216308594 -9.187796592712402 
v -31.156858444213867 -44.6291389465332 -12.937833786010742 
v -31.156858444213867 -45.32359313964844 -16.861488342285156 
v -31.156858444213867 -46.93818664550781 -15.923977851867676 
v -31.156858444213867 -46.590965270996094 -19.899703979492188 
v -31.156858444213867 -48.37917709350586 -19.43094825744629 
v -31.156858444213867 -47.00764083862305 -23.180986404418945 
v -31.156858444213867 -48.882659912109375 -23.180986404418945 
v -31.156858444213867 -46.59096908569336 -26.444913864135742 
v -31.156858444213867 -48.37917709350586 -26.913667678833008 
v -31.156858444213867 -45.32359313964844 -29.483152389526367 
v -31.156858444213867 -46.93819046020508 -30.42066192626953 
v -31.156858444213867 -43.32704162597656 -32.10470962524414 
v -31.156858444213867 -44.62914276123047 -33.40680694580078 
v -31.156858444213867 -40.70548629760742 -34.10124969482422 
v -31.156858444213867 -41.64299774169922 -35.715843200683594 
v -31.156858444213867 -37.667259216308594 -35.36863708496094 
v -31.156858444213867 -38.13601303100586 -37.15684509277344 
v -31.156858444213867 -34.3859748840332 -35.78529739379883 
v -31.156858444213867 -34.3859748840332 -37.660316467285156 
v -31.156858444213867 -31.12204933166504 -35.36863708496094 
v -31.156858444213867 -30.653295516967773 -37.1568489074707 
v -31.156858444213867 -28.08382225036621 -34.101253509521484 
v -31.156858444213867 -27.146312713623047 -35.71584701538086 
v -31.156858444213867 -25.46226692199707 -32.10470962524414 
v -31.156858444213867 -24.160167694091797 -33.40681076049805 
v -31.156858444213867 -23.465713500976562 -29.483156204223633 
v -31.156858444213867 -21.851106643676758 -30.420665740966797 
v -31.156858444213867 -22.198339462280273 -26.444917678833008 
v -31.156858444213867 -20.410127639770508 -26.913671493530273 
v -31.156858444213867 -21.781665802001953 -23.18099021911621 
v -31.156858444213867 -19.906646728515625 -23.18099021911621 
v -31.156858444213867 -22.19833755493164 -19.899707794189453 
v -31.156858444213867 -20.410127639770508 -19.430952072143555 
v -31.156858444213867 -23.46571159362793 -16.861492156982422 
v -31.156858444213867 -21.851104736328125 -15.923982620239258 
v -31.156858444213867 -25.462263107299805 -14.239935874938965 
v -31.156858444213867 -24.16016387939453 -12.937836647033691 
v -31.156858444213867 -28.083818435668945 -12.243370056152344 
v -31.156858444213867 -27.14630889892578 -10.628776550292969 
v -31.156858444213867 -31.122045516967773 -10.976008415222168 
v -31.156858444213867 -30.653291702270508 -9.187797546386719 
v -31.156858444213867 -34.38597106933594 -10.55932331085205 
v -31.156858444213867 -34.38597106933594 -8.684304237365723 
v -31.156858444213867 -37.66725540161133 -10.976007461547852 
v -31.156858444213867 -38.136009216308594 -9.187796592712402 
v -31.156858444213867 -40.705482482910156 -12.243368148803711 
v -31.156858444213867 -41.64299392700195 -10.62877368927002 
v -31.156858444213867 -43.3270378112793 -14.239933013916016 
v 31.15670394897461 -21.851106643676758 -30.420665740966797 
v 31.15670394897461 -23.465713500976562 -29.483156204223633 
v 31.15670394897461 -24.160167694091797 -33.40681076049805 
v 31.15670394897461 -25.46226692199707 -32.10470962524414 
v 31.15670394897461 -27.146312713623047 -35.71584701538086 
v 31.15670394897461 -28.08382225036621 -34.101253509521484 
v 31.15670394897461 -30.653295516967773 -37.1568489074707 
v 31.15670394897461 -31.12204933166504 -35.36863708496094 
v 31.15670394897461 -34.3859748840332 -37.660316467285156 
v 31.15670394897461 -34.3859748840332 -35.78529739379883 
v 31.15670394897461 -38.13601303100586 -37.15684509277344 
v 31.15670394897461 -37.667259216308594 -35.36863708496094 
v 31.15670394897461 -41.64299774169922 -35.715843200683594 
v 31.15670394897461 -40.70548629760742 -34.10124969482422 
v 31.15670394897461 -44.62914276123047 -33.40680694580078 
v 31.15670394897461 -43.32704162597656 -32.10470962524414 
v 31.15670394897461 -46.93819046020508 -30.42066192626953 
v 31.15670394897461 -45.32359313964844 -29.483152389526367 
v 31.15670394897461 -48.37917709350586 -26.913667678833008 
v 31.15670394897461 -46.59096908569336 -26.444913864135742 
v 31.15670394897461 -48.882659912109375 -23.180986404418945 
v 31.15670394897461 -47.00764083862305 -23.180986404418945 
v 31.15670394897461 -48.37917709350586 -19.43094825744629 
v 31.15670394897461 -46.590965270996094 -19.899703979492188 
v 31.15670394897461 -46.93818664550781 -15.923977851867676 
v 31.15670394897461 -45.32359313964844 -16.861488342285156 
v 31.15670394897461 -44.6291389465332 -12.937833786010742 
v 31.15670394897461 -43.3270378112793 -14.239933013916016 
v 31.15670394897461 -41.64299392700195 -10.62877368927002 
v 31.15670394897461 -40.705482482910156 -12.243368148803711 
v 31.15670394897461 -38.136009216308594 -9.187796592712402 
v 31.15670394897461 -37.66725540161133 -10.976007461547852 
v 31.15670394897461 -34.38597106933594 -8.684304237365723 
v 31.15670394897461 -34.38597106933594 -10.55932331085205 
v 31.15670394897461 -30.653291702270508 -9.187797546386719 
v 31.15670394897461 -31.122045516967773 -10.976008415222168 
v 31.15670394897461 -27.14630889892578 -10.628776550292969 
v 31.15670394897461 -28.083818435668945 -12.243370056152344 
v 31.15670394897461 -24.16016387939453 -12.937836647033691 
v 31.15670394897461 -25.462263107299805 -14.239935874938965 
v 31.15670394897461 -21.851104736328125 -15.923982620239258 
v 31.15670394897461 -23.46571159362793 -16.861492156982422 
v 31.15670394897461 -20.410127639770508 -19.430952072143555 
v 31.15670394897461 -22.19833755493164 -19.899707794189453 
v 31.15670394897461 -19.906646728515625 -23.18099021911621 
v 31.15670394897461 -21.781665802001953 -23.18099021911621 
v 31.15670394897461 -20.410127639770508 -26.913671493530273 
v 31.15670394897461 -22.198339462280273 -26.444917678833008 
v -35.57059097290039 -37.16377639770508 -27.97272491455078 
v -35.57059097290039 -41.33049011230469 -30.108144760131836 
v -35.57059097290039 -38.30961608886719 -27.0872859954834 
v -35.57059097290039 -42.89301300048828 -28.076889038085938 
v -35.57059097290039 -39.195045471191406 -25.94144630432129 
v -35.57059097290039 -43.865234375 -25.715734481811523 
v -35.57059097290039 -39.750606536865234 -24.6046085357666 
v -35.57059097290039 -44.195098876953125 -23.180986404418945 
v -35.57059097290039 -39.94158172607422 -23.180988311767578 
v -35.57059097290039 -43.865234375 -20.628883361816406 
v -35.57059097290039 -39.750606536865234 -21.740009307861328 
v -35.57059097290039 -42.893009185791016 -18.267751693725586 
v -35.57059097290039 -39.195045471191406 -20.403196334838867 
v -35.57059097290039 -41.33048629760742 -16.236474990844727 
v -35.57059097290039 -38.30961608886719 -19.257333755493164 
v -35.57059097290039 -39.29922103881836 -14.673951148986816 
v -35.57059097290039 -37.16377639770508 -18.371917724609375 
v -35.57059097290039 -36.93807601928711 -13.701727867126465 
v -35.57059097290039 -35.82695007324219 -17.816356658935547 
v -35.57059097290039 -34.38597106933594 -13.371851921081543 
v -35.57059097290039 -34.3859748840332 -17.625383377075195 
v -35.57059097290039 -31.851213455200195 -13.701728820800781 
v -35.57059097290039 -32.96234130859375 -17.816356658935547 
v -35.57059097290039 -29.490083694458008 -14.673952102661133 
v -35.57059097290039 -31.62551498413086 -18.371919631958008 
v -35.57059097290039 -27.458805084228516 -16.23647689819336 
v -35.57059097290039 -30.47967529296875 -19.257335662841797 
v -35.57059097290039 -25.89629364013672 -18.26775550842285 
v -35.57059097290039 -29.594249725341797 -20.4031982421875 
v -35.57059097290039 -24.92405891418457 -20.628887176513672 
v -35.57059097290039 -29.038686752319336 -21.74001121520996 
v -35.57059097290039 -24.594194412231445 -23.18099021911621 
v -35.57059097290039 -28.847713470458984 -23.18099021911621 
v -35.57059097290039 -24.92405891418457 -25.71573829650879 
v -35.57059097290039 -29.038686752319336 -24.604610443115234 
v -35.57059097290039 -25.89629554748535 -28.07689094543457 
v -35.57059097290039 -29.594249725341797 -25.941448211669922 
v -35.57059097290039 -27.45880699157715 -30.10814666748047 
v -35.57059097290039 -30.479677200317383 -27.08728790283203 
v -35.57059097290039 -29.49008560180664 -31.670669555664062 
v -35.57059097290039 -31.625516891479492 -27.97272491455078 
v -35.57059097290039 -31.85121726989746 -32.64289093017578 
v -35.57059097290039 -32.96234130859375 -28.52826499938965 
v -35.57059097290039 -34.3859748840332 -32.9727668762207 
v -35.57059097290039 -34.3859748840332 -28.71923828125 
v -35.57059097290039 -36.938079833984375 -32.64289093017578 
v -35.57059097290039 -35.82695388793945 -28.52826499938965 
v -35.57059097290039 -39.29922103881836 -31.67066764831543 
v -34.666996002197266 -42.771480560302734 -31.549144744873047 
v -34.666996002197266 -44.663856506347656 -29.101205825805664 
v -34.666996002197266 -45.84443283081055 -26.236583709716797 
v -34.666996002197266 -46.243736267089844 -23.180986404418945 
v -34.666996002197266 -45.84442901611328 -20.108034133911133 
v -34.666996002197266 -44.66385269165039 -17.24343490600586 
v -34.666996002197266 -42.77147674560547 -14.795495986938477 
v -34.666996002197266 -40.32353591918945 -12.903096199035645 
v -34.666996002197266 -37.45891571044922 -11.722543716430664 
v -34.666996002197266 -34.38597106933594 -11.323216438293457 
v -34.666996002197266 -31.33037567138672 -11.72254467010498 
v -34.666996002197266 -28.46576499938965 -12.903098106384277 
v -34.666996002197266 -26.017826080322266 -14.795498847961426 
v -34.666996002197266 -24.125438690185547 -17.243438720703125 
v -34.666996002197266 -22.944873809814453 -20.1080379486084 
v -34.666996002197266 -22.54555892944336 -23.18099021911621 
v -34.666996002197266 -22.944875717163086 -26.236587524414062 
v -34.666996002197266 -24.12544059753418 -29.10120964050293 
v -34.666996002197266 -26.01782989501953 -31.549148559570312 
v -34.666996002197266 -28.465768814086914 -33.441524505615234 
v -34.666996002197266 -31.330379486083984 -34.622100830078125 
v -34.666996002197266 -34.3859748840332 -35.02140426635742 
v -34.666996002197266 -37.45891571044922 -34.622100830078125 
v -34.666996002197266 -40.32353973388672 -33.44152069091797 
v -33.76339340209961 -43.11869812011719 -31.89635467529297 
v -33.76339340209961 -45.080528259277344 -29.344249725341797 
v -33.76339340209961 -46.31318664550781 -26.358104705810547 
v -33.76339340209961 -46.7298583984375 -23.180986404418945 
v -33.76339340209961 -46.31318664550781 -19.98651123046875 
v -33.76339340209961 -45.08052444458008 -17.0003662109375 
v -33.76339340209961 -43.11869812011719 -14.448263168334961 
v -33.76339340209961 -40.566593170166016 -12.486435890197754 
v -33.76339340209961 -37.580448150634766 -11.253788948059082 
v -33.76339340209961 -34.38597106933594 -10.837104797363281 
v -33.76339340209961 -31.20885467529297 -11.253789901733398 
v -33.76339340209961 -28.22270965576172 -12.486437797546387 
v -33.76339340209961 -25.67059326171875 -14.44826602935791 
v -33.76339340209961 -23.70876693725586 -17.000370025634766 
v -33.76339340209961 -22.476119995117188 -19.986515045166016 
v -33.76339340209961 -22.0594482421875 -23.18099021911621 
v -33.76339340209961 -22.476119995117188 -26.358108520507812 
v -33.76339340209961 -23.708768844604492 -29.344253540039062 
v -33.76339340209961 -25.670597076416016 -31.8963565826416 
v -33.76339340209961 -28.222713470458984 -33.858184814453125 
v -33.76339340209961 -31.208858489990234 -35.09085464477539 
v -33.76339340209961 -34.3859748840332 -35.50751495361328 
v -33.76339340209961 -37.58045196533203 -35.09085464477539 
v -33.76339340209961 -40.56659698486328 -33.85818099975586 
v -33.520118713378906 -43.32704162597656 -32.10470962524414 
v -33.520118713378906 -45.32359313964844 -29.483152389526367 
v -33.520118713378906 -46.59096908569336 -26.444913864135742 
v -33.520118713378906 -47.00764083862305 -23.180986404418945 
v -33.520118713378906 -46.590965270996094 -19.899703979492188 
v -33.520118713378906 -45.32359313964844 -16.861488342285156 
v -33.520118713378906 -43.3270378112793 -14.239933013916016 
v -33.520118713378906 -40.705482482910156 -12.243368148803711 
v -33.520118713378906 -37.66725540161133 -10.976007461547852 
v -33.520118713378906 -34.38597106933594 -10.55932331085205 
v -33.520118713378906 -31.122045516967773 -10.976008415222168 
v -33.520118713378906 -28.083818435668945 -12.243370056152344 
v -33.520118713378906 -25.462263107299805 -14.239935874938965 
v -33.520118713378906 -23.46571159362793 -16.861492156982422 
v -33.520118713378906 -22.19833755493164 -19.899707794189453 
v -33.520118713378906 -21.781665802001953 -23.18099021911621 
v -33.520118713378906 -22.198339462280273 -26.444917678833008 
v -33.520118713378906 -23.465713500976562 -29.483156204223633 
v -33.520118713378906 -25.46226692199707 -32.10470962524414 
v -33.520118713378906 -28.08382225036621 -34.101253509521484 
v -33.520118713378906 -31.12204933166504 -35.36863708496094 
v -33.520118713378906 -34.3859748840332 -35.78529739379883 
v -33.520118713378906 -37.667259216308594 -35.36863708496094 
v -33.520118713378906 -40.70548629760742 -34.10124969482422 
v -31.156858444213867 -43.32704162597656 -32.10470962524414 
v -31.156858444213867 -45.32359313964844 -29.483152389526367 
v -31.156858444213867 -46.59096908569336 -26.444913864135742 
v -31.156858444213867 -47.00764083862305 -23.180986404418945 
v -31.156858444213867 -46.590965270996094 -19.899703979492188 
v -31.156858444213867 -45.32359313964844 -16.861488342285156 
v -31.156858444213867 -43.3270378112793 -14.239933013916016 
v -31.156858444213867 -40.705482482910156 -12.243368148803711 
v -31.156858444213867 -37.66725540161133 -10.976007461547852 
v -31.156858444213867 -34.38597106933594 -10.55932331085205 
v -31.156858444213867 -31.122045516967773 -10.976008415222168 
v -31.156858444213867 -28.083818435668945 -12.243370056152344 
v -31.156858444213867 -25.462263107299805 -14.239935874938965 
v -31.156858444213867 -23.46571159362793 -16.861492156982422 
v -31.156858444213867 -22.19833755493164 -19.899707794189453 
v -31.156858444213867 -21.781665802001953 -23.18099021911621 
v -31.156858444213867 -22.198339462280273 -26.444917678833008 
v -31.156858444213867 -23.465713500976562 -29.483156204223633 
v -31.156858444213867 -25.46226692199707 -32.10470962524414 
v -31.156858444213867 -28.08382225036621 -34.101253509521484 
v -31.156858444213867 -31.12204933166504 -35.36863708496094 
v -31.156858444213867 -34.3859748840332 -35.78529739379883 
v -31.156858444213867 -37.667259216308594 -35.36863708496094 
v -31.156858444213867 -40.70548629760742 -34.10124969482422 
v 31.15670394897461 -46.93819046020508 -30.42066192626953 
v 34.632083892822266 -46.93819046020508 -30.42066192626953 
v 31.15670394897461 -44.62914276123047 -33.40680694580078 
v 34.632083892822266 -44.62914276123047 -33.40680694580078 
v 31.15670394897461 -41.64299774169922 -35.715843200683594 
v 34.632083892822266 -41.64299774169922 -35.715843200683594 
v 31.15670394897461 -38.13601303100586 -37.15684509277344 
v 34.632083892822266 -38.13601303100586 -37.15684509277344 
v 31.15670394897461 -34.3859748840332 -37.660316467285156 
v 34.632083892822266 -34.3859748840332 -37.660316467285156 
v 31.15670394897461 -30.653295516967773 -37.1568489074707 
v 34.632083892822266 -30.653295516967773 -37.1568489074707 
v 31.15670394897461 -27.146312713623047 -35.71584701538086 
v 34.632083892822266 -27.146312713623047 -35.71584701538086 
v 31.15670394897461 -24.160167694091797 -33.40681076049805 
v 34.632083892822266 -24.160167694091797 -33.40681076049805 
v 31.15670394897461 -21.851106643676758 -30.420665740966797 
v 34.632083892822266 -21.851106643676758 -30.420665740966797 
v 31.15670394897461 -20.410127639770508 -26.913671493530273 
v 34.632083892822266 -20.410127639770508 -26.913671493530273 
v 31.15670394897461 -19.906646728515625 -23.18099021911621 
v 34.632083892822266 -19.906646728515625 -23.18099021911621 
v 31.15670394897461 -20.410127639770508 -19.430952072143555 
v 34.632083892822266 -20.410127639770508 -19.430952072143555 
v 31.15670394897461 -21.851104736328125 -15.923982620239258 
v 34.632083892822266 -21.851104736328125 -15.923982620239258 
v 31.15670394897461 -24.16016387939453 -12.937836647033691 
v 34.632083892822266 -24.16016387939453 -12.937836647033691 
v 31.15670394897461 -27.14630889892578 -10.628776550292969 
v 34.632083892822266 -27.14630889892578 -10.628776550292969 
v 31.15670394897461 -30.653291702270508 -9.187797546386719 
v 34.632083892822266 -30.653291702270508 -9.187797546386719 
v 31.15670394897461 -34.38597106933594 -8.684304237365723 
v 34.632083892822266 -34.38597106933594 -8.684304237365723 
v 31.15670394897461 -38.136009216308594 -9.187796592712402 
v 34.632083892822266 -38.136009216308594 -9.187796592712402 
v 31.15670394897461 -41.64299392700195 -10.62877368927002 
v 34.632083892822266 -41.64299392700195 -10.62877368927002 
v 31.15670394897461 -44.6291389465332 -12.937833786010742 
v 34.632083892822266 -44.6291389465332 -12.937833786010742 
v 31.15670394897461 -46.93818664550781 -15.923977851867676 
v 34.632083892822266 -46.93818664550781 -15.923977851867676 
v 31.15670394897461 -48.37917709350586 -19.43094825744629 
v 34.632083892822266 -48.37917709350586 -19.43094825744629 
v 31.15670394897461 -48.882659912109375 -23.180986404418945 
v 34.632083892822266 -48.882659912109375 -23.180986404418945 
v 31.15670394897461 -48.37917709350586 -26.913667678833008 
v 34.632083892822266 -48.37917709350586 -26.913667678833008 
v -34.632240295410156 -38.136009216308594 -9.187796592712402 
v -34.632240295410156 -34.38597106933594 -6.600955486297607 
v -34.632240295410156 -34.38597106933594 -8.684304237365723 
v -34.632240295410156 -30.115083694458008 -7.17387580871582 
v -34.632240295410156 -30.653291702270508 -9.187797546386719 
v -34.632240295410156 -26.10462188720703 -8.823208808898926 
v -34.632240295410156 -27.14630889892578 -10.628776550292969 
v -34.632240295410156 -22.6844482421875 -11.46212100982666 
v -34.632240295410156 -24.16016387939453 -12.937836647033691 
v -34.632240295410156 -20.045536041259766 -14.882284164428711 
v -34.632240295410156 -21.851104736328125 -15.923982620239258 
v -34.632240295410156 -18.39620590209961 -18.89274787902832 
v -34.632240295410156 -20.410127639770508 -19.430952072143555 
v -34.632240295410156 -17.823286056518555 -23.180992126464844 
v -34.632240295410156 -19.906646728515625 -23.18099021911621 
v -34.632240295410156 -18.39620590209961 -27.451879501342773 
v -34.632240295410156 -20.410127639770508 -26.913671493530273 
v -34.632240295410156 -20.04553985595703 -31.46234130859375 
v -34.632240295410156 -21.851106643676758 -30.420665740966797 
v -34.632240295410156 -22.684452056884766 -34.882503509521484 
v -34.632240295410156 -24.160167694091797 -33.40681076049805 
v -34.632240295410156 -26.104625701904297 -37.52143859863281 
v -34.632240295410156 -27.146312713623047 -35.71584701538086 
v -34.632240295410156 -30.115089416503906 -39.170745849609375 
v -34.632240295410156 -30.653295516967773 -37.1568489074707 
v -34.632240295410156 -34.38597869873047 -39.7436637878418 
v -34.632240295410156 -34.3859748840332 -37.660316467285156 
v -34.632240295410156 -38.67420959472656 -39.170745849609375 
v -34.632240295410156 -38.13601303100586 -37.15684509277344 
v -34.632240295410156 -42.68467330932617 -37.52143478393555 
v -34.632240295410156 -41.64299774169922 -35.715843200683594 
v -34.632240295410156 -46.1048469543457 -34.88249969482422 
v -34.632240295410156 -44.62914276123047 -33.40680694580078 
v -34.632240295410156 -48.743770599365234 -31.46233558654785 
v -34.632240295410156 -46.93819046020508 -30.42066192626953 
v -34.632240295410156 -50.393089294433594 -27.451873779296875 
v -34.632240295410156 -48.37917709350586 -26.913667678833008 
v -34.632240295410156 -50.966007232666016 -23.180986404418945 
v -34.632240295410156 -48.882659912109375 -23.180986404418945 
v -34.632240295410156 -50.39308547973633 -18.892742156982422 
v -34.632240295410156 -48.37917709350586 -19.43094825744629 
v -34.632240295410156 -48.74376678466797 -14.882279396057129 
v -34.632240295410156 -46.93818664550781 -15.923977851867676 
v -34.632240295410156 -46.10484313964844 -11.462117195129395 
v -34.632240295410156 -44.6291389465332 -12.937833786010742 
v -34.632240295410156 -42.68466567993164 -8.823205947875977 
v -34.632240295410156 -41.64299392700195 -10.62877368927002 
v -34.632240295410156 -38.6742057800293 -7.173874378204346 
v -33.86765670776367 -34.38597106933594 -5.750254154205322 
v -33.86765670776367 -29.889385223388672 -6.340531349182129 
v -33.86765670776367 -25.687950134277344 -8.094029426574707 
v -33.86765670776367 -22.07680320739746 -10.854464530944824 
v -33.86765670776367 -19.316356658935547 -14.46562385559082 
v -33.86765670776367 -17.5628719329834 -18.66706085205078 
v -33.86765670776367 -16.972585678100586 -23.180992126464844 
v -33.86765670776367 -17.56287384033203 -27.677566528320312 
v -33.86765670776367 -19.316360473632812 -31.87900161743164 
v -33.86765670776367 -22.076807022094727 -35.49016189575195 
v -33.86765670776367 -25.68795394897461 -38.25059509277344 
v -33.86765670776367 -29.88939094543457 -40.00408935546875 
v -33.86765670776367 -34.38597869873047 -40.594390869140625 
v -33.86765670776367 -38.89990997314453 -40.00408935546875 
v -33.86765670776367 -43.10134506225586 -38.25059127807617 
v -33.86765670776367 -46.71249008178711 -35.49015808105469 
v -33.86765670776367 -49.47293472290039 -31.878995895385742 
v -33.86765670776367 -51.22643280029297 -27.677560806274414 
v -33.86765670776367 -51.816707611083984 -23.180986404418945 
v -33.86765670776367 -51.22643280029297 -18.667055130004883 
v -33.86765670776367 -49.47293472290039 -14.465619087219238 
v -33.86765670776367 -46.712486267089844 -10.854459762573242 
v -33.86765670776367 -43.10133743286133 -8.094026565551758 
v -33.86765670776367 -38.89990234375 -6.340529918670654 
v 31.15670394897461 -43.3270378112793 -14.239933013916016 
v 33.519962310791016 -43.3270378112793 -14.239933013916016 
v 31.15670394897461 -40.705482482910156 -12.243368148803711 
v 33.519962310791016 -40.705482482910156 -12.243368148803711 
v 31.15670394897461 -37.66725540161133 -10.976007461547852 
v 33.519962310791016 -37.66725540161133 -10.976007461547852 
v 31.15670394897461 -34.38597106933594 -10.55932331085205 
v 33.519962310791016 -34.38597106933594 -10.55932331085205 
v 31.15670394897461 -31.122045516967773 -10.976008415222168 
v 33.519962310791016 -31.122045516967773 -10.976008415222168 
v 31.15670394897461 -28.083818435668945 -12.243370056152344 
v 33.519962310791016 -28.083818435668945 -12.243370056152344 
v 31.15670394897461 -25.462263107299805 -14.239935874938965 
v 33.519962310791016 -25.462263107299805 -14.239935874938965 
v 31.15670394897461 -23.46571159362793 -16.861492156982422 
v 33.519962310791016 -23.46571159362793 -16.861492156982422 
v 31.15670394897461 -22.19833755493164 -19.899707794189453 
v 33.519962310791016 -22.19833755493164 -19.899707794189453 
v 31.15670394897461 -21.781665802001953 -23.18099021911621 
v 33.519962310791016 -21.781665802001953 -23.18099021911621 
v 31.15670394897461 -22.198339462280273 -26.444917678833008 
v 33.519962310791016 -22.198339462280273 -26.444917678833008 
v 31.15670394897461 -23.465713500976562 -29.483156204223633 
v 33.519962310791016 -23.465713500976562 -29.483156204223633 
v 31.15670394897461 -25.46226692199707 -32.10470962524414 
v 33.519962310791016 -25.46226692199707 -32.10470962524414 
v 31.15670394897461 -28.08382225036621 -34.101253509521484 
v 33.519962310791016 -28.08382225036621 -34.101253509521484 
v 31.15670394897461 -31.12204933166504 -35.36863708496094 
v 33.519962310791016 -31.12204933166504 -35.36863708496094 
v 31.15670394897461 -34.3859748840332 -35.78529739379883 
v 33.519962310791016 -34.3859748840332 -35.78529739379883 
v 31.15670394897461 -37.667259216308594 -35.36863708496094 
v 33.519962310791016 -37.667259216308594 -35.36863708496094 
v 31.15670394897461 -40.70548629760742 -34.10124969482422 
v 33.519962310791016 -40.70548629760742 -34.10124969482422 
v 31.15670394897461 -43.32704162597656 -32.10470962524414 
v 33.519962310791016 -43.32704162597656 -32.10470962524414 
v 31.15670394897461 -45.32359313964844 -29.483152389526367 
v 33.519962310791016 -45.32359313964844 -29.483152389526367 
v 31.15670394897461 -46.59096908569336 -26.444913864135742 
v 33.519962310791016 -46.59096908569336 -26.444913864135742 
v 31.15670394897461 -47.00764083862305 -23.180986404418945 
v 33.519962310791016 -47.00764083862305 -23.180986404418945 
v 31.15670394897461 -46.590965270996094 -19.899703979492188 
v 33.519962310791016 -46.590965270996094 -19.899703979492188 
v 31.15670394897461 -45.32359313964844 -16.861488342285156 
v 33.519962310791016 -45.32359313964844 -16.861488342285156 
v 33.76323699951172 -45.08052444458008 -17.0003662109375 
v 33.76323699951172 -43.11869812011719 -14.448263168334961 
v 33.76323699951172 -40.566593170166016 -12.486435890197754 
v 33.76323699951172 -37.580448150634766 -11.253788948059082 
v 33.76323699951172 -34.38597106933594 -10.837104797363281 
v 33.76323699951172 -31.20885467529297 -11.253789901733398 
v 33.76323699951172 -28.22270965576172 -12.486437797546387 
v 33.76323699951172 -25.67059326171875 -14.44826602935791 
v 33.76323699951172 -23.70876693725586 -17.000370025634766 
v 33.76323699951172 -22.476119995117188 -19.986515045166016 
v 33.76323699951172 -22.0594482421875 -23.18099021911621 
v 33.76323699951172 -22.476119995117188 -26.358108520507812 
v 33.76323699951172 -23.708768844604492 -29.344253540039062 
v 33.76323699951172 -25.670597076416016 -31.8963565826416 
v 33.76323699951172 -28.222713470458984 -33.858184814453125 
v 33.76323699951172 -31.208858489990234 -35.09085464477539 
v 33.76323699951172 -34.3859748840332 -35.50751495361328 
v 33.76323699951172 -37.58045196533203 -35.09085464477539 
v 33.76323699951172 -40.56659698486328 -33.85818099975586 
v 33.76323699951172 -43.11869812011719 -31.89635467529297 
v 33.76323699951172 -45.080528259277344 -29.344249725341797 
v 33.76323699951172 -46.31318664550781 -26.358104705810547 
v 33.76323699951172 -46.7298583984375 -23.180986404418945 
v 33.76323699951172 -46.31318664550781 -19.98651123046875 
v 34.66683578491211 -45.84442901611328 -20.108034133911133 
v 34.66683578491211 -44.66385269165039 -17.24343490600586 
v 34.66683578491211 -42.77147674560547 -14.795495986938477 
v 34.66683578491211 -40.32353591918945 -12.903096199035645 
v 34.66683578491211 -37.45891571044922 -11.722543716430664 
v 34.66683578491211 -34.38597106933594 -11.323216438293457 
v 34.66683578491211 -31.33037567138672 -11.72254467010498 
v 34.66683578491211 -28.46576499938965 -12.903098106384277 
v 34.66683578491211 -26.017826080322266 -14.795498847961426 
v 34.66683578491211 -24.125438690185547 -17.243438720703125 
v 34.66683578491211 -22.944873809814453 -20.1080379486084 
v 34.66683578491211 -22.54555892944336 -23.18099021911621 
v 34.66683578491211 -22.944875717163086 -26.236587524414062 
v 34.66683578491211 -24.12544059753418 -29.10120964050293 
v 34.66683578491211 -26.01782989501953 -31.549148559570312 
v 34.66683578491211 -28.465768814086914 -33.441524505615234 
v 34.66683578491211 -31.330379486083984 -34.622100830078125 
v 34.66683578491211 -34.3859748840332 -35.02140426635742 
v 34.66683578491211 -37.45891571044922 -34.622100830078125 
v 34.66683578491211 -40.32353973388672 -33.44152069091797 
v 34.66683578491211 -42.771480560302734 -31.549144744873047 
v 34.66683578491211 -44.663856506347656 -29.101205825805664 
v 34.66683578491211 -45.84443283081055 -26.236583709716797 
v 34.66683578491211 -46.243736267089844 -23.180986404418945 
v 35.5704345703125 -44.195098876953125 -23.180986404418945 
v 35.5704345703125 -43.865234375 -20.628883361816406 
v 35.5704345703125 -42.893009185791016 -18.267751693725586 
v 35.5704345703125 -41.33048629760742 -16.236474990844727 
v 35.5704345703125 -39.29922103881836 -14.673951148986816 
v 35.5704345703125 -36.93807601928711 -13.701727867126465 
v 35.5704345703125 -34.38597106933594 -13.371851921081543 
v 35.5704345703125 -31.851213455200195 -13.701728820800781 
v 35.5704345703125 -29.490083694458008 -14.673952102661133 
v 35.5704345703125 -27.458805084228516 -16.23647689819336 
v 35.5704345703125 -25.89629364013672 -18.26775550842285 
v 35.5704345703125 -24.92405891418457 -20.628887176513672 
v 35.5704345703125 -24.594194412231445 -23.18099021911621 
v 35.5704345703125 -24.92405891418457 -25.71573829650879 
v 35.5704345703125 -25.89629554748535 -28.07689094543457 
v 35.5704345703125 -27.45880699157715 -30.10814666748047 
v 35.5704345703125 -29.49008560180664 -31.670669555664062 
v 35.5704345703125 -31.85121726989746 -32.64289093017578 
v 35.5704345703125 -34.3859748840332 -32.9727668762207 
v 35.5704345703125 -36.938079833984375 -32.64289093017578 
v 35.5704345703125 -39.29922103881836 -31.67066764831543 
v 35.5704345703125 -41.33049011230469 -30.108144760131836 
v 35.5704345703125 -42.89301300048828 -28.076889038085938 
v 35.5704345703125 -43.865234375 -25.715734481811523 
v 35.5704345703125 -39.750606536865234 -24.6046085357666 
v 35.5704345703125 -39.94158172607422 -23.180988311767578 
v 35.5704345703125 -39.750606536865234 -21.740009307861328 
v 35.5704345703125 -39.195045471191406 -20.403196334838867 
v 35.5704345703125 -38.30961608886719 -19.257333755493164 
v 35.5704345703125 -37.16377639770508 -18.371917724609375 
v 35.5704345703125 -35.82695007324219 -17.816356658935547 
v 35.5704345703125 -34.3859748840332 -17.625383377075195 
v 35.5704345703125 -32.96234130859375 -17.816356658935547 
v 35.5704345703125 -31.62551498413086 -18.371919631958008 
v 35.5704345703125 -30.47967529296875 -19.257335662841797 
v 35.5704345703125 -29.594249725341797 -20.4031982421875 
v 35.5704345703125 -29.038686752319336 -21.74001121520996 
v 35.5704345703125 -28.847713470458984 -23.18099021911621 
v 35.5704345703125 -29.038686752319336 -24.604610443115234 
v 35.5704345703125 -29.594249725341797 -25.941448211669922 
v 35.5704345703125 -30.479677200317383 -27.08728790283203 
v 35.5704345703125 -31.625516891479492 -27.97272491455078 
v 35.5704345703125 -32.96234130859375 -28.52826499938965 
v 35.5704345703125 -34.3859748840332 -28.71923828125 
v 35.5704345703125 -35.82695388793945 -28.52826499938965 
v 35.5704345703125 -37.16377639770508 -27.97272491455078 
v 35.5704345703125 -38.30961608886719 -27.0872859954834 
v 35.5704345703125 -39.195045471191406 -25.94144630432129 
v -34.632240295410156 -21.851104736328125 -15.923982620239258 
v -31.156858444213867 -24.16016387939453 -12.937836647033691 
v -34.632240295410156 -24.16016387939453 -12.937836647033691 
v -31.156858444213867 -27.14630889892578 -10.628776550292969 
v -34.632240295410156 -27.14630889892578 -10.628776550292969 
v -31.156858444213867 -30.653291702270508 -9.187797546386719 
v -34.632240295410156 -30.653291702270508 -9.187797546386719 
v -31.156858444213867 -34.38597106933594 -8.684304237365723 
v -34.632240295410156 -34.38597106933594 -8.684304237365723 
v -31.156858444213867 -38.136009216308594 -9.187796592712402 
v -34.632240295410156 -38.136009216308594 -9.187796592712402 
v -31.156858444213867 -41.64299392700195 -10.62877368927002 
v -34.632240295410156 -41.64299392700195 -10.62877368927002 
v -31.156858444213867 -44.6291389465332 -12.937833786010742 
v -34.632240295410156 -44.6291389465332 -12.937833786010742 
v -31.156858444213867 -46.93818664550781 -15.923977851867676 
v -34.632240295410156 -46.93818664550781 -15.923977851867676 
v -31.156858444213867 -48.37917709350586 -19.43094825744629 
v -34.632240295410156 -48.37917709350586 -19.43094825744629 
v -31.156858444213867 -48.882659912109375 -23.180986404418945 
v -34.632240295410156 -48.882659912109375 -23.180986404418945 
v -31.156858444213867 -48.37917709350586 -26.913667678833008 
v -34.632240295410156 -48.37917709350586 -26.913667678833008 
v -31.156858444213867 -46.93819046020508 -30.42066192626953 
v -34.632240295410156 -46.93819046020508 -30.42066192626953 
v -31.156858444213867 -44.62914276123047 -33.40680694580078 
v -34.632240295410156 -44.62914276123047 -33.40680694580078 
v -31.156858444213867 -41.64299774169922 -35.715843200683594 
v -34.632240295410156 -41.64299774169922 -35.715843200683594 
v -31.156858444213867 -38.13601303100586 -37.15684509277344 
v -34.632240295410156 -38.13601303100586 -37.15684509277344 
v -31.156858444213867 -34.3859748840332 -37.660316467285156 
v -34.632240295410156 -34.3859748840332 -37.660316467285156 
v -31.156858444213867 -30.653295516967773 -37.1568489074707 
v -34.632240295410156 -30.653295516967773 -37.1568489074707 
v -31.156858444213867 -27.146312713623047 -35.71584701538086 
v -34.632240295410156 -27.146312713623047 -35.71584701538086 
v -31.156858444213867 -24.160167694091797 -33.40681076049805 
v -34.632240295410156 -24.160167694091797 -33.40681076049805 
v -31.156858444213867 -21.851106643676758 -30.420665740966797 
v -34.632240295410156 -21.851106643676758 -30.420665740966797 
v -31.156858444213867 -20.410127639770508 -26.913671493530273 
v -34.632240295410156 -20.410127639770508 -26.913671493530273 
v -31.156858444213867 -19.906646728515625 -23.18099021911621 
v -34.632240295410156 -19.906646728515625 -23.18099021911621 
v -31.156858444213867 -20.410127639770508 -19.430952072143555 
v -34.632240295410156 -20.410127639770508 -19.430952072143555 
v -31.156858444213867 -21.851104736328125 -15.923982620239258 
v 2.9405734539031982 -73.09589385986328 -39.80121994018555 
v 5.24195671081543 -73.09589385986328 -39.80121994018555 
v 2.9405734539031982 -72.63345336914062 -39.33549118041992 
v 5.24195671081543 -72.63345336914062 -39.33549118041992 
v 6.981199264526367 -71.67774200439453 -39.581058502197266 
v 6.981199264526367 -72.84925842285156 -40.749610900878906 
v 6.981199264526367 -67.2691421508789 -44.39921951293945 
v 6.981199264526367 -68.73353576660156 -47.09197235107422 
v 6.981199264526367 -62.55224609375 -47.388343811035156 
v 6.981199264526367 -64.21703338623047 -51.83392333984375 
v 6.981199264526367 -57.71202850341797 -48.98028564453125 
v 6.981199264526367 -58.00490951538086 -55.47506332397461 
v 6.981199264526367 -55.029869079589844 -48.92947769165039 
v 6.981199264526367 -54.4286994934082 -56.39805221557617 
v 6.981199264526367 -52.347713470458984 -48.209720611572266 
v 6.981199264526367 -50.85248947143555 -56.66902160644531 
v 6.981199264526367 -47.61540222167969 -54.924659729003906 
v 6.981199264526367 -48.27823257446289 -43.67946243286133 
v 6.981199264526367 -45.472755432128906 -43.31534957885742 
v 6.981199264526367 -45.79646682739258 -55.39038848876953 
v 6.981199264526367 -43.54591751098633 -43.416961669921875 
v 6.981199264526367 -44.10084915161133 -55.82224655151367 
v 6.981199264526367 -41.54200744628906 -44.204463958740234 
v 2.9405734539031982 -72.63345336914062 -39.33549118041992 
v 1.1975581645965576 -71.67774200439453 -39.581058502197266 
v 2.9405734539031982 -73.09589385986328 -39.80121994018555 
v 1.1975581645965576 -72.84925842285156 -40.749610900878906 
v 1.1975581645965576 -67.2691421508789 -44.39921951293945 
v 1.1975581645965576 -68.73353576660156 -47.09197235107422 
v 1.1975581645965576 -62.55224609375 -47.388343811035156 
v 1.1975581645965576 -64.21703338623047 -51.83392333984375 
v 1.1975581645965576 -57.71202850341797 -48.98028564453125 
v 1.1975581645965576 -58.00490951538086 -55.47506332397461 
v 1.1975581645965576 -55.029869079589844 -48.92947769165039 
v 1.1975581645965576 -54.4286994934082 -56.39805221557617 
v 1.1975581645965576 -52.347713470458984 -48.209720611572266 
v 1.1975581645965576 -50.85248947143555 -56.66902160644531 
v 1.1975581645965576 -47.61540222167969 -54.924659729003906 
v 1.1975581645965576 -48.27823257446289 -43.67946243286133 
v 1.1975581645965576 -45.472755432128906 -43.31534957885742 
v 1.1975581645965576 -45.79646682739258 -55.39038848876953 
v 1.1975581645965576 -43.54591751098633 -43.416961669921875 
v 1.1975581645965576 -44.10084915161133 -55.82224655151367 
v 1.1975581645965576 -41.54200744628906 -44.204463958740234 
v 1.1975581645965576 -41.9736213684082 -56.372650146484375 
v 8.26771068572998 -41.54200744628906 -51.562957763671875 
v 6.852925777435303 -41.54200744628906 -51.562957763671875 
v 8.26771068572998 -41.865718841552734 -50.37746810913086 
v 6.852925777435303 -41.865718841552734 -50.37746810913086 
v 6.852925777435303 -42.72894287109375 -49.513755798339844 
v 8.26771068572998 -42.72894287109375 -49.513755798339844 
v 8.26771068572998 -43.915870666503906 -49.19198226928711 
v 6.852925777435303 -43.915870666503906 -49.19198226928711 
v 8.26771068572998 -45.102806091308594 -49.513755798339844 
v 6.852925777435303 -45.102806091308594 -49.513755798339844 
v 8.26771068572998 -45.966026306152344 -50.37746810913086 
v 6.852925777435303 -45.966026306152344 -50.37746810913086 
v 8.26771068572998 -46.274322509765625 -51.562957763671875 
v 6.852925777435303 -46.274322509765625 -51.562957763671875 
v 8.26771068572998 -45.96603012084961 -52.748443603515625 
v 6.852925777435303 -45.96603012084961 -52.748443603515625 
v 8.26771068572998 -45.102806091308594 -53.61215591430664 
v 6.852925777435303 -45.102806091308594 -53.61215591430664 
v 8.26771068572998 -43.91587448120117 -53.92546463012695 
v 6.852925777435303 -43.91587448120117 -53.92546463012695 
v 8.26771068572998 -42.72894287109375 -53.61215591430664 
v 6.852925777435303 -42.72894287109375 -53.61215591430664 
v 8.26771068572998 -41.865718841552734 -52.748443603515625 
v 6.852925777435303 -41.865718841552734 -52.748443603515625 
v 8.26771068572998 -41.54200744628906 -51.562957763671875 
v 0.7561452388763428 -41.54200744628906 -51.562957763671875 
v 0.7561452388763428 -41.865718841552734 -50.37746810913086 
v 2.1709301471710205 -41.54200744628906 -51.562957763671875 
v 2.1709301471710205 -41.865718841552734 -50.37746810913086 
v 2.1709301471710205 -42.72894287109375 -49.513755798339844 
v 0.7561452388763428 -42.72894287109375 -49.513755798339844 
v 0.7561452388763428 -43.915870666503906 -49.19198226928711 
v 2.1709301471710205 -43.915870666503906 -49.19198226928711 
v 0.7561452388763428 -45.102806091308594 -49.513755798339844 
v 2.1709301471710205 -45.102806091308594 -49.513755798339844 
v 2.1709301471710205 -45.966026306152344 -50.37746810913086 
v 0.7561452388763428 -45.966026306152344 -50.37746810913086 
v 0.7561452388763428 -46.274322509765625 -51.562957763671875 
v 2.1709301471710205 -46.274322509765625 -51.562957763671875 
v 0.7561452388763428 -45.96603012084961 -52.748443603515625 
v 2.1709301471710205 -45.96603012084961 -52.748443603515625 
v 0.7561452388763428 -45.102806091308594 -53.61215591430664 
v 2.1709301471710205 -45.102806091308594 -53.61215591430664 
v 0.7561452388763428 -43.91587448120117 -53.92546463012695 
v 2.1709301471710205 -43.91587448120117 -53.92546463012695 
v 0.7561452388763428 -42.72894287109375 -53.61215591430664 
v 2.1709301471710205 -42.72894287109375 -53.61215591430664 
v 0.7561452388763428 -41.865718841552734 -52.748443603515625 
v 2.1709301471710205 -41.865718841552734 -52.748443603515625 
v 0.7561452388763428 -41.54200744628906 -51.562957763671875 
v 2.1709301471710205 -41.54200744628906 -51.562957763671875 
v 1.1975581645965576 -41.54200744628906 -44.204463958740234 
v 1.1975581645965576 -43.54591751098633 -43.416961669921875 
v 6.981199264526367 -41.54200744628906 -44.204463958740234 
v 6.981199264526367 -43.54591751098633 -43.416961669921875 
v 1.1975581645965576 -45.472755432128906 -43.31534957885742 
v 6.981199264526367 -45.472755432128906 -43.31534957885742 
v 1.1975581645965576 -48.27823257446289 -43.67946243286133 
v 6.981199264526367 -48.27823257446289 -43.67946243286133 
v 1.1975581645965576 -52.347713470458984 -48.209720611572266 
v 6.981199264526367 -52.347713470458984 -48.209720611572266 
v 6.981199264526367 -55.029869079589844 -48.92947769165039 
v 1.1975581645965576 -55.029869079589844 -48.92947769165039 
v 6.981199264526367 -57.71202850341797 -48.98028564453125 
v 1.1975581645965576 -57.71202850341797 -48.98028564453125 
v 6.981199264526367 -62.55224609375 -47.388343811035156 
v 1.1975581645965576 -62.55224609375 -47.388343811035156 
v 6.981199264526367 -67.2691421508789 -44.39921951293945 
v 1.1975581645965576 -67.2691421508789 -44.39921951293945 
v 6.981199264526367 -71.67774200439453 -39.581058502197266 
v 1.1975581645965576 -71.67774200439453 -39.581058502197266 
v 5.24195671081543 -72.63345336914062 -39.33549118041992 
v 2.9405734539031982 -72.63345336914062 -39.33549118041992 
v 6.981199264526367 -41.9736213684082 -56.372650146484375 
v 6.981199264526367 -44.10084915161133 -55.82224655151367 
v 1.1975581645965576 -41.9736213684082 -56.372650146484375 
v 1.1975581645965576 -44.10084915161133 -55.82224655151367 
v 6.981199264526367 -45.79646682739258 -55.39038848876953 
v 1.1975581645965576 -45.79646682739258 -55.39038848876953 
v 6.981199264526367 -47.61540222167969 -54.924659729003906 
v 1.1975581645965576 -47.61540222167969 -54.924659729003906 
v 6.981199264526367 -50.85248947143555 -56.66902160644531 
v 1.1975581645965576 -50.85248947143555 -56.66902160644531 
v 1.1975581645965576 -54.4286994934082 -56.39805221557617 
v 6.981199264526367 -54.4286994934082 -56.39805221557617 
v 1.1975581645965576 -58.00490951538086 -55.47506332397461 
v 6.981199264526367 -58.00490951538086 -55.47506332397461 
v 1.1975581645965576 -64.21703338623047 -51.83392333984375 
v 6.981199264526367 -64.21703338623047 -51.83392333984375 
v 1.1975581645965576 -68.73353576660156 -47.09197235107422 
v 6.981199264526367 -68.73353576660156 -47.09197235107422 
v 1.1975581645965576 -72.84925842285156 -40.749610900878906 
v 6.981199264526367 -72.84925842285156 -40.749610900878906 
v 2.9405734539031982 -73.09589385986328 -39.80121994018555 
v 5.24195671081543 -73.09589385986328 -39.80121994018555 
v 0.7561452388763428 -45.96603012084961 -52.748443603515625 
v 0.7561452388763428 -46.274322509765625 -51.562957763671875 
v 0.6505079865455627 -45.45734405517578 -52.45207214355469 
v 0.6505079865455627 -45.68856430053711 -51.562957763671875 
v 0.6505079865455627 -43.91587448120117 -53.33272171020508 
v 0.6505079865455627 -45.45734405517578 -50.6738395690918 
v 0.6505079865455627 -42.3744010925293 -50.67384338378906 
v 0.6505079865455627 -43.915870666503906 -49.784725189208984 
v 0.6505079865455627 -43.021820068359375 -50.02182388305664 
v 0.7561452388763428 -43.915870666503906 -49.19198226928711 
v 0.7561452388763428 -42.72894287109375 -49.513755798339844 
v 0.7561452388763428 -45.102806091308594 -49.513755798339844 
v 0.6505079865455627 -44.79450988769531 -50.02182388305664 
v 0.7561452388763428 -45.966026306152344 -50.37746810913086 
v 0.7561452388763428 -41.865718841552734 -50.37746810913086 
v 0.6505079865455627 -42.143184661865234 -51.562957763671875 
v 0.7561452388763428 -41.54200744628906 -51.562957763671875 
v 0.6505079865455627 -42.3744010925293 -52.45207214355469 
v 0.7561452388763428 -41.865718841552734 -52.748443603515625 
v 0.7561452388763428 -42.72894287109375 -53.61215591430664 
v 0.6505079865455627 -43.021820068359375 -53.09562301635742 
v 0.7561452388763428 -43.91587448120117 -53.92546463012695 
v 0.7561452388763428 -45.102806091308594 -53.61215591430664 
v 0.6505079865455627 -44.79450988769531 -53.09562301635742 
v 8.26771068572998 -43.91587448120117 -53.92546463012695 
v 8.26771068572998 -42.72894287109375 -53.61215591430664 
v 8.373347282409668 -43.021820068359375 -53.09562301635742 
v 8.26771068572998 -41.865718841552734 -52.748443603515625 
v 8.373347282409668 -42.3744010925293 -52.45207214355469 
v 8.373347282409668 -42.143184661865234 -51.562957763671875 
v 8.373347282409668 -42.3744010925293 -50.67384338378906 
v 8.26771068572998 -41.865718841552734 -50.37746810913086 
v 8.26771068572998 -42.72894287109375 -49.513755798339844 
v 8.373347282409668 -43.91587448120117 -53.33272171020508 
v 8.373347282409668 -43.915870666503906 -49.784725189208984 
v 8.373347282409668 -43.021820068359375 -50.02182388305664 
v 8.26771068572998 -43.915870666503906 -49.19198226928711 
v 8.26771068572998 -45.102806091308594 -49.513755798339844 
v 8.373347282409668 -44.79450988769531 -50.02182388305664 
v 8.373347282409668 -45.45734405517578 -50.6738395690918 
v 8.373347282409668 -45.68856430053711 -51.562957763671875 
v 8.373347282409668 -45.45734405517578 -52.45207214355469 
v 8.26771068572998 -45.96603012084961 -52.748443603515625 
v 8.26771068572998 -45.102806091308594 -53.61215591430664 
v 8.373347282409668 -44.79450988769531 -53.09562301635742 
v 8.26771068572998 -46.274322509765625 -51.562957763671875 
v 8.26771068572998 -45.966026306152344 -50.37746810913086 
v 8.26771068572998 -41.54200744628906 -51.562957763671875 
v 6.852925777435303 -41.54200744628906 -51.562957763671875 
v 6.981199264526367 -41.9736213684082 -56.372650146484375 
vn -0.0015531107783317566 -0.009364977478981018 0.0031440488528460264 
vn 0.001519078272394836 -0.009364977478981018 0.0031606326811015606 
vn -0.0015219092601910233 -0.0031150910072028637 0.009379765018820763 
vn 0.001559150405228138 -0.0031150910072028637 0.009373647160828114 
vn 0.006503409706056118 0.001415285631082952 0.00746341934427619 
vn 0.006623001303523779 -0.007482877932488918 -0.00037734056240879 
vn 0.00738422991707921 0.004330400377511978 0.005169214680790901 
vn 0.006884946022182703 -0.005688943434506655 -0.004498159047216177 
vn 0.007356543559581041 0.0029067674186080694 0.006118167657405138 
vn 0.006777685135602951 -0.004565193317830563 -0.0057638525031507015 
vn 0.007475866470485926 0.0009815313387662172 0.00656871497631073 
vn 0.006770085543394089 -0.0028230431489646435 -0.006796790286898613 
vn 0.007333534304052591 -0.0009380370029248297 0.006733450572937727 
vn 0.006871707271784544 -0.0011986945755779743 -0.007165386341512203 
vn 0.007756155915558338 -0.003280686680227518 0.005392508581280708 
vn 0.006470686290413141 0.0015880747232586145 -0.007457093335688114 
vn 0.007979471236467361 0.0007203242857940495 -0.005984075833112001 
vn 0.006377555895596743 -0.0036088202614337206 0.00680464506149292 
vn 0.006851509679108858 -0.00028397110872901976 0.007278472650796175 
vn 0.007086304947733879 -0.0017603833694010973 -0.0068326666951179504 
vn 0.006750892847776413 0.001588077051565051 0.007204405032098293 
vn 0.007086304947733879 -0.0017603833694010973 -0.0068326666951179504 
vn 0.007734948769211769 0.002316393656656146 0.005899566691368818 
vn -0.005955228582024574 0.008033295162022114 -0.00003764547727769241 
vn 0 0.009999999776482582 -1.629209989140179e-9 
vn -0.00592274172231555 0.006969944573938847 -0.004042400512844324 
vn 0.00003762589403777383 0.008656609803438187 -0.0050061652436852455 
vn 0.000037714340578531846 0.004987380001693964 -0.008667445741593838 
vn -0.0059722959995269775 0.004012740682810545 -0.006944752763956785 
vn -1.0341130909078582e-15 0.000021845313312951475 -0.009999976493418217 
vn -0.005926607642322779 0.000021845629817107692 -0.008054492063820362 
vn 0.000018883369193645194 -0.004987382795661688 -0.008667505346238613 
vn -0.0059357392601668835 -0.0040127430111169815 -0.0069760228507220745 
vn -5.17709819614499e-16 -0.008656611666083336 -0.005006304010748863 
vn -0.005957017652690411 -0.0069699459709227085 -0.003991715610027313 
vn -2.068231052255163e-15 -0.009999999776482582 1.629209989140179e-9 
vn -0.005955227650702 -0.008033295162022114 -0.00003779495455091819 
vn 1.5509062091151912e-15 -0.008656609803438187 0.005006306804716587 
vn -0.005957017652690411 -0.006969944573938847 0.00399171793833375 
vn 0.000018883369193645194 -0.004987380001693964 0.008667507208883762 
vn -0.0059357392601668835 -0.004012740682810545 0.006976023782044649 
vn 3.097898490739357e-15 0.000021848571122973226 0.009999976493418217 
vn -0.005926607642322779 0.00002184825461881701 0.008054492063820362 
vn 0.000037714340578531846 0.004987382795661688 0.008667444810271263 
vn -0.0059722959995269775 0.0040127430111169815 0.006944751832634211 
vn -0.00592274172231555 0.0069699459709227085 0.004042398184537888 
vn 0.00003762589403777383 0.008656611666083336 0.005006162449717522 
vn -0.005955228582024574 0.008033295162022114 -0.00003764547727769241 
vn 0.005955347791314125 0.008033295162022114 -1.3087925188060012e-9 
vn 0 0.009999999776482582 -1.629209989140179e-9 
vn 0.00592274172231555 0.0069699459709227085 0.004042398184537888 
vn 0.00003762589403777383 0.008656611666083336 0.005006162449717522 
vn 0.005943651311099529 0.0040127430111169815 0.00696928333491087 
vn 0.000037714340578531846 0.004987382795661688 0.008667444810271263 
vn 0.005926607642322779 0.00002184825461881701 0.008054492063820362 
vn 3.097898490739357e-15 0.000021848571122973226 0.009999976493418217 
vn 0.0059357392601668835 -0.004012740682810545 0.006976023782044649 
vn 0.000018883369193645194 -0.004987380001693964 0.008667507208883762 
vn 0.005957017652690411 -0.006969944573938847 0.00399171793833375 
vn 1.5509062091151912e-15 -0.008656609803438187 0.005006306804716587 
vn 0.005955347791314125 -0.008033295162022114 1.3087925188060012e-9 
vn -2.068231052255163e-15 -0.009999999776482582 1.629209989140179e-9 
vn 0.005957017652690411 -0.0069699459709227085 -0.003991715610027313 
vn -5.17709819614499e-16 -0.008656611666083336 -0.005006304010748863 
vn 0.0059357392601668835 -0.0040127430111169815 -0.0069760228507220745 
vn 0.000018883369193645194 -0.004987382795661688 -0.008667505346238613 
vn 0.005926607642322779 0.000021845629817107692 -0.008054492063820362 
vn -1.0341130909078582e-15 0.000021845313312951475 -0.009999976493418217 
vn 0.005943651311099529 0.004012740682810545 -0.006969284266233444 
vn 0.000037714340578531846 0.004987380001693964 -0.008667445741593838 
vn 0.00592274172231555 0.006969944573938847 -0.004042400512844324 
vn 0.00003762589403777383 0.008656609803438187 -0.0050061652436852455 
vn 0.005955347791314125 0.008033295162022114 -1.3087925188060012e-9 
vn 0 0.009999999776482582 -1.629209989140179e-9 
vn 0.006510719656944275 -0.001889263279736042 -0.007351273205131292 
vn 0.007086304947733879 -0.0017603833694010973 -0.0068326666951179504 
vn -0.006538938730955124 -0.001889263279736042 -0.007326182909309864 
vn -0.007060043979436159 -0.0017603833694010973 -0.0068597979843616486 
vn 0.007086304947733879 -0.0017603833694010973 -0.0068326666951179504 
vn -0.007060043979436159 -0.0017603833694010973 -0.0068597979843616486 
vn 0.007979471236467361 0.0007203242857940495 -0.005984075833112001 
vn -0.007979471236467361 0.0007203242857940495 -0.005984075833112001 
vn 0.006470686290413141 0.0015880747232586145 -0.007457093335688114 
vn -0.006470686290413141 0.0015880747232586145 -0.007457093335688114 
vn -0.006871707271784544 -0.0011986945755779743 -0.007165386341512203 
vn 0.006871707271784544 -0.0011986945755779743 -0.007165386341512203 
vn -0.006770085543394089 -0.0028230431489646435 -0.006796790286898613 
vn 0.006770085543394089 -0.0028230431489646435 -0.006796790286898613 
vn -0.006777685135602951 -0.004565193317830563 -0.0057638525031507015 
vn 0.006777685135602951 -0.004565193317830563 -0.0057638525031507015 
vn -0.006884946022182703 -0.005688943434506655 -0.004498159047216177 
vn 0.006884946022182703 -0.005688943434506655 -0.004498159047216177 
vn -0.006623001303523779 -0.007482877932488918 -0.00037734056240879 
vn 0.006623001303523779 -0.007482877932488918 -0.00037734056240879 
vn -0.0015531107783317566 -0.009364977478981018 0.0031440488528460264 
vn 0.001519078272394836 -0.009364977478981018 0.0031606326811015606 
vn -0.007734948769211769 0.002316393656656146 0.005899566691368818 
vn -0.006750892847776413 0.001588077051565051 0.007204405032098293 
vn 0.007734948769211769 0.002316393656656146 0.005899566691368818 
vn 0.006750892847776413 0.001588077051565051 0.007204405032098293 
vn -0.006851509679108858 -0.00028397110872901976 0.007278472650796175 
vn 0.006851509679108858 -0.00028397110872901976 0.007278472650796175 
vn -0.006377555895596743 -0.0036088202614337206 0.00680464506149292 
vn 0.006377555895596743 -0.0036088202614337206 0.00680464506149292 
vn -0.007756155915558338 -0.003280686680227518 0.005392508581280708 
vn 0.007756155915558338 -0.003280686680227518 0.005392508581280708 
vn 0.007333534304052591 -0.0009380370029248297 0.006733450572937727 
vn -0.007358999457210302 -0.0009380370029248297 0.006705611012876034 
vn 0.007475866470485926 0.0009815313387662172 0.00656871497631073 
vn -0.007475866470485926 0.0009815313387662172 0.00656871497631073 
vn 0.007356543559581041 0.0029067674186080694 0.006118167657405138 
vn -0.007332369685173035 0.002906767651438713 0.00614711781963706 
vn 0.00738422991707921 0.004330400377511978 0.005169214680790901 
vn -0.007362541742622852 0.004330400377511978 0.005200058687478304 
vn 0.006503409706056118 0.001415285631082952 0.00746341934427619 
vn -0.006503409706056118 0.001415285631082952 0.00746341934427619 
vn 0.001559150405228138 -0.0031150910072028637 0.009373647160828114 
vn -0.0015219092601910233 -0.0031150910072028637 0.009379765018820763 
vn -0.0015531107783317566 -0.009364977478981018 0.0031440488528460264 
vn -0.0015219092601910233 -0.0031150910072028637 0.009379765018820763 
vn -0.006623001303523779 -0.007482877932488918 -0.00037734056240879 
vn -0.006503409706056118 0.001415285631082952 0.00746341934427619 
vn -0.007362541742622852 0.004330400377511978 0.005200058687478304 
vn -0.006884946022182703 -0.005688943434506655 -0.004498159047216177 
vn -0.007332369685173035 0.002906767651438713 0.00614711781963706 
vn -0.006777685135602951 -0.004565193317830563 -0.0057638525031507015 
vn -0.007475866470485926 0.0009815313387662172 0.00656871497631073 
vn -0.006770085543394089 -0.0028230431489646435 -0.006796790286898613 
vn -0.007358999457210302 -0.0009380370029248297 0.006705611012876034 
vn -0.006871707271784544 -0.0011986945755779743 -0.007165386341512203 
vn -0.007756155915558338 -0.003280686680227518 0.005392508581280708 
vn -0.006470686290413141 0.0015880747232586145 -0.007457093335688114 
vn -0.007979471236467361 0.0007203242857940495 -0.005984075833112001 
vn -0.006377555895596743 -0.0036088202614337206 0.00680464506149292 
vn -0.006851509679108858 -0.00028397110872901976 0.007278472650796175 
vn -0.007060043979436159 -0.0017603833694010973 -0.0068597979843616486 
vn -0.006750892847776413 0.001588077051565051 0.007204405032098293 
vn -0.007060043979436159 -0.0017603833694010973 -0.0068597979843616486 
vn -0.007734948769211769 0.002316393656656146 0.005899566691368818 
vn -0.006538938730955124 -0.001889263279736042 -0.007326182909309864 
vn -0.005955228582024574 0.008033295162022114 -0.00003764547727769241 
vn -0.00592274172231555 0.006969944573938847 -0.004042400512844324 
vn -0.009947329759597778 0.0010250037303194404 -1.669925725478194e-10 
vn -0.009947826154530048 0.0008945279405452311 -0.0004904769593849778 
vn -0.009947826154530048 0.0008945281151682138 0.0004904766683466733 
vn -0.009947826154530048 -0.0008945279405452311 0.0004904769593849778 
vn -0.009949646890163422 0.0005022687837481499 0.0008673228439874947 
vn -0.009944138117134571 0.000021847114112460986 0.001055295579135418 
vn -0.005926607642322779 0.00002184825461881701 0.008054492063820362 
vn -0.009949646890163422 -0.0005022684927098453 0.0008673229604028165 
vn -0.0059357392601668835 -0.004012740682810545 0.006976023782044649 
vn -0.005957017652690411 -0.006969944573938847 0.00399171793833375 
vn -0.009947329759597778 -0.0010250037303194404 1.6699669425079833e-10 
vn -0.005955227650702 -0.008033295162022114 -0.00003779495455091819 
vn -0.005957017652690411 -0.0069699459709227085 -0.003991715610027313 
vn -0.009947826154530048 -0.0008945281151682138 -0.0004904766683466733 
vn -0.009944138117134571 0.000021846770323463716 -0.001055295579135418 
vn -0.009949646890163422 0.0005022684927098453 -0.0008673229604028165 
vn -0.0059722959995269775 0.004012740682810545 -0.006944752763956785 
vn -0.0059357392601668835 -0.0040127430111169815 -0.0069760228507220745 
vn -0.009949646890163422 -0.0005022687837481499 -0.0008673228439874947 
vn -0.005926607642322779 0.000021845629817107692 -0.008054492063820362 
vn -0.0059722959995269775 0.0040127430111169815 0.006944751832634211 
vn -0.00592274172231555 0.0069699459709227085 0.004042398184537888 
vn 0.005926607642322779 0.00002184825461881701 0.008054492063820362 
vn 0.0059357392601668835 -0.004012740682810545 0.006976023782044649 
vn 0.009944138117134571 0.000021847114112460986 0.001055295579135418 
vn 0.00994629692286253 -0.0005022684927098453 0.0009049312793649733 
vn 0.009945896454155445 -0.0008945279405452311 0.000528171774931252 
vn 0.005957017652690411 -0.006969944573938847 0.00399171793833375 
vn 0.009947329759597778 -0.0010250037303194404 1.6699462646041496e-10 
vn 0.005955347791314125 -0.008033295162022114 1.3087925188060012e-9 
vn 0.005957017652690411 -0.0069699459709227085 -0.003991715610027313 
vn 0.009945896454155445 -0.0008945281151682138 -0.0005281714838929474 
vn 0.00994629692286253 -0.0005022687837481499 -0.0009049311047419906 
vn 0.009945896454155445 0.0008945279405452311 -0.000528171774931252 
vn 0.00994629692286253 0.0005022687837481499 0.0009049311047419906 
vn 0.005943651311099529 0.0040127430111169815 0.00696928333491087 
vn 0.00592274172231555 0.0069699459709227085 0.004042398184537888 
vn 0.009945896454155445 0.0008945281151682138 0.0005281714838929474 
vn 0.009947329759597778 0.0010250037303194404 -1.6699462646041496e-10 
vn 0.00592274172231555 0.006969944573938847 -0.004042400512844324 
vn 0.00994629692286253 0.0005022684927098453 -0.0009049312793649733 
vn 0.005943651311099529 0.004012740682810545 -0.006969284266233444 
vn 0.009944138117134571 0.000021846770323463716 -0.001055295579135418 
vn 0.005926607642322779 0.000021845629817107692 -0.008054492063820362 
vn 0.0059357392601668835 -0.0040127430111169815 -0.0069760228507220745 
vn 0.005955347791314125 0.008033295162022114 -1.3087925188060012e-9 
vn 0.006510719656944275 -0.001889263279736042 -0.007351273205131292 
vn 0 0.009999999776482582 -1.629209989140179e-9 
vn 0.005849537439644337 0.008110666647553444 -1.3213979910275953e-9 
vn 0.0020819660276174545 0.00978086981922388 -1.5935091024488202e-9 
vn 0.005842811893671751 0.007847418077290058 0.0020687140058726072 
vn 0.0020834216848015785 0.009439349174499512 0.002560867927968502 
vn 0.00584777258336544 0.007032342720776796 0.004043477587401867 
vn 0.0021040705032646656 0.008476362563669682 0.004870745353400707 
vn 0.005870559718459845 0.005724824033677578 0.005723890848457813 
vn 0.0021340635139495134 0.006907016970217228 0.006909333169460297 
vn 0.005858651828020811 0.004052726086229086 0.007017949130386114 
vn 0.0020742376800626516 0.004873341880738735 0.008482221513986588 
vn 0.005873808637261391 0.0021033305674791336 0.007815008983016014 
vn 0.002116083400323987 0.0025283521972596645 0.009440848603844643 
vn 0.005865612532943487 0.000021848261894774623 0.008099018596112728 
vn 0.002098805969581008 -0.000021845347873750143 0.009777246043086052 
vn 0.005864901468157768 -0.0021033280063420534 0.007821696810424328 
vn 0.002116083400323987 -0.002528349170461297 0.009440849535167217 
vn 0.005858651828020811 -0.004052724223583937 0.007017950527369976 
vn 0.0021320481318980455 -0.004873339552432299 0.008467876352369785 
vn 0.005864070262759924 -0.005724822171032429 0.005730540491640568 
vn 0.002104815561324358 -0.006907015107572079 0.006918301340192556 
vn 0.005843630526214838 -0.007032341323792934 0.004049463663250208 
vn 0.0020783504005521536 -0.008476361632347107 0.0048817782662808895 
vn 0.005840073339641094 -0.007847417145967484 0.0020764360670000315 
vn 0.0021252662409096956 -0.009439348243176937 0.0025262520648539066 
vn 0.005849537439644337 -0.008110666647553444 1.3213979910275953e-9 
vn 0.0020819660276174545 -0.00978086981922388 1.5935091024488202e-9 
vn 0.005840073339641094 -0.007847418077290058 -0.0020764335058629513 
vn 0.0021252662409096956 -0.009439349174499512 -0.002526249038055539 
vn 0.005843630526214838 -0.007032342720776796 -0.004049461334943771 
vn 0.0020783504005521536 -0.008476362563669682 -0.004881775472313166 
vn 0.005864070262759924 -0.005724824033677578 -0.0057305386289954185 
vn 0.002104815561324358 -0.006907016970217228 -0.006918299477547407 
vn 0.005858651828020811 -0.004052726086229086 -0.007017949130386114 
vn 0.0021320481318980455 -0.004873341880738735 -0.008467874489724636 
vn 0.005864901468157768 -0.0021033305674791336 -0.007821695879101753 
vn 0.002116083400323987 -0.0025283521972596645 -0.009440848603844643 
vn 0.005865612532943487 -0.000021848261894774623 -0.008099018596112728 
vn 0.002098805969581008 -0.000021848534743185155 -0.009777246043086052 
vn 0.005873808637261391 0.0021033280063420534 -0.007815009914338589 
vn 0.002116083400323987 0.002528349170461297 -0.009440849535167217 
vn 0.005858651828020811 0.004052724223583937 -0.007017950527369976 
vn 0.0020742376800626516 0.004873339552432299 -0.008482222445309162 
vn 0.005870559718459845 0.005724822171032429 -0.0057238927111029625 
vn 0.0021340635139495134 0.006907015107572079 -0.006909335032105446 
vn 0.00584777258336544 0.007032341323792934 -0.0040434799157083035 
vn 0.0021040705032646656 0.008476361632347107 -0.004870748147368431 
vn 0.005842811893671751 0.007847417145967484 -0.0020687165670096874 
vn 0.0020834216848015785 0.009439348243176937 -0.0025608709547668695 
vn 0.005849537439644337 0.008110666647553444 -1.3213979910275953e-9 
vn 0.0020819660276174545 0.00978086981922388 -1.5935091024488202e-9 
vn 0.0000187604091479443 0.00965831521898508 0.002591637894511223 
vn 0.00003762589403777383 0.008656611666083336 0.005006162449717522 
vn -0.000037692476325901225 0.007063340395689011 0.007078686263412237 
vn -0.000037714340578531846 0.004987382795661688 0.008667444810271263 
vn 0.000018857259419746697 0.0025706023443490267 0.009663935750722885 
vn 3.097898490739357e-15 -0.000021845313312951475 0.009999976493418217 
vn 3.002385149782831e-15 -0.002570599317550659 0.009663954377174377 
vn 0.000018883369193645194 -0.004987380001693964 0.008667507208883762 
vn 0.00001887830330815632 -0.007063338067382574 0.0070787640288472176 
vn 1.5509062091151912e-15 -0.008656609803438187 0.005006306804716587 
vn -0.000018934921172331087 -0.00965831521898508 0.002591639757156372 
vn -2.068231052255163e-15 -0.009999999776482582 1.629209989140179e-9 
vn -0.000018934921172331087 -0.00965831521898508 -0.0025916367303580046 
vn -5.17709819614499e-16 -0.008656611666083336 -0.005006304010748863 
vn 0.00001887830330815632 -0.007063340395689011 -0.007078761700540781 
vn 0.000018883369193645194 -0.004987382795661688 -0.008667505346238613 
vn -9.993645171588162e-16 -0.0025706023443490267 -0.009663954377174377 
vn -1.0341130909078582e-15 -0.000021848571122973226 -0.009999976493418217 
vn 0.000018857259419746697 0.002570599317550659 -0.00966393668204546 
vn 0.000037714340578531846 0.004987380001693964 -0.008667445741593838 
vn 0.000037692476325901225 0.007063338067382574 -0.007078688591718674 
vn 0.00003762589403777383 0.008656609803438187 -0.0050061652436852455 
vn 0.0000187604091479443 0.00965831521898508 -0.0025916409213095903 
vn 0 0.009999999776482582 -1.629209989140179e-9 
vn 0.00003762589403777383 0.008656611666083336 0.005006162449717522 
vn 0.000037692476325901225 0.007063340395689011 0.007078686263412237 
vn 0.000037714340578531846 0.004987382795661688 0.008667444810271263 
vn 0.000018857259419746697 0.0025706023443490267 0.009663935750722885 
vn 3.097898490739357e-15 -0.000021845313312951475 0.009999976493418217 
vn 3.002385149782831e-15 -0.002570599317550659 0.009663954377174377 
vn 0.000018883369193645194 -0.004987380001693964 0.008667507208883762 
vn 0.00001887830330815632 -0.007063338067382574 0.0070787640288472176 
vn 1.5509062091151912e-15 -0.008656609803438187 0.005006306804716587 
vn -0.000018934921172331087 -0.00965831521898508 0.002591639757156372 
vn -2.068231052255163e-15 -0.009999999776482582 1.629209989140179e-9 
vn -0.000018934921172331087 -0.00965831521898508 -0.0025916367303580046 
vn -5.17709819614499e-16 -0.008656611666083336 -0.005006304010748863 
vn 0.00001887830330815632 -0.007063340395689011 -0.007078761700540781 
vn 0.000018883369193645194 -0.004987382795661688 -0.008667505346238613 
vn -9.993645171588162e-16 -0.0025706023443490267 -0.009663954377174377 
vn -1.0341130909078582e-15 -0.000021848571122973226 -0.009999976493418217 
vn 0.000018857259419746697 0.002570599317550659 -0.00966393668204546 
vn 0.000037714340578531846 0.004987380001693964 -0.008667445741593838 
vn 0.000037692476325901225 0.007063338067382574 -0.007078688591718674 
vn 0.00003762589403777383 0.008656609803438187 -0.0050061652436852455 
vn 0.0000187604091479443 0.00965831521898508 -0.0025916409213095903 
vn 0 0.009999999776482582 -1.629209989140179e-9 
vn 0.00003762589403777383 0.008656611666083336 0.005006162449717522 
vn 0.000037692476325901225 0.007063340395689011 0.007078686263412237 
vn 0.000037714340578531846 0.004987382795661688 0.008667444810271263 
vn 0.000018857259419746697 0.0025706023443490267 0.009663935750722885 
vn 3.097898490739357e-15 -0.000021845313312951475 0.009999976493418217 
vn 3.002385149782831e-15 -0.002570599317550659 0.009663954377174377 
vn 0.000018883369193645194 -0.004987380001693964 0.008667507208883762 
vn 0.00001887830330815632 -0.007063338067382574 0.0070787640288472176 
vn 1.5509062091151912e-15 -0.008656609803438187 0.005006306804716587 
vn -0.000018934921172331087 -0.00965831521898508 0.002591639757156372 
vn -2.068231052255163e-15 -0.009999999776482582 1.629209989140179e-9 
vn -0.000018934921172331087 -0.00965831521898508 -0.0025916367303580046 
vn -5.17709819614499e-16 -0.008656611666083336 -0.005006304010748863 
vn 0.00001887830330815632 -0.007063340395689011 -0.007078761700540781 
vn 0.000018883369193645194 -0.004987382795661688 -0.008667505346238613 
vn -9.993645171588162e-16 -0.0025706023443490267 -0.009663954377174377 
vn -1.0341130909078582e-15 -0.000021848571122973226 -0.009999976493418217 
vn 0.000018857259419746697 0.002570599317550659 -0.00966393668204546 
vn 0.000037714340578531846 0.004987380001693964 -0.008667445741593838 
vn 0.000037692476325901225 0.007063338067382574 -0.007078688591718674 
vn 0.00003762589403777383 0.008656609803438187 -0.0050061652436852455 
vn 0.0000187604091479443 0.00965831521898508 -0.0025916409213095903 
vn 0 0.009999999776482582 -1.629209989140179e-9 
vn -0.00206947629339993 0.008476362563669682 0.004885544069111347 
vn -0.00209803762845695 0.006907016970217228 0.00692035723477602 
vn -0.0021108724176883698 0.004873341880738735 0.008473178371787071 
vn -0.002079223282635212 0.0025283521972596645 0.009449034929275513 
vn -0.002098805969581008 -0.000021845347873750143 0.009777246043086052 
vn -0.002079223282635212 -0.002528349170461297 0.009449035860598087 
vn -0.0021320481318980455 -0.004873339552432299 0.008467876352369785 
vn -0.0020686229690909386 -0.006907015107572079 0.006929208990186453 
vn -0.0021130742970854044 -0.008476361632347107 0.004866848699748516 
vn -0.0021252662409096956 -0.009439348243176937 0.0025262520648539066 
vn -0.0020816228352487087 -0.00978086981922388 -0.000037803780287504196 
vn -0.0021252662409096956 -0.009439349174499512 -0.002526249038055539 
vn -0.0021130742970854044 -0.008476362563669682 -0.004866845905780792 
vn -0.0020686229690909386 -0.006907016970217228 -0.006929207127541304 
vn -0.0021320481318980455 -0.004873341880738735 -0.008467874489724636 
vn -0.002079223282635212 -0.0025283521972596645 -0.009449034929275513 
vn -0.002098805969581008 -0.000021848534743185155 -0.009777246043086052 
vn -0.002079223282635212 0.002528349170461297 -0.009449035860598087 
vn -0.0021108724176883698 0.004873339552432299 -0.00847318023443222 
vn -0.00209803762845695 0.006907015107572079 -0.006920359563082457 
vn -0.00206947629339993 0.008476361632347107 -0.004885546863079071 
vn -0.0020834216848015785 0.009439348243176937 -0.0025608709547668695 
vn -0.002081630751490593 0.00978086981922388 0.00003737176666618325 
vn -0.005844169296324253 0.005724824033677578 0.005750832613557577 
vn -0.0058296299539506435 0.004052726086229086 0.007042075507342815 
vn -0.005873808637261391 0.0021033305674791336 0.007815008983016014 
vn -0.005865612532943487 0.000021848261894774623 0.008099018596112728 
vn -0.005834633018821478 -0.0021033280063420534 0.007844301871955395 
vn -0.0058296299539506435 -0.004052723757922649 0.00704207643866539 
vn -0.005864070262759924 -0.005724822171032429 0.005730540491640568 
vn -0.00582202197983861 -0.007032341323792934 0.004080469720065594 
vn -0.005827298387885094 -0.007847417145967484 0.0021120228338986635 
vn -0.005849537439644337 -0.008110666647553444 1.3213992122729223e-9 
vn -0.005827298387885094 -0.007847418077290058 -0.0021120202727615833 
vn -0.00582202197983861 -0.007032342720776796 -0.004080467391759157 
vn -0.005864070262759924 -0.005724824033677578 -0.0057305386289954185 
vn -0.0058296299539506435 -0.004052726086229086 -0.007042075507342815 
vn -0.005834633018821478 -0.0021033305674791336 -0.00784430094063282 
vn -0.005865612532943487 -0.000021848261894774623 -0.008099018596112728 
vn -0.005873808637261391 0.0021033280063420534 -0.007815009914338589 
vn -0.0058296299539506435 0.004052723757922649 -0.00704207643866539 
vn -0.005844169296324253 0.005724822171032429 -0.005750834476202726 
vn -0.00584777258336544 0.007032341323792934 -0.0040434799157083035 
vn -0.005830133333802223 0.007847417145967484 -0.002104182494804263 
vn -0.005849537439644337 0.008110666647553444 -1.3213967697822682e-9 
vn -0.00584777258336544 0.007032342720776796 0.004043477587401867 
vn -0.0020834216848015785 0.009439349174499512 0.002560867927968502 
vn -0.005830133333802223 0.007847418077290058 0.002104179933667183 
vn -0.002081630751490593 0.00978086981922388 0.00003737176666618325 
vn -0.005849537439644337 0.008110666647553444 -1.3213967697822682e-9 
vn 0.0000187604091479443 0.00965831521898508 0.002591637894511223 
vn 0 0.009999999776482582 -1.629209989140179e-9 
vn 0.0000187604091479443 0.00965831521898508 0.002591637894511223 
vn 0 0.009999999776482582 -1.629209989140179e-9 
vn 0 0.009999999776482582 -1.629209989140179e-9 
vn -2.068231052255163e-15 -0.009999999776482582 1.629209989140179e-9 
vn -2.068231052255163e-15 -0.009999999776482582 1.629209989140179e-9 
vn -0.000018934921172331087 -0.00965831521898508 0.002591639757156372 
vn -0.000018934921172331087 -0.00965831521898508 0.002591639757156372 
vn 1.5509062091151912e-15 -0.008656609803438187 0.005006306804716587 
vn 1.5509062091151912e-15 -0.008656609803438187 0.005006306804716587 
vn 0.00001887830330815632 -0.007063338067382574 0.0070787640288472176 
vn 0.00001887830330815632 -0.007063338067382574 0.0070787640288472176 
vn 0.000018883369193645194 -0.004987380001693964 0.008667507208883762 
vn 0.000018883369193645194 -0.004987380001693964 0.008667507208883762 
vn 3.002385149782831e-15 -0.002570599317550659 0.009663954377174377 
vn 3.002385149782831e-15 -0.002570599317550659 0.009663954377174377 
vn 3.097898490739357e-15 0.000021848571122973226 0.009999976493418217 
vn 3.097898490739357e-15 0.000021848571122973226 0.009999976493418217 
vn 0.000018857259419746697 0.0025706023443490267 0.009663935750722885 
vn 0.000018857259419746697 0.0025706023443490267 0.009663935750722885 
vn -0.000037714340578531846 0.004987382795661688 0.008667444810271263 
vn -0.000037714340578531846 0.004987382795661688 0.008667444810271263 
vn 0.000037692476325901225 0.007063340395689011 0.007078686263412237 
vn 0.000037692476325901225 0.007063340395689011 0.007078686263412237 
vn 0.00003762589403777383 0.008656611666083336 0.005006162449717522 
vn 0.00003762589403777383 0.008656611666083336 0.005006162449717522 
vn 0.0000187604091479443 0.00965831521898508 0.002591637894511223 
vn 0.0000187604091479443 0.00965831521898508 0.002591637894511223 
vn 0 0.009999999776482582 -1.629209989140179e-9 
vn 0 0.009999999776482582 -1.629209989140179e-9 
vn 0.0000187604091479443 0.00965831521898508 -0.0025916409213095903 
vn 0.0000187604091479443 0.00965831521898508 -0.0025916409213095903 
vn 0.00003762589403777383 0.008656609803438187 -0.0050061652436852455 
vn 0.00003762589403777383 0.008656609803438187 -0.0050061652436852455 
vn 0.000037692476325901225 0.007063338067382574 -0.007078688591718674 
vn 0.000037692476325901225 0.007063338067382574 -0.007078688591718674 
vn 0.000037714340578531846 0.004987380001693964 -0.008667445741593838 
vn 0.000037714340578531846 0.004987380001693964 -0.008667445741593838 
vn 0.000018857259419746697 0.002570599317550659 -0.00966393668204546 
vn 0.000018857259419746697 0.002570599317550659 -0.00966393668204546 
vn -1.0341130909078582e-15 0.000021845313312951475 -0.009999976493418217 
vn -1.0341130909078582e-15 0.000021845313312951475 -0.009999976493418217 
vn -9.993645171588162e-16 -0.0025706023443490267 -0.009663954377174377 
vn -9.993645171588162e-16 -0.0025706023443490267 -0.009663954377174377 
vn 0.000018883369193645194 -0.004987382795661688 -0.008667505346238613 
vn 0.000018883369193645194 -0.004987382795661688 -0.008667505346238613 
vn 0.00001887830330815632 -0.007063340395689011 -0.007078761700540781 
vn 0.00001887830330815632 -0.007063340395689011 -0.007078761700540781 
vn -5.17709819614499e-16 -0.008656611666083336 -0.005006304010748863 
vn -5.17709819614499e-16 -0.008656611666083336 -0.005006304010748863 
vn -0.000018934921172331087 -0.00965831521898508 -0.0025916367303580046 
vn -0.000018934921172331087 -0.00965831521898508 -0.0025916367303580046 
vn -2.068231052255163e-15 -0.009999999776482582 1.629209989140179e-9 
vn -2.068231052255163e-15 -0.009999999776482582 1.629209989140179e-9 
vn 0.009999976493418217 0.00002184694130846765 -3.5593255773291865e-12 
vn 0.009999976493418217 0.00002184694130846765 -3.5593255773291865e-12 
vn 0.009999976493418217 0.00002184694130846765 -3.5593255773291865e-12 
vn 0.009999976493418217 0.00002184694130846765 -3.5593255773291865e-12 
vn 0.009999976493418217 0.00002184694130846765 -3.5593255773291865e-12 
vn 0.009999976493418217 0.00002184694130846765 -3.5593255773291865e-12 
vn 0.009999976493418217 0.00002184694130846765 -3.5593255773291865e-12 
vn 0.009999976493418217 0.00002184694130846765 -3.5593255773291865e-12 
vn 0.009999976493418217 0.00002184694130846765 -3.5593255773291865e-12 
vn 0.009999976493418217 0.00002184694130846765 -3.5593255773291865e-12 
vn 0.009999976493418217 0.00002184694130846765 -3.5593255773291865e-12 
vn 0.009999976493418217 0.00002184694130846765 -3.5593255773291865e-12 
vn 0.009999976493418217 0.00002184694130846765 -3.5593255773291865e-12 
vn 0.009999976493418217 0.00002184694130846765 -3.5593255773291865e-12 
vn 0.009999976493418217 0.00002184694130846765 -3.5593255773291865e-12 
vn 0.009999976493418217 0.00002184694130846765 -3.5593255773291865e-12 
vn 0.009999976493418217 0.00002184694130846765 -3.5593255773291865e-12 
vn 0.009999976493418217 0.00002184694130846765 -3.5593255773291865e-12 
vn 0.009999976493418217 0.00002184694130846765 -3.5593255773291865e-12 
vn 0.009999976493418217 0.00002184694130846765 -3.5593255773291865e-12 
vn 0.009999976493418217 0.00002184694130846765 -3.5593255773291865e-12 
vn 0.009999976493418217 0.00002184694130846765 -3.5593255773291865e-12 
vn 0.009999976493418217 0.00002184694130846765 -3.5593255773291865e-12 
vn 0.009999976493418217 0.00002184694130846765 -3.5593255773291865e-12 
vn -0.009999976493418217 0.00002184694130846765 -3.557257353264953e-12 
vn -0.009999976493418217 0.00002184694130846765 -3.557257353264953e-12 
vn -0.009999976493418217 0.00002184694130846765 -3.557257353264953e-12 
vn -0.009999976493418217 0.00002184694130846765 -3.557257353264953e-12 
vn -0.009999976493418217 0.00002184694130846765 -3.557257353264953e-12 
vn -0.009999976493418217 0.00002184694130846765 -3.557257353264953e-12 
vn -0.009999976493418217 0.00002184694130846765 -3.557257353264953e-12 
vn -0.009999976493418217 0.00002184694130846765 -3.557257353264953e-12 
vn -0.009999976493418217 0.00002184694130846765 -3.557257353264953e-12 
vn -0.009999976493418217 0.00002184694130846765 -3.557257353264953e-12 
vn -0.009999976493418217 0.00002184694130846765 -3.557257353264953e-12 
vn -0.009999976493418217 0.00002184694130846765 -3.557257353264953e-12 
vn -0.009999976493418217 0.00002184694130846765 -3.557257353264953e-12 
vn -0.009999976493418217 0.00002184694130846765 -3.557257353264953e-12 
vn -0.009999976493418217 0.00002184694130846765 -3.557257353264953e-12 
vn -0.009999976493418217 0.00002184694130846765 -3.557257353264953e-12 
vn -0.009999976493418217 0.00002184694130846765 -3.557257353264953e-12 
vn -0.009999976493418217 0.00002184694130846765 -3.557257353264953e-12 
vn -0.009999976493418217 0.00002184694130846765 -3.557257353264953e-12 
vn -0.009999976493418217 0.00002184694130846765 -3.557257353264953e-12 
vn -0.009999976493418217 0.00002184694130846765 -3.557257353264953e-12 
vn -0.009999976493418217 0.00002184694130846765 -3.557257353264953e-12 
vn -0.009999976493418217 0.00002184694130846765 -3.557257353264953e-12 
vn -0.009999976493418217 0.00002184694130846765 -3.557257353264953e-12 
vn -2.068231052255163e-15 -0.009999999776482582 1.629209989140179e-9 
vn -0.000018934921172331087 -0.00965831521898508 -0.0025916367303580046 
vn -2.068231052255163e-15 -0.009999999776482582 1.629209989140179e-9 
vn -0.000018934921172331087 -0.00965831521898508 -0.0025916367303580046 
vn -5.17709819614499e-16 -0.008656611666083336 -0.005006304010748863 
vn -5.17709819614499e-16 -0.008656611666083336 -0.005006304010748863 
vn 0.00001887830330815632 -0.007063340395689011 -0.007078761700540781 
vn 0.00001887830330815632 -0.007063340395689011 -0.007078761700540781 
vn 0.000018883369193645194 -0.004987382795661688 -0.008667505346238613 
vn 0.000018883369193645194 -0.004987382795661688 -0.008667505346238613 
vn -9.993645171588162e-16 -0.0025706023443490267 -0.009663954377174377 
vn -9.993645171588162e-16 -0.0025706023443490267 -0.009663954377174377 
vn -1.0341130909078582e-15 0.000021845313312951475 -0.009999976493418217 
vn -1.0341130909078582e-15 0.000021845313312951475 -0.009999976493418217 
vn 0.000018857259419746697 0.002570599317550659 -0.00966393668204546 
vn 0.000018857259419746697 0.002570599317550659 -0.00966393668204546 
vn 0.000037714340578531846 0.004987380001693964 -0.008667445741593838 
vn 0.000037714340578531846 0.004987380001693964 -0.008667445741593838 
vn 0.000037692476325901225 0.007063338067382574 -0.007078688591718674 
vn 0.000037692476325901225 0.007063338067382574 -0.007078688591718674 
vn 0.00003762589403777383 0.008656609803438187 -0.0050061652436852455 
vn 0.00003762589403777383 0.008656609803438187 -0.0050061652436852455 
vn 0.0000187604091479443 0.00965831521898508 -0.0025916409213095903 
vn 0.0000187604091479443 0.00965831521898508 -0.0025916409213095903 
vn 0 0.009999999776482582 -1.629209989140179e-9 
vn 0 0.009999999776482582 -1.629209989140179e-9 
vn 0.0000187604091479443 0.00965831521898508 0.002591637894511223 
vn 0.0000187604091479443 0.00965831521898508 0.002591637894511223 
vn 0.00003762589403777383 0.008656611666083336 0.005006162449717522 
vn 0.00003762589403777383 0.008656611666083336 0.005006162449717522 
vn 0.000037692476325901225 0.007063340395689011 0.007078686263412237 
vn 0.000037692476325901225 0.007063340395689011 0.007078686263412237 
vn 0.000037714340578531846 0.004987382795661688 0.008667444810271263 
vn 0.000037714340578531846 0.004987382795661688 0.008667444810271263 
vn 0.000018857259419746697 0.0025706023443490267 0.009663935750722885 
vn 0.000018857259419746697 0.0025706023443490267 0.009663935750722885 
vn 3.097898490739357e-15 0.000021848571122973226 0.009999976493418217 
vn 3.097898490739357e-15 0.000021848571122973226 0.009999976493418217 
vn 3.002385149782831e-15 -0.002570599317550659 0.009663954377174377 
vn 3.002385149782831e-15 -0.002570599317550659 0.009663954377174377 
vn 0.000018883369193645194 -0.004987380001693964 0.008667507208883762 
vn 0.000018883369193645194 -0.004987380001693964 0.008667507208883762 
vn 0.00001887830330815632 -0.007063338067382574 0.0070787640288472176 
vn 0.00001887830330815632 -0.007063338067382574 0.0070787640288472176 
vn 1.5509062091151912e-15 -0.008656609803438187 0.005006306804716587 
vn 1.5509062091151912e-15 -0.008656609803438187 0.005006306804716587 
vn -0.000018934921172331087 -0.00965831521898508 0.002591639757156372 
vn -0.000018934921172331087 -0.00965831521898508 0.002591639757156372 
vn -2.068231052255163e-15 -0.009999999776482582 1.629209989140179e-9 
vn -2.068231052255163e-15 -0.009999999776482582 1.629209989140179e-9 
vn 0.005873808637261391 0.0021033305674791336 0.007815008983016014 
vn 0.009243946522474289 0.00098153087310493 0.0036859274841845036 
vn 0.005858651828020811 0.004052726086229086 0.007017949130386114 
vn 0.009229850023984909 0.0019321513827890158 0.0033281627111136913 
vn 0.005870559718459845 0.005724824033677578 0.005723890848457813 
vn 0.009248971939086914 0.0026970533654093742 0.0026800038758665323 
vn 0.00584777258336544 0.007032342720776796 0.004043477587401867 
vn 0.009228607639670372 0.0033219321630895138 0.0019487368408590555 
vn 0.005842811893671751 0.007847418077290058 0.0020687140058726072 
vn 0.00924251601099968 0.0036901815328747034 0.0009790133917704225 
vn 0.005849537439644337 0.008110666647553444 -1.3213979910275953e-9 
vn 0.00922831054776907 0.0038520500529557467 -6.275798214439021e-10 
vn 0.005842811893671751 0.007847417145967484 -0.0020687165670096874 
vn 0.00924251601099968 0.0036901813000440598 -0.0009790145559236407 
vn 0.00584777258336544 0.007032341323792934 -0.0040434799157083035 
vn 0.009228607639670372 0.0033219316974282265 -0.001948737888596952 
vn 0.005870559718459845 0.005724822171032429 -0.0057238927111029625 
vn 0.009248971939086914 0.0026970524340867996 -0.0026800045743584633 
vn 0.005858651828020811 0.004052724223583937 -0.007017950527369976 
vn 0.009229850023984909 0.0019321503350511193 -0.0033281634096056223 
vn 0.005873808637261391 0.0021033280063420534 -0.007815009914338589 
vn 0.009243946522474289 0.0009815295925363898 -0.003685927949845791 
vn 0.005865612532943487 -0.000021848261894774623 -0.008099018596112728 
vn 0.0092387730255723 -0.000021847565221833065 -0.00382682541385293 
vn 0.005864901468157768 -0.0021033305674791336 -0.007821695879101753 
vn 0.009243946522474289 -0.00098153087310493 -0.0036859274841845036 
vn 0.005858651828020811 -0.004052726086229086 -0.007017949130386114 
vn 0.009228437207639217 -0.0019321513827890158 -0.0033320770598948 
vn 0.005864070262759924 -0.005724824033677578 -0.0057305386289954185 
vn 0.009248027577996254 -0.0026970533654093742 -0.0026832602452486753 
vn 0.005843630526214838 -0.007032342720776796 -0.004049461334943771 
vn 0.009228607639670372 -0.0033219321630895138 -0.0019487368408590555 
vn 0.005840073339641094 -0.007847418077290058 -0.0020764335058629513 
vn 0.009242381900548935 -0.0036901815328747034 -0.0009802751010283828 
vn 0.005849537439644337 -0.008110666647553444 1.3213979910275953e-9 
vn 0.00922831054776907 -0.0038520500529557467 6.275798214439021e-10 
vn 0.005840073339641094 -0.007847417145967484 0.0020764360670000315 
vn 0.009242381900548935 -0.0036901813000440598 0.000980276265181601 
vn 0.005843630526214838 -0.007032341323792934 0.004049463663250208 
vn 0.009228607639670372 -0.0033219316974282265 0.001948737888596952 
vn 0.005864070262759924 -0.005724822171032429 0.005730540491640568 
vn 0.009248027577996254 -0.0026970524340867996 0.00268326117657125 
vn 0.005858651828020811 -0.004052724223583937 0.007017950527369976 
vn 0.009228437207639217 -0.0019321503350511193 0.0033320775255560875 
vn 0.005864901468157768 -0.0021033280063420534 0.007821696810424328 
vn 0.009243946522474289 -0.0009815295925363898 0.003685927949845791 
vn 0.005865612532943487 0.000021848261894774623 0.008099018596112728 
vn 0.0092387730255723 0.000021847565221833065 0.00382682541385293 
vn 0.009999976493418217 0.00002184694130846765 -3.5593255773291865e-12 
vn 0.009999976493418217 0.00002184694130846765 -3.5593255773291865e-12 
vn 0.009999976493418217 0.00002184694130846765 -3.5593255773291865e-12 
vn 0.009999976493418217 0.00002184694130846765 -3.5593255773291865e-12 
vn 0.009999976493418217 0.00002184694130846765 -3.5593255773291865e-12 
vn 0.009999976493418217 0.00002184694130846765 -3.5593255773291865e-12 
vn 0.009999976493418217 0.00002184694130846765 -3.5593255773291865e-12 
vn 0.009999976493418217 0.00002184694130846765 -3.5593255773291865e-12 
vn 0.009999976493418217 0.00002184694130846765 -3.5593255773291865e-12 
vn 0.009999976493418217 0.00002184694130846765 -3.5593255773291865e-12 
vn 0.009999976493418217 0.00002184694130846765 -3.5593255773291865e-12 
vn 0.009999976493418217 0.00002184694130846765 -3.5593255773291865e-12 
vn 0.009999976493418217 0.00002184694130846765 -3.5593255773291865e-12 
vn 0.009999976493418217 0.00002184694130846765 -3.5593255773291865e-12 
vn 0.009999976493418217 0.00002184694130846765 -3.5593255773291865e-12 
vn 0.009999976493418217 0.00002184694130846765 -3.5593255773291865e-12 
vn 0.009999976493418217 0.00002184694130846765 -3.5593255773291865e-12 
vn 0.009999976493418217 0.00002184694130846765 -3.5593255773291865e-12 
vn 0.009999976493418217 0.00002184694130846765 -3.5593255773291865e-12 
vn 0.009999976493418217 0.00002184694130846765 -3.5593255773291865e-12 
vn 0.009999976493418217 0.00002184694130846765 -3.5593255773291865e-12 
vn 0.009999976493418217 0.00002184694130846765 -3.5593255773291865e-12 
vn 0.009999976493418217 0.00002184694130846765 -3.5593255773291865e-12 
vn 0.009999976493418217 0.00002184694130846765 -3.5593255773291865e-12 
vn -0.009999976493418217 0.00002184694130846765 -3.557257353264953e-12 
vn -0.009999976493418217 0.00002184694130846765 -3.557257353264953e-12 
vn -0.009999976493418217 0.00002184694130846765 -3.557257353264953e-12 
vn -0.009999976493418217 0.00002184694130846765 -3.557257353264953e-12 
vn -0.009999976493418217 0.00002184694130846765 -3.557257353264953e-12 
vn -0.009999976493418217 0.00002184694130846765 -3.557257353264953e-12 
vn -0.009999976493418217 0.00002184694130846765 -3.557257353264953e-12 
vn -0.009999976493418217 0.00002184694130846765 -3.557257353264953e-12 
vn -0.009999976493418217 0.00002184694130846765 -3.557257353264953e-12 
vn -0.009999976493418217 0.00002184694130846765 -3.557257353264953e-12 
vn -0.009999976493418217 0.00002184694130846765 -3.557257353264953e-12 
vn -0.009999976493418217 0.00002184694130846765 -3.557257353264953e-12 
vn -0.009999976493418217 0.00002184694130846765 -3.557257353264953e-12 
vn -0.009999976493418217 0.00002184694130846765 -3.557257353264953e-12 
vn -0.009999976493418217 0.00002184694130846765 -3.557257353264953e-12 
vn -0.009999976493418217 0.00002184694130846765 -3.557257353264953e-12 
vn -0.009999976493418217 0.00002184694130846765 -3.557257353264953e-12 
vn -0.009999976493418217 0.00002184694130846765 -3.557257353264953e-12 
vn -0.009999976493418217 0.00002184694130846765 -3.557257353264953e-12 
vn -0.009999976493418217 0.00002184694130846765 -3.557257353264953e-12 
vn -0.009999976493418217 0.00002184694130846765 -3.557257353264953e-12 
vn -0.009999976493418217 0.00002184694130846765 -3.557257353264953e-12 
vn -0.009999976493418217 0.00002184694130846765 -3.557257353264953e-12 
vn -0.009999976493418217 0.00002184694130846765 -3.557257353264953e-12 
vn -0.009999976493418217 0.00002184694130846765 -3.557257353264953e-12 
vn -0.009999976493418217 0.00002184694130846765 -3.557257353264953e-12 
vn -0.009999976493418217 0.00002184694130846765 -3.557257353264953e-12 
vn -0.009999976493418217 0.00002184694130846765 -3.557257353264953e-12 
vn -0.009999976493418217 0.00002184694130846765 -3.557257353264953e-12 
vn -0.009999976493418217 0.00002184694130846765 -3.557257353264953e-12 
vn -0.009999976493418217 0.00002184694130846765 -3.557257353264953e-12 
vn -0.009999976493418217 0.00002184694130846765 -3.557257353264953e-12 
vn -0.009999976493418217 0.00002184694130846765 -3.557257353264953e-12 
vn -0.009999976493418217 0.00002184694130846765 -3.557257353264953e-12 
vn -0.009999976493418217 0.00002184694130846765 -3.557257353264953e-12 
vn -0.009999976493418217 0.00002184694130846765 -3.557257353264953e-12 
vn -0.009999976493418217 0.00002184694130846765 -3.557257353264953e-12 
vn -0.009999976493418217 0.00002184694130846765 -3.557257353264953e-12 
vn -0.009999976493418217 0.00002184694130846765 -3.557257353264953e-12 
vn -0.009999976493418217 0.00002184694130846765 -3.557257353264953e-12 
vn -0.009999976493418217 0.00002184694130846765 -3.557257353264953e-12 
vn -0.009999976493418217 0.00002184694130846765 -3.557257353264953e-12 
vn -0.009999976493418217 0.00002184694130846765 -3.557257353264953e-12 
vn -0.009999976493418217 0.00002184694130846765 -3.557257353264953e-12 
vn -0.009999976493418217 0.00002184694130846765 -3.557257353264953e-12 
vn -0.009999976493418217 0.00002184694130846765 -3.557257353264953e-12 
vn -0.009999976493418217 0.00002184694130846765 -3.557257353264953e-12 
vn -0.009999976493418217 0.00002184694130846765 -3.557257353264953e-12 
vn 0.009999976493418217 0.00002184694130846765 -3.5593255773291865e-12 
vn 0.009999976493418217 0.00002184694130846765 -3.5593255773291865e-12 
vn 0.009999976493418217 0.00002184694130846765 -3.5593255773291865e-12 
vn 0.009999976493418217 0.00002184694130846765 -3.5593255773291865e-12 
vn 0.009999976493418217 0.00002184694130846765 -3.5593255773291865e-12 
vn 0.009999976493418217 0.00002184694130846765 -3.5593255773291865e-12 
vn 0.009999976493418217 0.00002184694130846765 -3.5593255773291865e-12 
vn 0.009999976493418217 0.00002184694130846765 -3.5593255773291865e-12 
vn 0.009999976493418217 0.00002184694130846765 -3.5593255773291865e-12 
vn 0.009999976493418217 0.00002184694130846765 -3.5593255773291865e-12 
vn 0.009999976493418217 0.00002184694130846765 -3.5593255773291865e-12 
vn 0.009999976493418217 0.00002184694130846765 -3.5593255773291865e-12 
vn 0.009999976493418217 0.00002184694130846765 -3.5593255773291865e-12 
vn 0.009999976493418217 0.00002184694130846765 -3.5593255773291865e-12 
vn 0.009999976493418217 0.00002184694130846765 -3.5593255773291865e-12 
vn 0.009999976493418217 0.00002184694130846765 -3.5593255773291865e-12 
vn 0.009999976493418217 0.00002184694130846765 -3.5593255773291865e-12 
vn 0.009999976493418217 0.00002184694130846765 -3.5593255773291865e-12 
vn 0.009999976493418217 0.00002184694130846765 -3.5593255773291865e-12 
vn 0.009999976493418217 0.00002184694130846765 -3.5593255773291865e-12 
vn 0.009999976493418217 0.00002184694130846765 -3.5593255773291865e-12 
vn 0.009999976493418217 0.00002184694130846765 -3.5593255773291865e-12 
vn 0.009999976493418217 0.00002184694130846765 -3.5593255773291865e-12 
vn 0.009999976493418217 0.00002184694130846765 -3.5593255773291865e-12 
vn 0.009999976493418217 0.00002184694130846765 -3.5593255773291865e-12 
vn 0.009999976493418217 0.00002184694130846765 -3.5593255773291865e-12 
vn 0.009999976493418217 0.00002184694130846765 -3.5593255773291865e-12 
vn 0.009999976493418217 0.00002184694130846765 -3.5593255773291865e-12 
vn 0.009999976493418217 0.00002184694130846765 -3.5593255773291865e-12 
vn 0.009999976493418217 0.00002184694130846765 -3.5593255773291865e-12 
vn 0.009999976493418217 0.00002184694130846765 -3.5593255773291865e-12 
vn 0.009999976493418217 0.00002184694130846765 -3.5593255773291865e-12 
vn 0.009999976493418217 0.00002184694130846765 -3.5593255773291865e-12 
vn 0.009999976493418217 0.00002184694130846765 -3.5593255773291865e-12 
vn 0.009999976493418217 0.00002184694130846765 -3.5593255773291865e-12 
vn 0.009999976493418217 0.00002184694130846765 -3.5593255773291865e-12 
vn 0.009999976493418217 0.00002184694130846765 -3.5593255773291865e-12 
vn 0.009999976493418217 0.00002184694130846765 -3.5593255773291865e-12 
vn 0.009999976493418217 0.00002184694130846765 -3.5593255773291865e-12 
vn 0.009999976493418217 0.00002184694130846765 -3.5593255773291865e-12 
vn 0.009999976493418217 0.00002184694130846765 -3.5593255773291865e-12 
vn 0.009999976493418217 0.00002184694130846765 -3.5593255773291865e-12 
vn 0.009999976493418217 0.00002184694130846765 -3.5593255773291865e-12 
vn 0.009999976493418217 0.00002184694130846765 -3.5593255773291865e-12 
vn 0.009999976493418217 0.00002184694130846765 -3.5593255773291865e-12 
vn 0.009999976493418217 0.00002184694130846765 -3.5593255773291865e-12 
vn 0.009999976493418217 0.00002184694130846765 -3.5593255773291865e-12 
vn 0.009999976493418217 0.00002184694130846765 -3.5593255773291865e-12 
vn -0.009999976493418217 0.00002184694130846765 -3.557257353264953e-12 
vn -0.009746171534061432 -0.0015880761202424765 -0.0015780252870172262 
vn -0.009999976493418217 0.00002184694130846765 -3.557257353264953e-12 
vn -0.009746192954480648 -0.0019321510335430503 -0.0011307147797197104 
vn -0.009999976493418217 0.00002184694130846765 -3.557257353264953e-12 
vn -0.009738855063915253 -0.002188680926337838 -0.0006036381819285452 
vn -0.009999976493418217 0.00002184694130846765 -3.557257353264953e-12 
vn -0.009738045744597912 -0.0022738652769476175 3.7046243850369365e-10 
vn -0.009999976493418217 0.00002184694130846765 -3.557257353264953e-12 
vn -0.009738855063915253 -0.002188680926337838 0.0006036388804204762 
vn -0.009999976493418217 0.00002184694130846765 -3.557257353264953e-12 
vn -0.009746192954480648 -0.0019321506842970848 0.0011307153617963195 
vn -0.009999976493418217 0.00002184694130846765 -3.557257353264953e-12 
vn -0.009746171534061432 -0.0015880756545811892 0.0015780257526785135 
vn -0.009999976493418217 0.00002184694130846765 -3.557257353264953e-12 
vn -0.009737249463796616 -0.0011118906550109386 0.0019873797427862883 
vn -0.009999976493418217 0.00002184694130846765 -3.557257353264953e-12 
vn -0.00973531324416399 -0.0005895255017094314 0.002208197023719549 
vn -0.009999976493418217 0.00002184694130846765 -3.557257353264953e-12 
vn -0.00974443182349205 0.00002184730692533776 0.0022462347988039255 
vn -0.009999976493418217 0.00002184694130846765 -3.557257353264953e-12 
vn -0.00973531324416399 0.0005895262584090233 0.0022081967908889055 
vn -0.009999976493418217 0.00002184694130846765 -3.557257353264953e-12 
vn -0.009737249463796616 0.0011118913535028696 0.0019873795099556446 
vn -0.009999976493418217 0.00002184694130846765 -3.557257353264953e-12 
vn -0.009746171534061432 0.0015880761202424765 0.0015780252870172262 
vn -0.009999976493418217 0.00002184694130846765 -3.557257353264953e-12 
vn -0.009750623255968094 0.0019321510335430503 0.0010918512707576156 
vn -0.009999976493418217 0.00002184694130846765 -3.557257353264953e-12 
vn -0.009738855063915253 0.002188680926337838 0.0006036381819285452 
vn -0.009999976493418217 0.00002184694130846765 -3.557257353264953e-12 
vn -0.009737972170114517 0.0022738652769476175 -0.00003772280615521595 
vn -0.009999976493418217 0.00002184694130846765 -3.557257353264953e-12 
vn -0.009738855063915253 0.002188680926337838 -0.0006036388804204762 
vn -0.009999976493418217 0.00002184694130846765 -3.557257353264953e-12 
vn -0.009750623255968094 0.0019321506842970848 -0.0010918518528342247 
vn -0.009999976493418217 0.00002184694130846765 -3.557257353264953e-12 
vn -0.009746171534061432 0.0015880756545811892 -0.0015780257526785135 
vn -0.009999976493418217 0.00002184694130846765 -3.557257353264953e-12 
vn -0.009737249463796616 0.0011118906550109386 -0.0019873797427862883 
vn -0.009999976493418217 0.00002184694130846765 -3.557257353264953e-12 
vn -0.00973531324416399 0.0005895255017094314 -0.002208197023719549 
vn -0.009999976493418217 0.00002184694130846765 -3.557257353264953e-12 
vn -0.00974443182349205 -0.00002184730692533776 -0.0022462347988039255 
vn -0.009999976493418217 0.00002184694130846765 -3.557257353264953e-12 
vn -0.00973531324416399 -0.0005895262584090233 -0.0022081967908889055 
vn -0.009999976493418217 0.00002184694130846765 -3.557257353264953e-12 
vn -0.009737249463796616 -0.0011118913535028696 -0.0019873795099556446 
vn -0.007177890744060278 -0.004911449272185564 -0.004935135133564472 
vn -0.007202427368611097 -0.006007871124893427 -0.0034685051068663597 
vn -0.007189048454165459 -0.006715083960443735 -0.0017958920216187835 
vn -0.007201051339507103 -0.006938546895980835 0.00003776903758989647 
vn -0.007189048454165459 -0.006715083494782448 0.0017958942335098982 
vn -0.007202427368611097 -0.006007869727909565 0.003468506969511509 
vn -0.007177890744060278 -0.004911447409540415 0.004935136530548334 
vn -0.00716363824903965 -0.003486265428364277 0.0060438597574830055 
vn -0.0071784392930567265 -0.001803375780582428 0.006724420934915543 
vn -0.007177039980888367 0.00002184807635785546 0.006963448598980904 
vn -0.007210333365947008 0.0018033778760582209 0.0066902111284434795 
vn -0.00716363824903965 0.0034862675238400698 0.006043858360499144 
vn -0.007177890744060278 0.004911449272185564 0.004935135133564472 
vn -0.007188344374299049 0.006007871124893427 0.003497597761452198 
vn -0.007180537562817335 0.006715083960443735 0.0018296244088560343 
vn -0.007201150059700012 0.006938546895980835 -1.1304335245654329e-9 
vn -0.007180537562817335 0.006715083494782448 -0.001829626620747149 
vn -0.007188344374299049 0.006007869727909565 -0.003497599856927991 
vn -0.007177890744060278 0.004911447409540415 -0.004935136530548334 
vn -0.00716363824903965 0.003486265428364277 -0.0060438597574830055 
vn -0.007210333365947008 0.001803375780582428 -0.006690211594104767 
vn -0.007177039980888367 -0.00002184807635785546 -0.006963448598980904 
vn -0.0071784392930567265 -0.0018033778760582209 -0.006724420469254255 
vn -0.00716363824903965 -0.0034862675238400698 -0.006043858360499144 
vn -0.006437679752707481 -0.005398052744567394 -0.005423772614449263 
vn -0.006454823538661003 -0.006617379374802113 -0.003813862567767501 
vn -0.006424739956855774 -0.007395281922072172 -0.0020081137772649527 
vn -0.006435200106352568 -0.007654199376702309 0.00003779005055548623 
vn -0.006424739956855774 -0.007395281456410885 0.002008116338402033 
vn -0.006454823538661003 -0.006617377977818251 0.0038138646632432938 
vn -0.006437679752707481 -0.005398050881922245 0.005423774477094412 
vn -0.0064633856527507305 -0.0038116900250315666 0.006610269658267498 
vn -0.006435162387788296 -0.0019750017672777176 0.0073951371014118195 
vn -0.006459943484514952 0.000021848185497219674 0.007633390370756388 
vn -0.006435162387788296 0.001975004095584154 0.007395136635750532 
vn -0.006443225312978029 0.0038116921205073595 0.006629921030253172 
vn -0.006467306986451149 0.005398052744567394 0.0053884112276136875 
vn -0.006438853219151497 0.006617379374802113 0.0038407633546739817 
vn -0.006436948664486408 0.007395281922072172 0.0019686284940689802 
vn -0.006435311399400234 0.007654199376702309 -1.247028480477752e-9 
vn -0.006436948664486408 0.007395281456410885 -0.0019686308223754168 
vn -0.006438853219151497 0.006617377977818251 -0.0038407654501497746 
vn -0.006467306986451149 0.005398050881922245 -0.0053884126245975494 
vn -0.006443225312978029 0.0038116900250315666 -0.006629922427237034 
vn -0.006435162387788296 0.0019750017672777176 -0.0073951371014118195 
vn -0.006459943484514952 -0.000021848185497219674 -0.007633390370756388 
vn -0.006435162387788296 -0.001975004095584154 -0.007395136635750532 
vn -0.0064633856527507305 -0.0038116921205073595 -0.006610268261283636 
vn -0.0041774786077439785 -0.006418575067073107 -0.006430440582334995 
vn -0.004139409400522709 -0.007874425500631332 -0.004567133262753487 
vn -0.004159457981586456 -0.008784868754446507 -0.00235053151845932 
vn -0.004152171313762665 -0.009097144939005375 0.00003781247141887434 
vn -0.004159457981586456 -0.008784867823123932 0.002350534312427044 
vn -0.004139409400522709 -0.007874424569308758 0.0045671360567212105 
vn -0.0041774786077439785 -0.00641857273876667 0.006430442910641432 
vn -0.004139849450439215 -0.004565190989524126 0.007875321432948112 
vn -0.004145832732319832 -0.002358874538913369 0.008789071813225746 
vn -0.004172866232693195 0.000021848421965842135 0.00908772274851799 
vn -0.004145832732319832 0.0023588775657117367 0.008789070881903172 
vn -0.004184721503406763 0.004565193317830563 0.007851568050682545 
vn -0.004155850037932396 0.006418575067073107 0.006444440223276615 
vn -0.004154217429459095 0.007874425500631332 0.004553668200969696 
vn -0.004165504593402147 0.008784868754446507 0.0023397994227707386 
vn -0.004152173176407814 0.009097144939005375 -0.000037594545574393123 
vn -0.004165504593402147 0.008784867823123932 -0.0023398022167384624 
vn -0.004154217429459095 0.007874424569308758 -0.00455367099493742 
vn -0.004155850037932396 0.00641857273876667 -0.006444442085921764 
vn -0.004184721503406763 0.004565190989524126 -0.00785156898200512 
vn -0.004145832732319832 0.002358874538913369 -0.008789071813225746 
vn -0.004172866232693195 -0.000021848421965842135 -0.00908772274851799 
vn -0.004145832732319832 -0.0023588775657117367 -0.008789070881903172 
vn -0.004139849450439215 -0.004565193317830563 -0.007875319570302963 
vn 0.00001887830330815632 -0.007063340395689011 -0.007078761700540781 
vn -5.17709819614499e-16 -0.008656611666083336 -0.005006304010748863 
vn -0.000018934921172331087 -0.00965831521898508 -0.0025916367303580046 
vn -2.068231052255163e-15 -0.009999999776482582 1.629209989140179e-9 
vn -0.000018934921172331087 -0.00965831521898508 0.002591639757156372 
vn 1.5509062091151912e-15 -0.008656609803438187 0.005006306804716587 
vn 0.00001887830330815632 -0.007063338067382574 0.0070787640288472176 
vn 0.000018883369193645194 -0.004987380001693964 0.008667507208883762 
vn 3.002385149782831e-15 -0.002570599317550659 0.009663954377174377 
vn 3.097898490739357e-15 0.000021848571122973226 0.009999976493418217 
vn 0.000018857259419746697 0.0025706023443490267 0.009663935750722885 
vn 0.000037714340578531846 0.004987382795661688 0.008667444810271263 
vn 0.000037692476325901225 0.007063340395689011 0.007078686263412237 
vn 0.00003762589403777383 0.008656611666083336 0.005006162449717522 
vn 0.0000187604091479443 0.00965831521898508 0.002591637894511223 
vn 0 0.009999999776482582 -1.629209989140179e-9 
vn 0.0000187604091479443 0.00965831521898508 -0.0025916409213095903 
vn 0.00003762589403777383 0.008656609803438187 -0.0050061652436852455 
vn 0.000037692476325901225 0.007063338067382574 -0.007078688591718674 
vn 0.000037714340578531846 0.004987380001693964 -0.008667445741593838 
vn 0.000018857259419746697 0.002570599317550659 -0.00966393668204546 
vn -1.0341130909078582e-15 -0.000021848571122973226 -0.009999976493418217 
vn -9.993645171588162e-16 -0.0025706023443490267 -0.009663954377174377 
vn 0.000018883369193645194 -0.004987382795661688 -0.008667505346238613 
vn 0.00003762589403777383 0.008656611666083336 0.005006162449717522 
vn 0.00003762589403777383 0.008656611666083336 0.005006162449717522 
vn 0.000037692476325901225 0.007063340395689011 0.007078686263412237 
vn 0.000037692476325901225 0.007063340395689011 0.007078686263412237 
vn 0.000037714340578531846 0.004987382795661688 0.008667444810271263 
vn 0.000037714340578531846 0.004987382795661688 0.008667444810271263 
vn 0.000018857259419746697 0.0025706023443490267 0.009663935750722885 
vn 0.000018857259419746697 0.0025706023443490267 0.009663935750722885 
vn 3.097898490739357e-15 0.000021848571122973226 0.009999976493418217 
vn 3.097898490739357e-15 0.000021848571122973226 0.009999976493418217 
vn 3.002385149782831e-15 -0.002570599317550659 0.009663954377174377 
vn 3.002385149782831e-15 -0.002570599317550659 0.009663954377174377 
vn 0.000018883369193645194 -0.004987380001693964 0.008667507208883762 
vn 0.000018883369193645194 -0.004987380001693964 0.008667507208883762 
vn 0.00001887830330815632 -0.007063338067382574 0.0070787640288472176 
vn 0.00001887830330815632 -0.007063338067382574 0.0070787640288472176 
vn 1.5509062091151912e-15 -0.008656609803438187 0.005006306804716587 
vn 1.5509062091151912e-15 -0.008656609803438187 0.005006306804716587 
vn -0.000018934921172331087 -0.00965831521898508 0.002591639757156372 
vn -0.000018934921172331087 -0.00965831521898508 0.002591639757156372 
vn -2.068231052255163e-15 -0.009999999776482582 1.629209989140179e-9 
vn -2.068231052255163e-15 -0.009999999776482582 1.629209989140179e-9 
vn -0.000018934921172331087 -0.00965831521898508 -0.0025916367303580046 
vn -0.000018934921172331087 -0.00965831521898508 -0.0025916367303580046 
vn -5.17709819614499e-16 -0.008656611666083336 -0.005006304010748863 
vn -5.17709819614499e-16 -0.008656611666083336 -0.005006304010748863 
vn 0.00001887830330815632 -0.007063340395689011 -0.007078761700540781 
vn 0.00001887830330815632 -0.007063340395689011 -0.007078761700540781 
vn 0.000018883369193645194 -0.004987382795661688 -0.008667505346238613 
vn 0.000018883369193645194 -0.004987382795661688 -0.008667505346238613 
vn -9.993645171588162e-16 -0.0025706023443490267 -0.009663954377174377 
vn -9.993645171588162e-16 -0.0025706023443490267 -0.009663954377174377 
vn -1.0341130909078582e-15 -0.000021848571122973226 -0.009999976493418217 
vn -1.0341130909078582e-15 -0.000021848571122973226 -0.009999976493418217 
vn 0.000018857259419746697 0.002570599317550659 -0.00966393668204546 
vn 0.000018857259419746697 0.002570599317550659 -0.00966393668204546 
vn 0.000037714340578531846 0.004987380001693964 -0.008667445741593838 
vn 0.000037714340578531846 0.004987380001693964 -0.008667445741593838 
vn 0.000037692476325901225 0.007063338067382574 -0.007078688591718674 
vn 0.000037692476325901225 0.007063338067382574 -0.007078688591718674 
vn 0.00003762589403777383 0.008656609803438187 -0.0050061652436852455 
vn 0.00003762589403777383 0.008656609803438187 -0.0050061652436852455 
vn 0.0000187604091479443 0.00965831521898508 -0.0025916409213095903 
vn 0.0000187604091479443 0.00965831521898508 -0.0025916409213095903 
vn 0 0.009999999776482582 -1.629209989140179e-9 
vn 0 0.009999999776482582 -1.629209989140179e-9 
vn 0.0000187604091479443 0.00965831521898508 0.002591637894511223 
vn 0.0000187604091479443 0.00965831521898508 0.002591637894511223 
vn -0.009999976493418217 0.00002184694130846765 -3.557257353264953e-12 
vn -0.0092387730255723 0.000021847565221833065 0.00382682541385293 
vn -0.009999976493418217 0.00002184694130846765 -3.557257353264953e-12 
vn -0.009243946522474289 0.00098153087310493 0.0036859274841845036 
vn -0.009999976493418217 0.00002184694130846765 -3.557257353264953e-12 
vn -0.009242578409612179 0.0019321513827890158 0.0032926469575613737 
vn -0.009999976493418217 0.00002184694130846765 -3.557257353264953e-12 
vn -0.009248971939086914 0.0026970533654093742 0.0026800038758665323 
vn -0.009999976493418217 0.00002184694130846765 -3.557257353264953e-12 
vn -0.009236332029104233 0.0033219321630895138 0.001911788247525692 
vn -0.009999976493418217 0.00002184694130846765 -3.557257353264953e-12 
vn -0.00924251601099968 0.0036901815328747034 0.0009790133917704225 
vn -0.009999976493418217 0.00002184694130846765 -3.557257353264953e-12 
vn -0.00922831054776907 0.0038520500529557467 -6.275779340647603e-10 
vn -0.009999976493418217 0.00002184694130846765 -3.557257353264953e-12 
vn -0.00924251601099968 0.0036901813000440598 -0.0009790145559236407 
vn -0.009999976493418217 0.00002184694130846765 -3.557257353264953e-12 
vn -0.009236332029104233 0.0033219316974282265 -0.0019117892952635884 
vn -0.009999976493418217 0.00002184694130846765 -3.557257353264953e-12 
vn -0.009248971939086914 0.0026970524340867996 -0.0026800045743584633 
vn -0.009999976493418217 0.00002184694130846765 -3.557257353264953e-12 
vn -0.009242578409612179 0.0019321503350511193 -0.0032926476560533047 
vn -0.009999976493418217 0.00002184694130846765 -3.557257353264953e-12 
vn -0.009243946522474289 0.0009815295925363898 -0.003685927949845791 
vn -0.009999976493418217 0.00002184694130846765 -3.557257353264953e-12 
vn -0.0092387730255723 -0.000021847565221833065 -0.00382682541385293 
vn -0.009999976493418217 0.00002184694130846765 -3.557257353264953e-12 
vn -0.009243946522474289 -0.00098153087310493 -0.0036859274841845036 
vn -0.009999976493418217 0.00002184694130846765 -3.557257353264953e-12 
vn -0.009228437207639217 -0.0019321513827890158 -0.0033320770598948 
vn -0.009999976493418217 0.00002184694130846765 -3.557257353264953e-12 
vn -0.009237432852387428 -0.0026970533654093742 -0.002719511277973652 
vn -0.009999976493418217 0.00002184694130846765 -3.557257353264953e-12 
vn -0.009236332029104233 -0.0033219321630895138 -0.001911788247525692 
vn -0.009999976493418217 0.00002184694130846765 -3.557257353264953e-12 
vn -0.009238321334123611 -0.0036901815328747034 -0.0010178294032812119 
vn -0.009999976493418217 0.00002184694130846765 -3.557257353264953e-12 
vn -0.00922831054776907 -0.0038520500529557467 6.275817643341952e-10 
vn -0.009999976493418217 0.00002184694130846765 -3.557257353264953e-12 
vn -0.009238321334123611 -0.0036901813000440598 0.0010178305674344301 
vn -0.009999976493418217 0.00002184694130846765 -3.557257353264953e-12 
vn -0.009236332029104233 -0.0033219316974282265 0.0019117892952635884 
vn -0.009999976493418217 0.00002184694130846765 -3.557257353264953e-12 
vn -0.009237432852387428 -0.0026970524340867996 0.0027195122092962265 
vn -0.009999976493418217 0.00002184694130846765 -3.557257353264953e-12 
vn -0.009228437207639217 -0.0019321503350511193 0.0033320775255560875 
vn -0.009999976493418217 0.00002184694130846765 -3.557257353264953e-12 
vn -0.009243946522474289 -0.0009815295925363898 0.003685927949845791 
vn -0.005865612532943487 0.000021848261894774623 0.008099018596112728 
vn -0.005873808637261391 0.0021033305674791336 0.007815008983016014 
vn -0.0058296299539506435 0.004052726086229086 0.007042075507342815 
vn -0.005844169296324253 0.005724824033677578 0.005750832613557577 
vn -0.00584777258336544 0.007032342720776796 0.004043477587401867 
vn -0.005830133333802223 0.007847418077290058 0.002104179933667183 
vn -0.005849537439644337 0.008110666647553444 -1.3213967697822682e-9 
vn -0.005830133333802223 0.007847417145967484 -0.002104182494804263 
vn -0.00584777258336544 0.007032341323792934 -0.0040434799157083035 
vn -0.005844169296324253 0.005724822171032429 -0.005750834476202726 
vn -0.0058296299539506435 0.004052723757922649 -0.00704207643866539 
vn -0.005873808637261391 0.0021033280063420534 -0.007815009914338589 
vn -0.005865612532943487 -0.000021848261894774623 -0.008099018596112728 
vn -0.005834633018821478 -0.0021033305674791336 -0.00784430094063282 
vn -0.0058296299539506435 -0.004052726086229086 -0.007042075507342815 
vn -0.005864070262759924 -0.005724824033677578 -0.0057305386289954185 
vn -0.00582202197983861 -0.007032342720776796 -0.004080467391759157 
vn -0.005827298387885094 -0.007847418077290058 -0.0021120202727615833 
vn -0.005849537439644337 -0.008110666647553444 1.3213992122729223e-9 
vn -0.005827298387885094 -0.007847417145967484 0.0021120228338986635 
vn -0.00582202197983861 -0.007032341323792934 0.004080469720065594 
vn -0.005864070262759924 -0.005724822171032429 0.005730540491640568 
vn -0.0058296299539506435 -0.004052723757922649 0.00704207643866539 
vn -0.005834633018821478 -0.0021033280063420534 0.007844301871955395 
vn 0.00001887830330815632 -0.007063338067382574 0.0070787640288472176 
vn 0.0041774786077439785 -0.00641857273876667 0.006430442910641432 
vn 0.000018883369193645194 -0.004987380001693964 0.008667507208883762 
vn 0.004139849450439215 -0.004565190989524126 0.007875321432948112 
vn 3.002385149782831e-15 -0.002570599317550659 0.009663954377174377 
vn 0.004179931711405516 -0.002358874538913369 0.00877290591597557 
vn 3.097898490739357e-15 0.000021848571122973226 0.009999976493418217 
vn 0.004172866232693195 -0.000021845460651093163 0.00908772274851799 
vn 0.000018857259419746697 0.0025706023443490267 0.009663935750722885 
vn 0.004179931711405516 0.002358877332881093 0.008772904984652996 
vn 0.000037714340578531846 0.004987382795661688 0.008667444810271263 
vn 0.004151395987719297 0.004565193317830563 0.007869238965213299 
vn 0.000037692476325901225 0.007063340395689011 0.007078686263412237 
vn 0.004187483340501785 0.006418575067073107 0.006423930637538433 
vn 0.00003762589403777383 0.008656611666083336 0.005006162449717522 
vn 0.004154217429459095 0.007874425500631332 0.004553668200969696 
vn 0.0000187604091479443 0.00965831521898508 0.002591637894511223 
vn 0.004146952647715807 0.008784868754446507 0.0023725242353975773 
vn 0 0.009999999776482582 -1.629209989140179e-9 
vn 0.004152343608438969 0.009097144939005375 -1.4821158744737772e-9 
vn 0.0000187604091479443 0.00965831521898508 -0.0025916409213095903 
vn 0.004146952647715807 0.008784867823123932 -0.002372527262195945 
vn 0.00003762589403777383 0.008656609803438187 -0.0050061652436852455 
vn 0.004154217429459095 0.007874424569308758 -0.00455367099493742 
vn 0.000037692476325901225 0.007063338067382574 -0.007078688591718674 
vn 0.004187483340501785 0.00641857273876667 -0.00642393296584487 
vn 0.000037714340578531846 0.004987380001693964 -0.008667445741593838 
vn 0.004151395987719297 0.004565190989524126 -0.007869239896535873 
vn 0.000018857259419746697 0.002570599317550659 -0.00966393668204546 
vn 0.004179931711405516 0.002358874538913369 -0.00877290591597557 
vn -1.0341130909078582e-15 -0.000021848571122973226 -0.009999976493418217 
vn 0.004172866232693195 -0.000021848421965842135 -0.00908772274851799 
vn -9.993645171588162e-16 -0.0025706023443490267 -0.009663954377174377 
vn 0.004179931711405516 -0.002358877332881093 -0.008772904984652996 
vn 0.000018883369193645194 -0.004987382795661688 -0.008667505346238613 
vn 0.004139849450439215 -0.004565193317830563 -0.007875319570302963 
vn 0.00001887830330815632 -0.007063340395689011 -0.007078761700540781 
vn 0.0041774786077439785 -0.006418575067073107 -0.006430440582334995 
vn -5.17709819614499e-16 -0.008656611666083336 -0.005006304010748863 
vn 0.004139409400522709 -0.007874425500631332 -0.004567133262753487 
vn -0.000018934921172331087 -0.00965831521898508 -0.0025916367303580046 
vn 0.004140727687627077 -0.008784868754446507 -0.0023833727464079857 
vn -2.068231052255163e-15 -0.009999999776482582 1.629209989140179e-9 
vn 0.004152343608438969 -0.009097144939005375 1.4821158744737772e-9 
vn -0.000018934921172331087 -0.00965831521898508 0.002591639757156372 
vn 0.004140727687627077 -0.008784867823123932 0.0023833755403757095 
vn 1.5509062091151912e-15 -0.008656609803438187 0.005006306804716587 
vn 0.004139409400522709 -0.007874424569308758 0.0045671360567212105 
vn 0.006454823538661003 -0.006617377977818251 0.0038138646632432938 
vn 0.006437679752707481 -0.005398050881922245 0.005423774477094412 
vn 0.006436327006667852 -0.0038116900250315666 0.0066366191022098064 
vn 0.006435162387788296 -0.0019750017672777176 0.0073951371014118195 
vn 0.006459943484514952 0.000021848185497219674 0.007633390370756388 
vn 0.006435162387788296 0.001975004095584154 0.007395136635750532 
vn 0.006443225312978029 0.0038116921205073595 0.006629921030253172 
vn 0.006443093530833721 0.005398052744567394 0.0054173399694263935 
vn 0.00645807757973671 0.006617379374802113 0.003808349836617708 
vn 0.006425823550671339 0.007395281922072172 0.0020046443678438663 
vn 0.006435311399400234 0.007654199376702309 -1.2470298127453816e-9 
vn 0.006425823550671339 0.007395281456410885 -0.002004646696150303 
vn 0.00645807757973671 0.006617377977818251 -0.003808351932093501 
vn 0.006443093530833721 0.005398050881922245 -0.005417341832071543 
vn 0.006443225312978029 0.0038116900250315666 -0.006629922427237034 
vn 0.006435162387788296 0.0019750017672777176 -0.0073951371014118195 
vn 0.006459943484514952 -0.000021848185497219674 -0.007633390370756388 
vn 0.006435162387788296 -0.001975004095584154 -0.007395136635750532 
vn 0.006436327006667852 -0.0038116921205073595 -0.0066366177052259445 
vn 0.006437679752707481 -0.005398052744567394 -0.005423772614449263 
vn 0.006454823538661003 -0.006617379374802113 -0.003813862567767501 
vn 0.006424739956855774 -0.007395281922072172 -0.0020081137772649527 
vn 0.006435311399400234 -0.007654199376702309 1.2470298127453816e-9 
vn 0.006424739956855774 -0.007395281456410885 0.002008116338402033 
vn 0.007189048454165459 -0.006715083494782448 0.0017958942335098982 
vn 0.007185961119830608 -0.006007869727909565 0.0035024939570575953 
vn 0.007199208252131939 -0.004911447409540415 0.0049039870500564575 
vn 0.00716363824903965 -0.003486265428364277 0.0060438597574830055 
vn 0.0071784392930567265 -0.001803375780582428 0.006724420934915543 
vn 0.007177039980888367 0.00002184807635785546 0.006963448598980904 
vn 0.007184616755694151 0.0018033778760582209 0.006717819720506668 
vn 0.00716363824903965 0.0034862675238400698 0.006043858360499144 
vn 0.007199208252131939 0.004911449272185564 0.004903985187411308 
vn 0.007188344374299049 0.006007871124893427 0.003497597761452198 
vn 0.0071897609159350395 0.006715083960443735 0.001793039496988058 
vn 0.007201150059700012 0.006938546895980835 -1.130434967855365e-9 
vn 0.0071897609159350395 0.006715083494782448 -0.0017930417088791728 
vn 0.007188344374299049 0.006007869727909565 -0.003497599856927991 
vn 0.007199208252131939 0.004911447409540415 -0.0049039870500564575 
vn 0.00716363824903965 0.003486265428364277 -0.0060438597574830055 
vn 0.007184616755694151 0.001803375780582428 -0.006717820651829243 
vn 0.007177039980888367 -0.00002184807635785546 -0.006963448598980904 
vn 0.0071784392930567265 -0.0018033778760582209 -0.006724420469254255 
vn 0.00716363824903965 -0.0034862675238400698 -0.006043858360499144 
vn 0.007199208252131939 -0.004911449272185564 -0.004903985187411308 
vn 0.007185961119830608 -0.006007871124893427 -0.0035024918615818024 
vn 0.007189048454165459 -0.006715083960443735 -0.0017958920216187835 
vn 0.007201150059700012 -0.006938546895980835 1.130434967855365e-9 
vn 0.009738045744597912 -0.0022738652769476175 3.704604123466737e-10 
vn 0.009738855063915253 -0.002188680926337838 0.0006036388804204762 
vn 0.009746192954480648 -0.0019321506842970848 0.0011307153617963195 
vn 0.009746171534061432 -0.0015880756545811892 0.0015780257526785135 
vn 0.009744727984070778 -0.0011118906550109386 0.0019503759685903788 
vn 0.009743591770529747 -0.0005895255599170923 0.0021713769529014826 
vn 0.00974443182349205 0.00002184730692533776 0.0022462347988039255 
vn 0.009743591770529747 0.0005895262584090233 0.002171376720070839 
vn 0.009744727984070778 0.0011118912370875478 0.0019503755029290915 
vn 0.009746171534061432 0.0015880761202424765 0.0015780252870172262 
vn 0.009746352210640907 0.0019321510335430503 0.0011293368879705667 
vn 0.009738855063915253 0.002188680926337838 0.0006036381819285452 
vn 0.009738045744597912 0.0022738652769476175 -3.704604123466737e-10 
vn 0.009738855063915253 0.002188680926337838 -0.0006036388804204762 
vn 0.009746352210640907 0.0019321506842970848 -0.0011293375864624977 
vn 0.009746171534061432 0.0015880756545811892 -0.0015780257526785135 
vn 0.009744727984070778 0.0011118906550109386 -0.0019503759685903788 
vn 0.009743591770529747 0.0005895255599170923 -0.0021713769529014826 
vn 0.00974443182349205 -0.00002184730692533776 -0.0022462347988039255 
vn 0.009743591770529747 -0.0005895262584090233 -0.002171376720070839 
vn 0.009744727984070778 -0.0011118912370875478 -0.0019503755029290915 
vn 0.009746171534061432 -0.0015880761202424765 -0.0015780252870172262 
vn 0.009746192954480648 -0.0019321510335430503 -0.0011307147797197104 
vn 0.009738855063915253 -0.002188680926337838 -0.0006036381819285452 
vn 0.009999976493418217 0.00002184694130846765 -3.5593255773291865e-12 
vn 0.009999976493418217 0.00002184694130846765 -3.5593255773291865e-12 
vn 0.009999976493418217 0.00002184694130846765 -3.5593255773291865e-12 
vn 0.009999976493418217 0.00002184694130846765 -3.5593255773291865e-12 
vn 0.009999976493418217 0.00002184694130846765 -3.5593255773291865e-12 
vn 0.009999976493418217 0.00002184694130846765 -3.5593255773291865e-12 
vn 0.009999976493418217 0.00002184694130846765 -3.5593255773291865e-12 
vn 0.009999976493418217 0.00002184694130846765 -3.5593255773291865e-12 
vn 0.009999976493418217 0.00002184694130846765 -3.5593255773291865e-12 
vn 0.009999976493418217 0.00002184694130846765 -3.5593255773291865e-12 
vn 0.009999976493418217 0.00002184694130846765 -3.5593255773291865e-12 
vn 0.009999976493418217 0.00002184694130846765 -3.5593255773291865e-12 
vn 0.009999976493418217 0.00002184694130846765 -3.5593255773291865e-12 
vn 0.009999976493418217 0.00002184694130846765 -3.5593255773291865e-12 
vn 0.009999976493418217 0.00002184694130846765 -3.5593255773291865e-12 
vn 0.009999976493418217 0.00002184694130846765 -3.5593255773291865e-12 
vn 0.009999976493418217 0.00002184694130846765 -3.5593255773291865e-12 
vn 0.009999976493418217 0.00002184694130846765 -3.5593255773291865e-12 
vn 0.009999976493418217 0.00002184694130846765 -3.5593255773291865e-12 
vn 0.009999976493418217 0.00002184694130846765 -3.5593255773291865e-12 
vn 0.009999976493418217 0.00002184694130846765 -3.5593255773291865e-12 
vn 0.009999976493418217 0.00002184694130846765 -3.5593255773291865e-12 
vn 0.009999976493418217 0.00002184694130846765 -3.5593255773291865e-12 
vn 0.009999976493418217 0.00002184694130846765 -3.5593255773291865e-12 
vn -5.17709819614499e-16 -0.008656611666083336 -0.005006304010748863 
vn 0.00001887830330815632 -0.007063340395689011 -0.007078761700540781 
vn 0.00001887830330815632 -0.007063340395689011 -0.007078761700540781 
vn 0.000018883369193645194 -0.004987382795661688 -0.008667505346238613 
vn 0.000018883369193645194 -0.004987382795661688 -0.008667505346238613 
vn -9.993645171588162e-16 -0.0025706023443490267 -0.009663954377174377 
vn -9.993645171588162e-16 -0.0025706023443490267 -0.009663954377174377 
vn -1.0341130909078582e-15 -0.000021848571122973226 -0.009999976493418217 
vn -1.0341130909078582e-15 -0.000021848571122973226 -0.009999976493418217 
vn 0.000018857259419746697 0.002570599317550659 -0.00966393668204546 
vn 0.000018857259419746697 0.002570599317550659 -0.00966393668204546 
vn 0.000037714340578531846 0.004987380001693964 -0.008667445741593838 
vn 0.000037714340578531846 0.004987380001693964 -0.008667445741593838 
vn 0.000037692476325901225 0.007063338067382574 -0.007078688591718674 
vn 0.000037692476325901225 0.007063338067382574 -0.007078688591718674 
vn 0.00003762589403777383 0.008656609803438187 -0.0050061652436852455 
vn 0.00003762589403777383 0.008656609803438187 -0.0050061652436852455 
vn 0.0000187604091479443 0.00965831521898508 -0.0025916409213095903 
vn 0.0000187604091479443 0.00965831521898508 -0.0025916409213095903 
vn 0 0.009999999776482582 -1.629209989140179e-9 
vn 0 0.009999999776482582 -1.629209989140179e-9 
vn 0.0000187604091479443 0.00965831521898508 0.002591637894511223 
vn 0.0000187604091479443 0.00965831521898508 0.002591637894511223 
vn 0.00003762589403777383 0.008656611666083336 0.005006162449717522 
vn 0.00003762589403777383 0.008656611666083336 0.005006162449717522 
vn 0.000037692476325901225 0.007063340395689011 0.007078686263412237 
vn 0.000037692476325901225 0.007063340395689011 0.007078686263412237 
vn 0.000037714340578531846 0.004987382795661688 0.008667444810271263 
vn 0.000037714340578531846 0.004987382795661688 0.008667444810271263 
vn 0.000018857259419746697 0.0025706023443490267 0.009663935750722885 
vn 0.000018857259419746697 0.0025706023443490267 0.009663935750722885 
vn 3.097898490739357e-15 0.000021848571122973226 0.009999976493418217 
vn 3.097898490739357e-15 0.000021848571122973226 0.009999976493418217 
vn 3.002385149782831e-15 -0.002570599317550659 0.009663954377174377 
vn 3.002385149782831e-15 -0.002570599317550659 0.009663954377174377 
vn 0.000018883369193645194 -0.004987380001693964 0.008667507208883762 
vn 0.000018883369193645194 -0.004987380001693964 0.008667507208883762 
vn 0.00001887830330815632 -0.007063338067382574 0.0070787640288472176 
vn 0.00001887830330815632 -0.007063338067382574 0.0070787640288472176 
vn 1.5509062091151912e-15 -0.008656609803438187 0.005006306804716587 
vn 1.5509062091151912e-15 -0.008656609803438187 0.005006306804716587 
vn -0.000018934921172331087 -0.00965831521898508 0.002591639757156372 
vn -0.000018934921172331087 -0.00965831521898508 0.002591639757156372 
vn -2.068231052255163e-15 -0.009999999776482582 1.629209989140179e-9 
vn -2.068231052255163e-15 -0.009999999776482582 1.629209989140179e-9 
vn -0.000018934921172331087 -0.00965831521898508 -0.0025916367303580046 
vn -0.000018934921172331087 -0.00965831521898508 -0.0025916367303580046 
vn -5.17709819614499e-16 -0.008656611666083336 -0.005006304010748863 
vn -0.0015531107783317566 -0.009364977478981018 0.0031440488528460264 
vn 0.001519078272394836 -0.009364977478981018 0.0031606326811015606 
vn -0.0015219092601910233 -0.0031150910072028637 0.009379765018820763 
vn 0.001559150405228138 -0.0031150910072028637 0.009373647160828114 
vn 0.006503409706056118 0.001415285631082952 0.00746341934427619 
vn 0.006623001303523779 -0.007482877932488918 -0.00037734056240879 
vn 0.00738422991707921 0.004330400377511978 0.005169214680790901 
vn 0.006884946022182703 -0.005688943434506655 -0.004498159047216177 
vn 0.007356543559581041 0.0029067674186080694 0.006118167657405138 
vn 0.006777685135602951 -0.004565193317830563 -0.0057638525031507015 
vn 0.007475866470485926 0.0009815313387662172 0.00656871497631073 
vn 0.006770085543394089 -0.0028230431489646435 -0.006796790286898613 
vn 0.007333534304052591 -0.0009380370029248297 0.006733450572937727 
vn 0.006871707271784544 -0.0011986945755779743 -0.007165386341512203 
vn 0.007756155915558338 -0.003280686680227518 0.005392508581280708 
vn 0.006470686290413141 0.0015880747232586145 -0.007457093335688114 
vn 0.007979471236467361 0.0007203242857940495 -0.005984075833112001 
vn 0.006377555895596743 -0.0036088202614337206 0.00680464506149292 
vn 0.006851509679108858 -0.00028397110872901976 0.007278472650796175 
vn 0.007086304947733879 -0.0017603833694010973 -0.0068326666951179504 
vn 0.006750892847776413 0.001588077051565051 0.007204405032098293 
vn 0.007086304947733879 -0.0017603833694010973 -0.0068326666951179504 
vn 0.007734948769211769 0.002316393656656146 0.005899566691368818 
vn -0.0015219092601910233 -0.0031150910072028637 0.009379765018820763 
vn -0.006503409706056118 0.001415285631082952 0.00746341934427619 
vn -0.0015531107783317566 -0.009364977478981018 0.0031440488528460264 
vn -0.006623001303523779 -0.007482877932488918 -0.00037734056240879 
vn -0.007362541742622852 0.004330400377511978 0.005200058687478304 
vn -0.006884946022182703 -0.005688943434506655 -0.004498159047216177 
vn -0.007332369685173035 0.002906767651438713 0.00614711781963706 
vn -0.006777685135602951 -0.004565193317830563 -0.0057638525031507015 
vn -0.007475866470485926 0.0009815313387662172 0.00656871497631073 
vn -0.006770085543394089 -0.0028230431489646435 -0.006796790286898613 
vn -0.007358999457210302 -0.0009380370029248297 0.006705611012876034 
vn -0.006871707271784544 -0.0011986945755779743 -0.007165386341512203 
vn -0.007756155915558338 -0.003280686680227518 0.005392508581280708 
vn -0.006470686290413141 0.0015880747232586145 -0.007457093335688114 
vn -0.007979471236467361 0.0007203242857940495 -0.005984075833112001 
vn -0.006377555895596743 -0.0036088202614337206 0.00680464506149292 
vn -0.006851509679108858 -0.00028397110872901976 0.007278472650796175 
vn -0.007060043979436159 -0.0017603833694010973 -0.0068597979843616486 
vn -0.006750892847776413 0.001588077051565051 0.007204405032098293 
vn -0.007060043979436159 -0.0017603833694010973 -0.0068597979843616486 
vn -0.007734948769211769 0.002316393656656146 0.005899566691368818 
vn -0.006538938730955124 -0.001889263279736042 -0.007326182909309864 
vn 0.005955347791314125 0.008033295162022114 -1.3087925188060012e-9 
vn 0 0.009999999776482582 -1.629209989140179e-9 
vn 0.00592274172231555 0.0069699459709227085 0.004042398184537888 
vn 0.00003762589403777383 0.008656611666083336 0.005006162449717522 
vn 0.000037714340578531846 0.004987382795661688 0.008667444810271263 
vn 0.005943651311099529 0.0040127430111169815 0.00696928333491087 
vn 0.005926607642322779 0.00002184825461881701 0.008054492063820362 
vn 3.097898490739357e-15 0.000021848571122973226 0.009999976493418217 
vn 0.0059357392601668835 -0.004012740682810545 0.006976023782044649 
vn 0.000018883369193645194 -0.004987380001693964 0.008667507208883762 
vn 0.005957017652690411 -0.006969944573938847 0.00399171793833375 
vn 1.5509062091151912e-15 -0.008656609803438187 0.005006306804716587 
vn 0.005955347791314125 -0.008033295162022114 1.3087925188060012e-9 
vn -2.068231052255163e-15 -0.009999999776482582 1.629209989140179e-9 
vn 0.005957017652690411 -0.0069699459709227085 -0.003991715610027313 
vn -5.17709819614499e-16 -0.008656611666083336 -0.005006304010748863 
vn 0.0059357392601668835 -0.0040127430111169815 -0.0069760228507220745 
vn 0.000018883369193645194 -0.004987382795661688 -0.008667505346238613 
vn 0.005926607642322779 0.000021845629817107692 -0.008054492063820362 
vn -1.0341130909078582e-15 0.000021845313312951475 -0.009999976493418217 
vn 0.005943651311099529 0.004012740682810545 -0.006969284266233444 
vn 0.000037714340578531846 0.004987380001693964 -0.008667445741593838 
vn 0.00592274172231555 0.006969944573938847 -0.004042400512844324 
vn 0.00003762589403777383 0.008656609803438187 -0.0050061652436852455 
vn 0.005955347791314125 0.008033295162022114 -1.3087925188060012e-9 
vn -0.005955228582024574 0.008033295162022114 -0.00003764547727769241 
vn -0.00592274172231555 0.0069699459709227085 0.004042398184537888 
vn 0 0.009999999776482582 -1.629209989140179e-9 
vn 0.00003762589403777383 0.008656611666083336 0.005006162449717522 
vn 0.000037714340578531846 0.004987382795661688 0.008667444810271263 
vn -0.0059722959995269775 0.0040127430111169815 0.006944751832634211 
vn -0.005926607642322779 0.00002184825461881701 0.008054492063820362 
vn 3.097898490739357e-15 0.000021848571122973226 0.009999976493418217 
vn -0.0059357392601668835 -0.004012740682810545 0.006976023782044649 
vn 0.000018883369193645194 -0.004987380001693964 0.008667507208883762 
vn 1.5509062091151912e-15 -0.008656609803438187 0.005006306804716587 
vn -0.005957017652690411 -0.006969944573938847 0.00399171793833375 
vn -0.005955227650702 -0.008033295162022114 -0.00003779495455091819 
vn -2.068231052255163e-15 -0.009999999776482582 1.629209989140179e-9 
vn -0.005957017652690411 -0.0069699459709227085 -0.003991715610027313 
vn -5.17709819614499e-16 -0.008656611666083336 -0.005006304010748863 
vn -0.0059357392601668835 -0.0040127430111169815 -0.0069760228507220745 
vn 0.000018883369193645194 -0.004987382795661688 -0.008667505346238613 
vn -0.005926607642322779 0.000021845629817107692 -0.008054492063820362 
vn -1.0341130909078582e-15 0.000021845313312951475 -0.009999976493418217 
vn -0.0059722959995269775 0.004012740682810545 -0.006944752763956785 
vn 0.000037714340578531846 0.004987380001693964 -0.008667445741593838 
vn -0.00592274172231555 0.006969944573938847 -0.004042400512844324 
vn 0.00003762589403777383 0.008656609803438187 -0.0050061652436852455 
vn -0.005955228582024574 0.008033295162022114 -0.00003764547727769241 
vn 0 0.009999999776482582 -1.629209989140179e-9 
vn -0.007734948769211769 0.002316393656656146 0.005899566691368818 
vn -0.006750892847776413 0.001588077051565051 0.007204405032098293 
vn 0.007734948769211769 0.002316393656656146 0.005899566691368818 
vn 0.006750892847776413 0.001588077051565051 0.007204405032098293 
vn -0.006851509679108858 -0.00028397110872901976 0.007278472650796175 
vn 0.006851509679108858 -0.00028397110872901976 0.007278472650796175 
vn -0.006377555895596743 -0.0036088202614337206 0.00680464506149292 
vn 0.006377555895596743 -0.0036088202614337206 0.00680464506149292 
vn -0.007756155915558338 -0.003280686680227518 0.005392508581280708 
vn 0.007756155915558338 -0.003280686680227518 0.005392508581280708 
vn 0.007333534304052591 -0.0009380370029248297 0.006733450572937727 
vn -0.007358999457210302 -0.0009380370029248297 0.006705611012876034 
vn 0.007475866470485926 0.0009815313387662172 0.00656871497631073 
vn -0.007475866470485926 0.0009815313387662172 0.00656871497631073 
vn 0.007356543559581041 0.0029067674186080694 0.006118167657405138 
vn -0.007332369685173035 0.002906767651438713 0.00614711781963706 
vn 0.00738422991707921 0.004330400377511978 0.005169214680790901 
vn -0.007362541742622852 0.004330400377511978 0.005200058687478304 
vn 0.006503409706056118 0.001415285631082952 0.00746341934427619 
vn -0.006503409706056118 0.001415285631082952 0.00746341934427619 
vn 0.001559150405228138 -0.0031150910072028637 0.009373647160828114 
vn -0.0015219092601910233 -0.0031150910072028637 0.009379765018820763 
vn 0.006510719656944275 -0.001889263279736042 -0.007351273205131292 
vn 0.007086304947733879 -0.0017603833694010973 -0.0068326666951179504 
vn -0.006538938730955124 -0.001889263279736042 -0.007326182909309864 
vn -0.007060043979436159 -0.0017603833694010973 -0.0068597979843616486 
vn 0.007086304947733879 -0.0017603833694010973 -0.0068326666951179504 
vn -0.007060043979436159 -0.0017603833694010973 -0.0068597979843616486 
vn 0.007979471236467361 0.0007203242857940495 -0.005984075833112001 
vn -0.007979471236467361 0.0007203242857940495 -0.005984075833112001 
vn 0.006470686290413141 0.0015880747232586145 -0.007457093335688114 
vn -0.006470686290413141 0.0015880747232586145 -0.007457093335688114 
vn -0.006871707271784544 -0.0011986945755779743 -0.007165386341512203 
vn 0.006871707271784544 -0.0011986945755779743 -0.007165386341512203 
vn -0.006770085543394089 -0.0028230431489646435 -0.006796790286898613 
vn 0.006770085543394089 -0.0028230431489646435 -0.006796790286898613 
vn -0.006777685135602951 -0.004565193317830563 -0.0057638525031507015 
vn 0.006777685135602951 -0.004565193317830563 -0.0057638525031507015 
vn -0.006884946022182703 -0.005688943434506655 -0.004498159047216177 
vn 0.006884946022182703 -0.005688943434506655 -0.004498159047216177 
vn -0.006623001303523779 -0.007482877932488918 -0.00037734056240879 
vn 0.006623001303523779 -0.007482877932488918 -0.00037734056240879 
vn -0.0015531107783317566 -0.009364977478981018 0.0031440488528460264 
vn 0.001519078272394836 -0.009364977478981018 0.0031606326811015606 
vn -0.005957017652690411 -0.0069699459709227085 -0.003991715610027313 
vn -0.005955227650702 -0.008033295162022114 -0.00003779495455091819 
vn -0.009947826154530048 -0.0008945281151682138 -0.0004904766683466733 
vn -0.009947329759597778 -0.0010250037303194404 1.6699669425079833e-10 
vn -0.009944138117134571 0.000021846770323463716 -0.001055295579135418 
vn -0.009947826154530048 -0.0008945279405452311 0.0004904769593849778 
vn -0.009947826154530048 0.0008945281151682138 0.0004904766683466733 
vn -0.009944138117134571 0.000021847114112460986 0.001055295579135418 
vn -0.009949646890163422 0.0005022687837481499 0.0008673228439874947 
vn -0.005926607642322779 0.00002184825461881701 0.008054492063820362 
vn -0.0059722959995269775 0.0040127430111169815 0.006944751832634211 
vn -0.0059357392601668835 -0.004012740682810545 0.006976023782044649 
vn -0.009949646890163422 -0.0005022684927098453 0.0008673229604028165 
vn -0.005957017652690411 -0.006969944573938847 0.00399171793833375 
vn -0.00592274172231555 0.0069699459709227085 0.004042398184537888 
vn -0.009947329759597778 0.0010250037303194404 -1.669925725478194e-10 
vn -0.005955228582024574 0.008033295162022114 -0.00003764547727769241 
vn -0.009947826154530048 0.0008945279405452311 -0.0004904769593849778 
vn -0.00592274172231555 0.006969944573938847 -0.004042400512844324 
vn -0.0059722959995269775 0.004012740682810545 -0.006944752763956785 
vn -0.009949646890163422 0.0005022684927098453 -0.0008673229604028165 
vn -0.005926607642322779 0.000021845629817107692 -0.008054492063820362 
vn -0.0059357392601668835 -0.0040127430111169815 -0.0069760228507220745 
vn -0.009949646890163422 -0.0005022687837481499 -0.0008673228439874947 
vn 0.005926607642322779 0.000021845629817107692 -0.008054492063820362 
vn 0.005943651311099529 0.004012740682810545 -0.006969284266233444 
vn 0.00994629692286253 0.0005022684927098453 -0.0009049312793649733 
vn 0.00592274172231555 0.006969944573938847 -0.004042400512844324 
vn 0.009945896454155445 0.0008945279405452311 -0.000528171774931252 
vn 0.009947329759597778 0.0010250037303194404 -1.6699462646041496e-10 
vn 0.009945896454155445 0.0008945281151682138 0.0005281714838929474 
vn 0.00592274172231555 0.0069699459709227085 0.004042398184537888 
vn 0.005943651311099529 0.0040127430111169815 0.00696928333491087 
vn 0.009944138117134571 0.000021846770323463716 -0.001055295579135418 
vn 0.009944138117134571 0.000021847114112460986 0.001055295579135418 
vn 0.00994629692286253 0.0005022687837481499 0.0009049311047419906 
vn 0.005926607642322779 0.00002184825461881701 0.008054492063820362 
vn 0.0059357392601668835 -0.004012740682810545 0.006976023782044649 
vn 0.00994629692286253 -0.0005022684927098453 0.0009049312793649733 
vn 0.009945896454155445 -0.0008945279405452311 0.000528171774931252 
vn 0.009947329759597778 -0.0010250037303194404 1.6699462646041496e-10 
vn 0.009945896454155445 -0.0008945281151682138 -0.0005281714838929474 
vn 0.005957017652690411 -0.0069699459709227085 -0.003991715610027313 
vn 0.0059357392601668835 -0.0040127430111169815 -0.0069760228507220745 
vn 0.00994629692286253 -0.0005022687837481499 -0.0009049311047419906 
vn 0.005955347791314125 -0.008033295162022114 1.3087925188060012e-9 
vn 0.005957017652690411 -0.006969944573938847 0.00399171793833375 
vn 0.005955347791314125 0.008033295162022114 -1.3087925188060012e-9 
vn 0 0.009999999776482582 -1.629209989140179e-9 
vn 0.006510719656944275 -0.001889263279736042 -0.007351273205131292 
vt 0.6758933663368225 0.33116456866264343 
vt 0.6777639985084534 0.33706986904144287 
vt 0.6741927862167358 0.331726998090744 
vt 0.6760634183883667 0.33763226866722107 
vt 0.6764035820960999 0.3429751694202423 
vt 0.6805700063705444 0.3416394293308258 
vt 0.6823555827140808 0.35956621170043945 
vt 0.6906034350395203 0.3594256341457367 
vt 0.6835460066795349 0.3745403587818146 
vt 0.6962153911590576 0.3760869801044464 
vt 0.6813352704048157 0.38803815841674805 
vt 0.697150707244873 0.3954900801181793 
vt 0.6778490543365479 0.3943652808666229 
vt 0.6949399709701538 0.4051916301250458 
vt 0.6727473139762878 0.3999190628528595 
vt 0.6911136507987976 0.41397926211357117 
vt 0.6828657984733582 0.4195330739021301 
vt 0.6568467617034912 0.40392622351646423 
vt 0.6525102853775024 0.41018301248550415 
vt 0.681675374507904 0.4245244264602661 
vt 0.6502995491027832 0.41489318013191223 
vt 0.6806550025939941 0.42902371287345886 
vt 0.6497043371200562 0.4206578731536865 
vt 0.3278680443763733 0.7469252943992615 
vt 0.3278680443763733 0.7599309682846069 
vt 0.3367961347103119 0.7469252943992615 
vt 0.3367961347103119 0.7599309682846069 
vt 0.3457242250442505 0.7599309682846069 
vt 0.3457242250442505 0.7469252943992615 
vt 0.3547373414039612 0.7599309682846069 
vt 0.3547373414039612 0.7469252943992615 
vt 0.3636654317378998 0.7599309682846069 
vt 0.3636654317378998 0.7469252943992615 
vt 0.3726785480976105 0.7599309682846069 
vt 0.3726785480976105 0.7469252943992615 
vt 0.3816066086292267 0.7599309682846069 
vt 0.3816066086292267 0.7469252943992615 
vt 0.3906197249889374 0.7599309682846069 
vt 0.3906197249889374 0.7469252943992615 
vt 0.399547815322876 0.7599309682846069 
vt 0.399547815322876 0.7469252943992615 
vt 0.40856093168258667 0.7599309682846069 
vt 0.40856093168258667 0.7469252943992615 
vt 0.41748902201652527 0.7599309682846069 
vt 0.41748902201652527 0.7469252943992615 
vt 0.42650213837623596 0.7469252943992615 
vt 0.42650213837623596 0.7599309682846069 
vt 0.43543022871017456 0.7469252943992615 
vt 0.43543022871017456 0.7469252943992615 
vt 0.43543022871017456 0.7599309682846069 
vt 0.42650213837623596 0.7469252943992615 
vt 0.42650213837623596 0.7599309682846069 
vt 0.41748902201652527 0.7469252943992615 
vt 0.41748902201652527 0.7599309682846069 
vt 0.40856093168258667 0.7469252943992615 
vt 0.40856093168258667 0.7599309682846069 
vt 0.399547815322876 0.7469252943992615 
vt 0.399547815322876 0.7599309682846069 
vt 0.3906197249889374 0.7469252943992615 
vt 0.3906197249889374 0.7599309682846069 
vt 0.3816066086292267 0.7469252943992615 
vt 0.3816066086292267 0.7599309682846069 
vt 0.3726785480976105 0.7469252943992615 
vt 0.3726785480976105 0.7599309682846069 
vt 0.3636654317378998 0.7469252943992615 
vt 0.3636654317378998 0.7599309682846069 
vt 0.3547373414039612 0.7469252943992615 
vt 0.3547373414039612 0.7599309682846069 
vt 0.3457242250442505 0.7469252943992615 
vt 0.3457242250442505 0.7599309682846069 
vt 0.3367961347103119 0.7469252943992615 
vt 0.3367961347103119 0.7599309682846069 
vt 0.3278680443763733 0.7469252943992615 
vt 0.3278680443763733 0.7599309682846069 
vt 0.04004352167248726 0.34754472970962524 
vt 0.039703406393527985 0.34206125140190125 
vt 0.054498519748449326 0.34649020433425903 
vt 0.05407337471842766 0.34100672602653503 
vt 0.03936328738927841 0.33770257234573364 
vt 0.053733255714178085 0.3366480767726898 
vt 0.03902317211031914 0.33306270837783813 
vt 0.05339314043521881 0.33193787932395935 
vt 0.03834293410181999 0.3238532543182373 
vt 0.052712902426719666 0.3227987587451935 
vt 0.05203266814351082 0.31387051939964294 
vt 0.037662699818611145 0.31499531865119934 
vt 0.05135243386030197 0.3047313690185547 
vt 0.036897435784339905 0.3057858943939209 
vt 0.04999196156859398 0.28673428297042847 
vt 0.035621993243694305 0.28785911202430725 
vt 0.04871652275323868 0.2704947292804718 
vt 0.034346554428339005 0.271549254655838 
vt 0.047356050461530685 0.2516540288925171 
vt 0.03298608213663101 0.2527085542678833 
vt 0.04284949228167534 0.24954499304294586 
vt 0.03706749528646469 0.2499668002128601 
vt 0.625130832195282 0.7966984510421753 
vt 0.6193488240242004 0.7984560132026672 
vt 0.6204541921615601 0.7810916304588318 
vt 0.6146721839904785 0.782849133014679 
vt 0.6140770316123962 0.8000026345252991 
vt 0.609485387802124 0.7843957543373108 
vt 0.6064243316650391 0.8022522330284119 
vt 0.6017477512359619 0.7866454124450684 
vt 0.5900136828422546 0.8071733117103577 
vt 0.5853370428085327 0.7915664911270142 
vt 0.5778544545173645 0.7937458157539368 
vt 0.5824460387229919 0.8094229698181152 
vt 0.5705419778823853 0.7959251403808594 
vt 0.5752185583114624 0.8115320205688477 
vt 0.5567671656608582 0.8000026345252991 
vt 0.5614438056945801 0.8156094551086426 
vt 0.541716992855072 0.8045018911361694 
vt 0.5463935732841492 0.8201087117195129 
vt 0.524030864238739 0.8097744584083557 
vt 0.5287075042724609 0.825381338596344 
vt 0.5227554440498352 0.8152579665184021 
vt 0.5246260762214661 0.8214444518089294 
vt 0.09233660250902176 0.42143118381500244 
vt 0.09225157648324966 0.4231184124946594 
vt 0.08740489929914474 0.4199548661708832 
vt 0.08723483979701996 0.4242432415485382 
vt 0.0702289566397667 0.4229075014591217 
vt 0.06827328354120255 0.4151743948459625 
vt 0.05594402179121971 0.4255789518356323 
vt 0.051182374358177185 0.4141198694705963 
vt 0.04386984556913376 0.4311327338218689 
vt 0.03290105238556862 0.4182676374912262 
vt 0.03885311260819435 0.4359835088253021 
vt 0.024398112669587135 0.42283719778060913 
vt 0.03494175896048546 0.44217002391815186 
vt 0.017085585743188858 0.428672194480896 
vt 0.014024526812136173 0.4377410411834717 
vt 0.03528187796473503 0.4579877555370331 
vt 0.030605260282754898 0.4636821448802948 
vt 0.009688027203083038 0.44006097316741943 
vt 0.026693906635046005 0.4669159948825836 
vt 0.0056916456669569016 0.44224032759666443 
vt 0.02150711417198181 0.46895474195480347 
vt 0.0006749110179953277 0.44498205184936523 
vt 0.33628594875335693 0.46761900186538696 
vt 0.3408775329589844 0.45974528789520264 
vt 0.3331398665904999 0.4644554555416107 
vt 0.3365410268306732 0.45855018496513367 
vt 0.32718780636787415 0.46790021657943726 
vt 0.3111172616481781 0.45173096656799316 
vt 0.3203854560852051 0.46790021657943726 
vt 0.31451842188835144 0.4644554555416107 
vt 0.3112873136997223 0.46761900186538696 
vt 0.3111172616481781 0.45855018496513367 
vt 0.30678075551986694 0.45974528789520264 
vt 0.30678075551986694 0.4506061375141144 
vt 0.31451842188835144 0.4458256661891937 
vt 0.3112873136997223 0.4426621198654175 
vt 0.31928005814552307 0.43809255957603455 
vt 0.3203854560852051 0.44245120882987976 
vt 0.3331398665904999 0.4458256661891937 
vt 0.3365410268306732 0.45173096656799316 
vt 0.3408775329589844 0.4506061375141144 
vt 0.32837823033332825 0.43809255957603455 
vt 0.32727283239364624 0.44245120882987976 
vt 0.33628594875335693 0.4426621198654175 
vt 0.31928005814552307 0.4721885919570923 
vt 0.32837823033332825 0.4721885919570923 
vt 0.3112873136997223 0.46761900186538696 
vt 0.30678075551986694 0.45974528789520264 
vt 0.31451842188835144 0.4644554555416107 
vt 0.3111172616481781 0.45855018496513367 
vt 0.3111172616481781 0.45173096656799316 
vt 0.30678075551986694 0.4506061375141144 
vt 0.31451842188835144 0.4458256661891937 
vt 0.3112873136997223 0.4426621198654175 
vt 0.31928005814552307 0.43809255957603455 
vt 0.3203854560852051 0.44245120882987976 
vt 0.32727283239364624 0.44245120882987976 
vt 0.3365410268306732 0.45855018496513367 
vt 0.3203854560852051 0.46790021657943726 
vt 0.31928005814552307 0.4721885919570923 
vt 0.32837823033332825 0.4721885919570923 
vt 0.32718780636787415 0.46790021657943726 
vt 0.3331398665904999 0.4644554555416107 
vt 0.3408775329589844 0.45974528789520264 
vt 0.3365410268306732 0.45173096656799316 
vt 0.3408775329589844 0.4506061375141144 
vt 0.3331398665904999 0.4458256661891937 
vt 0.33628594875335693 0.4426621198654175 
vt 0.32837823033332825 0.43809255957603455 
vt 0.33628594875335693 0.46761900186538696 
vt 0.6792945265769958 0.4348587095737457 
vt 0.43543022871017456 0.7599309682846069 
vt 0.41823700070381165 0.5639414191246033 
vt 0.41963279247283936 0.5639414191246033 
vt 0.41823700070381165 0.5715868473052979 
vt 0.41963279247283936 0.5715868473052979 
vt 0.41823700070381165 0.5792323350906372 
vt 0.41963279247283936 0.5792323350906372 
vt 0.41823700070381165 0.5867636203765869 
vt 0.41963279247283936 0.5867636203765869 
vt 0.41823700070381165 0.5944090485572815 
vt 0.41963279247283936 0.5944090485572815 
vt 0.41823700070381165 0.601940393447876 
vt 0.41963279247283936 0.601940393447876 
vt 0.41823700070381165 0.6095858216285706 
vt 0.41963279247283936 0.6095858216285706 
vt 0.41823700070381165 0.617117166519165 
vt 0.41963279247283936 0.617117166519165 
vt 0.41823700070381165 0.6246485114097595 
vt 0.41963279247283936 0.6246485114097595 
vt 0.41823700070381165 0.6322939395904541 
vt 0.41963279247283936 0.6322939395904541 
vt 0.41823700070381165 0.6398252248764038 
vt 0.41963279247283936 0.6398252248764038 
vt 0.41823700070381165 0.6473565697669983 
vt 0.41963279247283936 0.6473565697669983 
vt 0.41823700070381165 0.6548879146575928 
vt 0.41963279247283936 0.6548879146575928 
vt 0.41823700070381165 0.6624192595481873 
vt 0.41963279247283936 0.6624192595481873 
vt 0.41823700070381165 0.669950544834137 
vt 0.41963279247283936 0.669950544834137 
vt 0.41823700070381165 0.6773677468299866 
vt 0.41963279247283936 0.6773677468299866 
vt 0.41823700070381165 0.684899091720581 
vt 0.41963279247283936 0.684899091720581 
vt 0.41823700070381165 0.6924304366111755 
vt 0.41963279247283936 0.6924304366111755 
vt 0.41823700070381165 0.6999617218971252 
vt 0.41963279247283936 0.6999617218971252 
vt 0.41823700070381165 0.7073789834976196 
vt 0.41963279247283936 0.7073789834976196 
vt 0.41823700070381165 0.7147961854934692 
vt 0.41963279247283936 0.7147961854934692 
vt 0.41823700070381165 0.7223275303840637 
vt 0.41963279247283936 0.7223275303840637 
vt 0.41823700070381165 0.7297447323799133 
vt 0.41963279247283936 0.7297447323799133 
vt 0.41823700070381165 0.7371619343757629 
vt 0.41963279247283936 0.7371619343757629 
vt 0.41823700070381165 0.7445791363716125 
vt 0.41963279247283936 0.7445791363716125 
vt 0.46868446469306946 0.5715868473052979 
vt 0.46868446469306946 0.5792323350906372 
vt 0.46868446469306946 0.5867636203765869 
vt 0.46868446469306946 0.5944090485572815 
vt 0.46868446469306946 0.601940393447876 
vt 0.46868446469306946 0.6095858216285706 
vt 0.46868446469306946 0.617117166519165 
vt 0.46868446469306946 0.6246485114097595 
vt 0.46868446469306946 0.6322939395904541 
vt 0.46868446469306946 0.6398252248764038 
vt 0.46868446469306946 0.6473565697669983 
vt 0.46868446469306946 0.6548879146575928 
vt 0.46868446469306946 0.6624192595481873 
vt 0.46868446469306946 0.669950544834137 
vt 0.46868446469306946 0.6773677468299866 
vt 0.46868446469306946 0.684899091720581 
vt 0.46868446469306946 0.6924304366111755 
vt 0.46868446469306946 0.6999617218971252 
vt 0.46868446469306946 0.7073789834976196 
vt 0.46868446469306946 0.7147961854934692 
vt 0.46868446469306946 0.7223275303840637 
vt 0.46868446469306946 0.7297447323799133 
vt 0.46868446469306946 0.7371619343757629 
vt 0.46868446469306946 0.7445791363716125 
vt 0.4733370542526245 0.5792323350906372 
vt 0.4733370542526245 0.5867636203765869 
vt 0.4733370542526245 0.5944090485572815 
vt 0.4733370542526245 0.601940393447876 
vt 0.4733370542526245 0.6095858216285706 
vt 0.4733370542526245 0.617117166519165 
vt 0.4733370542526245 0.6246485114097595 
vt 0.4733370542526245 0.6322939395904541 
vt 0.4733370542526245 0.6398252248764038 
vt 0.4733370542526245 0.6473565697669983 
vt 0.4733370542526245 0.6548879146575928 
vt 0.4733370542526245 0.6624192595481873 
vt 0.4733370542526245 0.669950544834137 
vt 0.4733370542526245 0.6773677468299866 
vt 0.4733370542526245 0.684899091720581 
vt 0.4733370542526245 0.6924304366111755 
vt 0.4733370542526245 0.6999617218971252 
vt 0.4733370542526245 0.7073789834976196 
vt 0.4733370542526245 0.7147961854934692 
vt 0.4733370542526245 0.7223275303840637 
vt 0.4733370542526245 0.7297447323799133 
vt 0.4733370542526245 0.7371619343757629 
vt 0.4733370542526245 0.7445791363716125 
vt 0.46868446469306946 0.5792323350906372 
vt 0.46868446469306946 0.5867636203765869 
vt 0.46868446469306946 0.5944090485572815 
vt 0.46868446469306946 0.601940393447876 
vt 0.46868446469306946 0.6095858216285706 
vt 0.46868446469306946 0.617117166519165 
vt 0.46868446469306946 0.6246485114097595 
vt 0.46868446469306946 0.6322939395904541 
vt 0.46868446469306946 0.6398252248764038 
vt 0.46868446469306946 0.6473565697669983 
vt 0.46868446469306946 0.6548879146575928 
vt 0.46868446469306946 0.6624192595481873 
vt 0.46868446469306946 0.669950544834137 
vt 0.46868446469306946 0.6773677468299866 
vt 0.46868446469306946 0.684899091720581 
vt 0.46868446469306946 0.6924304366111755 
vt 0.46868446469306946 0.6999617218971252 
vt 0.46868446469306946 0.7073789834976196 
vt 0.46868446469306946 0.7147961854934692 
vt 0.46868446469306946 0.7223275303840637 
vt 0.46868446469306946 0.7297447323799133 
vt 0.46868446469306946 0.7371619343757629 
vt 0.46868446469306946 0.7445791363716125 
vt 0.41963279247283936 0.5792323350906372 
vt 0.41963279247283936 0.5867636203765869 
vt 0.41963279247283936 0.5944090485572815 
vt 0.41963279247283936 0.601940393447876 
vt 0.41963279247283936 0.6095858216285706 
vt 0.41963279247283936 0.617117166519165 
vt 0.41963279247283936 0.6246485114097595 
vt 0.41963279247283936 0.6322939395904541 
vt 0.41963279247283936 0.6398252248764038 
vt 0.41963279247283936 0.6473565697669983 
vt 0.41963279247283936 0.6548879146575928 
vt 0.41963279247283936 0.6624192595481873 
vt 0.41963279247283936 0.669950544834137 
vt 0.41963279247283936 0.6773677468299866 
vt 0.41963279247283936 0.684899091720581 
vt 0.41963279247283936 0.6924304366111755 
vt 0.41963279247283936 0.6999617218971252 
vt 0.41963279247283936 0.7073789834976196 
vt 0.41963279247283936 0.7147961854934692 
vt 0.41963279247283936 0.7223275303840637 
vt 0.41963279247283936 0.7297447323799133 
vt 0.41963279247283936 0.7371619343757629 
vt 0.41963279247283936 0.7445791363716125 
vt 0.41823700070381165 0.5867636203765869 
vt 0.41823700070381165 0.5944090485572815 
vt 0.41823700070381165 0.601940393447876 
vt 0.41823700070381165 0.6095858216285706 
vt 0.41823700070381165 0.617117166519165 
vt 0.41823700070381165 0.6246485114097595 
vt 0.41823700070381165 0.6322939395904541 
vt 0.41823700070381165 0.6398252248764038 
vt 0.41823700070381165 0.6473565697669983 
vt 0.41823700070381165 0.6548879146575928 
vt 0.41823700070381165 0.6624192595481873 
vt 0.41823700070381165 0.669950544834137 
vt 0.41823700070381165 0.6773677468299866 
vt 0.41823700070381165 0.684899091720581 
vt 0.41823700070381165 0.6924304366111755 
vt 0.41823700070381165 0.6999617218971252 
vt 0.41823700070381165 0.7073789834976196 
vt 0.41823700070381165 0.7147961854934692 
vt 0.41823700070381165 0.7223275303840637 
vt 0.41823700070381165 0.7297447323799133 
vt 0.41823700070381165 0.7371619343757629 
vt 0.41823700070381165 0.7445791363716125 
vt 0.41823700070381165 0.5792323350906372 
vt 0.41963279247283936 0.5715868473052979 
vt 0.41823700070381165 0.5715868473052979 
vt 0.41963279247283936 0.5639414191246033 
vt 0.41823700070381165 0.5639414191246033 
vt 0.46868446469306946 0.5715868473052979 
vt 0.46868446469306946 0.5639414191246033 
vt 0.4733370542526245 0.5715868473052979 
vt 0.4733370542526245 0.5639414191246033 
vt 0.46868446469306946 0.5639414191246033 
vt 0.8979864120483398 0.684899091720581 
vt 0.9169955849647522 0.684899091720581 
vt 0.8979864120483398 0.6901481747627258 
vt 0.9169955849647522 0.6901481747627258 
vt 0.8979864120483398 0.6953973174095154 
vt 0.9169955849647522 0.6953973174095154 
vt 0.8979864120483398 0.700760543346405 
vt 0.9169955849647522 0.700760543346405 
vt 0.8979864120483398 0.7060096263885498 
vt 0.9169955849647522 0.7060096263885498 
vt 0.8979864120483398 0.7113728523254395 
vt 0.9169955849647522 0.7113728523254395 
vt 0.8979864120483398 0.7166219353675842 
vt 0.9169955849647522 0.7166219353675842 
vt 0.8979864120483398 0.7218710780143738 
vt 0.9169955849647522 0.7218710780143738 
vt 0.8979864120483398 0.7272343039512634 
vt 0.9169955849647522 0.7272343039512634 
vt 0.8979864120483398 0.7324833869934082 
vt 0.9169955849647522 0.7324833869934082 
vt 0.8979864120483398 0.7378466129302979 
vt 0.9169955849647522 0.7378466129302979 
vt 0.8979864120483398 0.7430956959724426 
vt 0.9169955849647522 0.7430956959724426 
vt 0.8979864120483398 0.7483448386192322 
vt 0.9169955849647522 0.7483448386192322 
vt 0.8979864120483398 0.753708004951477 
vt 0.9169955849647522 0.753708004951477 
vt 0.8979864120483398 0.7589571475982666 
vt 0.9169955849647522 0.7589571475982666 
vt 0.8979864120483398 0.7643203735351562 
vt 0.9169955849647522 0.7643203735351562 
vt 0.8979864120483398 0.769569456577301 
vt 0.9169955849647522 0.769569456577301 
vt 0.8979864120483398 0.7748185396194458 
vt 0.9169955849647522 0.7748185396194458 
vt 0.8979864120483398 0.7801817655563354 
vt 0.9169955849647522 0.7801817655563354 
vt 0.8979864120483398 0.785430908203125 
vt 0.9169955849647522 0.785430908203125 
vt 0.8979864120483398 0.7907941341400146 
vt 0.9169955849647522 0.7907941341400146 
vt 0.8979864120483398 0.7960432171821594 
vt 0.9169955849647522 0.7960432171821594 
vt 0.8979864120483398 0.8012923002243042 
vt 0.9169955849647522 0.8012923002243042 
vt 0.8979864120483398 0.8066555261611938 
vt 0.9169955849647522 0.8066555261611938 
vt 0.8979864120483398 0.8119046688079834 
vt 0.9169955849647522 0.8119046688079834 
vt 0.43339118361473083 0.9410783052444458 
vt 0.43339118361473083 0.936627984046936 
vt 0.4345211088657379 0.9454144835472107 
vt 0.4345211088657379 0.9324058294296265 
vt 0.4367144703865051 0.9491801857948303 
vt 0.4367144703865051 0.9286401867866516 
vt 0.43983834981918335 0.9523752927780151 
vt 0.43983834981918335 0.9254450798034668 
vt 0.4436933696269989 0.95454341173172 
vt 0.4436933696269989 0.923276960849762 
vt 0.4479471743106842 0.9556844830513 
vt 0.4479471743106842 0.9221358895301819 
vt 0.45233389735221863 0.9556844830513 
vt 0.45233389735221863 0.9221358895301819 
vt 0.4566541612148285 0.95454341173172 
vt 0.4566541612148285 0.923276960849762 
vt 0.4604427218437195 0.9523752927780151 
vt 0.4635666012763977 0.9491801857948303 
vt 0.4604427218437195 0.9254450798034668 
vt 0.4635666012763977 0.9286401867866516 
vt 0.46582645177841187 0.9454144835472107 
vt 0.46582645177841187 0.9324058294296265 
vt 0.46695634722709656 0.9410783052444458 
vt 0.46695634722709656 0.936627984046936 
vt 0.43339118361473083 0.9410783052444458 
vt 0.4345211088657379 0.9454144835472107 
vt 0.43339118361473083 0.936627984046936 
vt 0.4367144703865051 0.9491801857948303 
vt 0.4345211088657379 0.9324058294296265 
vt 0.43983834981918335 0.9523752927780151 
vt 0.4367144703865051 0.9286401867866516 
vt 0.4436933696269989 0.95454341173172 
vt 0.43983834981918335 0.9254450798034668 
vt 0.4479471743106842 0.9556844830513 
vt 0.4436933696269989 0.923276960849762 
vt 0.45233389735221863 0.9556844830513 
vt 0.4479471743106842 0.9221358895301819 
vt 0.4566541612148285 0.95454341173172 
vt 0.45233389735221863 0.9221358895301819 
vt 0.4604427218437195 0.9523752927780151 
vt 0.4566541612148285 0.923276960849762 
vt 0.4635666012763977 0.9491801857948303 
vt 0.4604427218437195 0.9254450798034668 
vt 0.46582645177841187 0.9454144835472107 
vt 0.4635666012763977 0.9286401867866516 
vt 0.46695634722709656 0.9410783052444458 
vt 0.46582645177841187 0.9324058294296265 
vt 0.46695634722709656 0.936627984046936 
vt 0.9169955849647522 0.8119046688079834 
vt 0.9169955849647522 0.8066555261611938 
vt 0.8979864120483398 0.8119046688079834 
vt 0.8979864120483398 0.8066555261611938 
vt 0.9169955849647522 0.8012923002243042 
vt 0.8979864120483398 0.8012923002243042 
vt 0.9169955849647522 0.7960432171821594 
vt 0.8979864120483398 0.7960432171821594 
vt 0.9169955849647522 0.7907941341400146 
vt 0.8979864120483398 0.7907941341400146 
vt 0.9169955849647522 0.785430908203125 
vt 0.8979864120483398 0.785430908203125 
vt 0.9169955849647522 0.7801817655563354 
vt 0.8979864120483398 0.7801817655563354 
vt 0.9169955849647522 0.7748185396194458 
vt 0.8979864120483398 0.7748185396194458 
vt 0.9169955849647522 0.769569456577301 
vt 0.8979864120483398 0.769569456577301 
vt 0.9169955849647522 0.7643203735351562 
vt 0.8979864120483398 0.7643203735351562 
vt 0.9169955849647522 0.7589571475982666 
vt 0.8979864120483398 0.7589571475982666 
vt 0.9169955849647522 0.753708004951477 
vt 0.8979864120483398 0.753708004951477 
vt 0.9169955849647522 0.7483448386192322 
vt 0.8979864120483398 0.7483448386192322 
vt 0.9169955849647522 0.7430956959724426 
vt 0.8979864120483398 0.7430956959724426 
vt 0.9169955849647522 0.7378466129302979 
vt 0.8979864120483398 0.7378466129302979 
vt 0.9169955849647522 0.7324833869934082 
vt 0.8979864120483398 0.7324833869934082 
vt 0.9169955849647522 0.7272343039512634 
vt 0.8979864120483398 0.7272343039512634 
vt 0.9169955849647522 0.7218710780143738 
vt 0.8979864120483398 0.7218710780143738 
vt 0.9169955849647522 0.7166219353675842 
vt 0.8979864120483398 0.7166219353675842 
vt 0.9169955849647522 0.7113728523254395 
vt 0.8979864120483398 0.7113728523254395 
vt 0.9169955849647522 0.7060096263885498 
vt 0.8979864120483398 0.7060096263885498 
vt 0.9169955849647522 0.700760543346405 
vt 0.8979864120483398 0.700760543346405 
vt 0.9169955849647522 0.6953973174095154 
vt 0.8979864120483398 0.6953973174095154 
vt 0.9169955849647522 0.6901481747627258 
vt 0.8979864120483398 0.6901481747627258 
vt 0.9169955849647522 0.684899091720581 
vt 0.8979864120483398 0.684899091720581 
vt 0.8597021698951721 0.07919791340827942 
vt 0.8630919456481934 0.07874146848917007 
vt 0.863291323184967 0.09232067316770554 
vt 0.8664152026176453 0.0909513458609581 
vt 0.8700708150863647 0.10395999997854233 
vt 0.872729480266571 0.10190600156784058 
vt 0.8796418905258179 0.11354532092809677 
vt 0.8817023038864136 0.1108066588640213 
vt 0.8914062976837158 0.12027786672115326 
vt 0.892669141292572 0.11719687283039093 
vt 0.9044336080551147 0.12381531298160553 
vt 0.9048988819122314 0.12039197981357574 
vt 0.9179261326789856 0.12381531298160553 
vt 0.9175273180007935 0.12039197981357574 
vt 0.9310199022293091 0.12027786672115326 
vt 0.9296905398368835 0.11719687283039093 
vt 0.9427178502082825 0.11354532092809677 
vt 0.940657377243042 0.1108066588640213 
vt 0.9522889256477356 0.10395999997854233 
vt 0.9496302604675293 0.10190600156784058 
vt 0.9591348767280579 0.09220656752586365 
vt 0.9559445381164551 0.0909513458609581 
vt 0.9626575708389282 0.07919791340827942 
vt 0.959267795085907 0.07874146848917007 
vt 0.9626575708389282 0.06561870127916336 
vt 0.959267795085907 0.0660751461982727 
vt 0.9590684175491333 0.052495937794446945 
vt 0.9559445381164551 0.053751155734062195 
vt 0.9522889256477356 0.040742501616477966 
vt 0.9495638012886047 0.0429106131196022 
vt 0.9427178502082825 0.03127129003405571 
vt 0.940657377243042 0.03389584273099899 
vt 0.9309533834457397 0.024538740515708923 
vt 0.9296905398368835 0.02761973813176155 
vt 0.9179261326789856 0.0210012998431921 
vt 0.9174608588218689 0.0243105199187994 
vt 0.9044336080551147 0.0210012998431921 
vt 0.9048323631286621 0.0243105199187994 
vt 0.8913398385047913 0.024538740515708923 
vt 0.892669141292572 0.02761973813176155 
vt 0.8796418905258179 0.03127129003405571 
vt 0.8817023038864136 0.03389584273099899 
vt 0.8700043559074402 0.040742501616477966 
vt 0.872729480266571 0.0429106131196022 
vt 0.8632248640060425 0.052495937794446945 
vt 0.8663487434387207 0.05386526882648468 
vt 0.8597021698951721 0.06561870127916336 
vt 0.8630919456481934 0.0660751461982727 
vt 0.8690738677978516 0.06687392294406891 
vt 0.8691403269767761 0.07805679738521576 
vt 0.8719983100891113 0.08866912126541138 
vt 0.8775814771652222 0.09825444966554642 
vt 0.8854243755340576 0.10612810403108597 
vt 0.8949954509735107 0.1116054356098175 
vt 0.905696451663971 0.11445821076631546 
vt 0.9167962074279785 0.11445821076631546 
vt 0.9274307489395142 0.11149132251739502 
vt 0.9370682835578918 0.10601399838924408 
vt 0.9448447227478027 0.09814033657312393 
vt 0.9504278302192688 0.08855501562356949 
vt 0.9532858729362488 0.07782857865095139 
vt 0.9532194137573242 0.06675980985164642 
vt 0.9503613710403442 0.05603337660431862 
vt 0.9447782635688782 0.04644805192947388 
vt 0.936935305595398 0.038688503205776215 
vt 0.9273642897605896 0.033211175352334976 
vt 0.9166632890701294 0.03035840205848217 
vt 0.9055635333061218 0.03035840205848217 
vt 0.8949289917945862 0.033211175352334976 
vt 0.8852914571762085 0.0388026162981987 
vt 0.8775149583816528 0.04656216502189636 
vt 0.8719318509101868 0.056147489696741104 
vt 0.8899440765380859 0.04485049843788147 
vt 0.9000468850135803 0.04564927518367767 
vt 0.8978534936904907 0.04028606042265892 
vt 0.9073581099510193 0.04370938986539841 
vt 0.9066269397735596 0.03788972645998001 
vt 0.9149351716041565 0.04359527677297592 
vt 0.9156662821769714 0.03788972645998001 
vt 0.9222463965415955 0.045535165816545486 
vt 0.9244397878646851 0.04028606042265892 
vt 0.9287600517272949 0.04941494017839432 
vt 0.9322827458381653 0.04473638907074928 
vt 0.9341437816619873 0.054664045572280884 
vt 0.9387298822402954 0.05112660303711891 
vt 0.9379323124885559 0.061282481998205185 
vt 0.9433160424232483 0.05900026485323906 
vt 0.939926266670227 0.0685855895280838 
vt 0.945642352104187 0.0677868127822876 
vt 0.939926266670227 0.07611691206693649 
vt 0.9457088112831116 0.0769156888127327 
vt 0.9379987716674805 0.08342001587152481 
vt 0.9433160424232483 0.08570224046707153 
vt 0.9342102408409119 0.09003845602273941 
vt 0.93879634141922 0.09357589483261108 
vt 0.9288265109062195 0.09540167450904846 
vt 0.9323492050170898 0.09996610879898071 
vt 0.92231285572052 0.09916733205318451 
vt 0.9245062470436096 0.10453055053949356 
vt 0.915001630783081 0.10110722482204437 
vt 0.915732741355896 0.10681277513504028 
vt 0.9074245691299438 0.10110722482204437 
vt 0.9066934585571289 0.10681277513504028 
vt 0.9001133441925049 0.09916733205318451 
vt 0.8979199528694153 0.10453055053949356 
vt 0.8935996890068054 0.09540167450904846 
vt 0.8900769948959351 0.09996610879898071 
vt 0.888215959072113 0.09003845602273941 
vt 0.8836298584938049 0.09357589483261108 
vt 0.8844274282455444 0.0835341289639473 
vt 0.879043698310852 0.08570224046707153 
vt 0.8824334740638733 0.07623102515935898 
vt 0.8767173886299133 0.07702980190515518 
vt 0.8824334740638733 0.06869969516992569 
vt 0.8766509294509888 0.06790091842412949 
vt 0.8843609690666199 0.061282481998205185 
vt 0.879043698310852 0.059114374220371246 
vt 0.8881494998931885 0.05477815493941307 
vt 0.8835633397102356 0.0512407161295414 
vt 0.8934667706489563 0.04941494017839432 
vt 0.9245062470436096 0.10453055053949356 
vt 0.92231285572052 0.09916733205318451 
vt 0.9323492050170898 0.09996610879898071 
vt 0.9288265109062195 0.09540167450904846 
vt 0.93879634141922 0.09357589483261108 
vt 0.9342102408409119 0.09003845602273941 
vt 0.9433160424232483 0.08570224046707153 
vt 0.9379987716674805 0.08342001587152481 
vt 0.9457088112831116 0.0769156888127327 
vt 0.939926266670227 0.07611691206693649 
vt 0.945642352104187 0.0677868127822876 
vt 0.939926266670227 0.0685855895280838 
vt 0.9433160424232483 0.05900026485323906 
vt 0.9379323124885559 0.061282481998205185 
vt 0.9387298822402954 0.05112660303711891 
vt 0.9341437816619873 0.054664045572280884 
vt 0.9322827458381653 0.04473638907074928 
vt 0.9287600517272949 0.04941494017839432 
vt 0.9244397878646851 0.04028606042265892 
vt 0.9222463965415955 0.045535165816545486 
vt 0.9156662821769714 0.03788972645998001 
vt 0.9149351716041565 0.04359527677297592 
vt 0.9066269397735596 0.03788972645998001 
vt 0.9073581099510193 0.04370938986539841 
vt 0.8978534936904907 0.04028606042265892 
vt 0.9000468850135803 0.04564927518367767 
vt 0.8899440765380859 0.04485049843788147 
vt 0.8934667706489563 0.04941494017839432 
vt 0.8835633397102356 0.0512407161295414 
vt 0.8881494998931885 0.05477815493941307 
vt 0.879043698310852 0.059114374220371246 
vt 0.8843609690666199 0.061282481998205185 
vt 0.8766509294509888 0.06790091842412949 
vt 0.8824334740638733 0.06869969516992569 
vt 0.8767173886299133 0.07702980190515518 
vt 0.8824334740638733 0.07623102515935898 
vt 0.879043698310852 0.08570224046707153 
vt 0.8844274282455444 0.0835341289639473 
vt 0.8836298584938049 0.09357589483261108 
vt 0.888215959072113 0.09003845602273941 
vt 0.8900769948959351 0.09996610879898071 
vt 0.8935996890068054 0.09540167450904846 
vt 0.8979199528694153 0.10453055053949356 
vt 0.9001133441925049 0.09916733205318451 
vt 0.9066934585571289 0.10681277513504028 
vt 0.9074245691299438 0.10110722482204437 
vt 0.915732741355896 0.10681277513504028 
vt 0.915001630783081 0.10110722482204437 
vt 0.9202524423599243 0.0685855895280838 
vt 0.9249715209007263 0.061853036284446716 
vt 0.9189895987510681 0.06641747802495956 
vt 0.9217811226844788 0.0586579293012619 
vt 0.9171950221061707 0.06459169834852219 
vt 0.9177932143211365 0.05637570843100548 
vt 0.9149351716041565 0.06333648413419724 
vt 0.9134729504585266 0.05512049049139023 
vt 0.9124759435653687 0.06265181303024292 
vt 0.9088867902755737 0.05512049049139023 
vt 0.9098837971687317 0.06265181303024292 
vt 0.9045000672340393 0.05637570843100548 
vt 0.9074245691299438 0.06333648413419724 
vt 0.9005785584449768 0.0586579293012619 
vt 0.9051647186279297 0.06459169834852219 
vt 0.897388219833374 0.061853036284446716 
vt 0.9033701419830322 0.06641747802495956 
vt 0.8951283693313599 0.06573281437158585 
vt 0.902107298374176 0.0685855895280838 
vt 0.893932044506073 0.07006902992725372 
vt 0.9014426469802856 0.0710960254073143 
vt 0.893932044506073 0.07463347166776657 
vt 0.9014426469802856 0.0736064687371254 
vt 0.8951283693313599 0.07908380031585693 
vt 0.902107298374176 0.07611691206693649 
vt 0.897388219833374 0.08296357095241547 
vt 0.9033701419830322 0.07839913666248322 
vt 0.9005785584449768 0.08615867793560028 
vt 0.9051647186279297 0.08022490888834 
vt 0.9045000672340393 0.088440902531147 
vt 0.9074245691299438 0.08148013055324554 
vt 0.9088867902755737 0.08958201110363007 
vt 0.9098837971687317 0.08216479420661926 
vt 0.9134729504585266 0.08958201110363007 
vt 0.9124759435653687 0.08216479420661926 
vt 0.9177932143211365 0.088440902531147 
vt 0.9149351716041565 0.08148013055324554 
vt 0.9217811226844788 0.08615867793560028 
vt 0.9171285629272461 0.08022490888834 
vt 0.9249715209007263 0.08296357095241547 
vt 0.9189895987510681 0.07839913666248322 
vt 0.9272313117980957 0.07908380031585693 
vt 0.9202524423599243 0.07611691206693649 
vt 0.9284276962280273 0.07463347166776657 
vt 0.9209170937538147 0.07372058182954788 
vt 0.9284276962280273 0.07006902992725372 
vt 0.9209170937538147 0.0710960254073143 
vt 0.9272313117980957 0.06573281437158585 
vt 0.927763044834137 0.05957081913948059 
vt 0.9239080548286438 0.05580515414476395 
vt 0.9191889762878418 0.05306649208068848 
vt 0.913871705532074 0.05169715732336044 
vt 0.908421516418457 0.05169715732336044 
vt 0.9031707644462585 0.05306649208068848 
vt 0.8984516859054565 0.05580515414476395 
vt 0.894530177116394 0.05968492850661278 
vt 0.891805112361908 0.06436347961425781 
vt 0.8904093503952026 0.06972669810056686 
vt 0.8904093503952026 0.07508991658687592 
vt 0.8918715715408325 0.08045312762260437 
vt 0.8945966958999634 0.0851316824555397 
vt 0.8984516859054565 0.08901145309209824 
vt 0.9031707644462585 0.0917501226067543 
vt 0.9084879755973816 0.09311944991350174 
vt 0.9139381647109985 0.09311944991350174 
vt 0.9191889762878418 0.0917501226067543 
vt 0.9239080548286438 0.08901145309209824 
vt 0.927763044834137 0.0851316824555397 
vt 0.9304881691932678 0.08033902198076248 
vt 0.9319503903388977 0.07508991658687592 
vt 0.9319503903388977 0.06961258500814438 
vt 0.9304881691932678 0.06436347961425781 
vt 0.9293582439422607 0.05842970684170723 
vt 0.9251044392585754 0.05420760065317154 
vt 0.9199200868606567 0.0512407161295414 
vt 0.914137601852417 0.04964316263794899 
vt 0.9081556797027588 0.04964316263794899 
vt 0.9023731350898743 0.0512407161295414 
vt 0.8971888422966003 0.05420760065317154 
vt 0.892935037612915 0.05842970684170723 
vt 0.8900105357170105 0.0636788159608841 
vt 0.8884153366088867 0.06938436627388 
vt 0.888481855392456 0.07543224841356277 
vt 0.8900105357170105 0.08125190436840057 
vt 0.8930014967918396 0.08638690412044525 
vt 0.8972553014755249 0.09060900658369064 
vt 0.9024396538734436 0.09357589483261108 
vt 0.9082221388816833 0.0950593426823616 
vt 0.9142040610313416 0.0950593426823616 
vt 0.9199865460395813 0.09357589483261108 
vt 0.9251708984375 0.09049490094184875 
vt 0.9293582439422607 0.08627279102802277 
vt 0.9323492050170898 0.08113779872655869 
vt 0.9339443445205688 0.07531813532114029 
vt 0.9338778853416443 0.06938436627388 
vt 0.9323492050170898 0.06356470286846161 
vt 0.9310199022293091 0.057060375809669495 
vt 0.9263672828674316 0.052495937794446945 
vt 0.920717716217041 0.049186717718839645 
vt 0.9144034385681152 0.04758916422724724 
vt 0.9078897833824158 0.04758916422724724 
vt 0.9015755653381348 0.04930082708597183 
vt 0.8958595395088196 0.052495937794446945 
vt 0.8912733793258667 0.05717448517680168 
vt 0.8880165815353394 0.06288003921508789 
vt 0.8862884640693665 0.06915614008903503 
vt 0.886354923248291 0.07566046714782715 
vt 0.8880165815353394 0.08205068856477737 
vt 0.8913398385047913 0.0876421257853508 
vt 0.8959259986877441 0.09232067316770554 
vt 0.9016420245170593 0.09551578015089035 
vt 0.9079563021659851 0.09722744673490524 
vt 0.9144698977470398 0.09722744673490524 
vt 0.9207841753959656 0.09551578015089035 
vt 0.9264337420463562 0.09220656752586365 
vt 0.9310863614082336 0.0876421257853508 
vt 0.934343159198761 0.08193657547235489 
vt 0.9360712766647339 0.07566046714782715 
vt 0.9360048174858093 0.06904203444719315 
vt 0.934343159198761 0.0627659261226654 
vt 0.9341437816619873 0.054664045572280884 
vt 0.9287600517272949 0.04941494017839432 
vt 0.9222463965415955 0.045535165816545486 
vt 0.9149351716041565 0.04359527677297592 
vt 0.9073581099510193 0.04370938986539841 
vt 0.9000468850135803 0.04564927518367767 
vt 0.8934667706489563 0.04941494017839432 
vt 0.8881494998931885 0.05477815493941307 
vt 0.8843609690666199 0.061282481998205185 
vt 0.8824334740638733 0.06869969516992569 
vt 0.8824334740638733 0.07623102515935898 
vt 0.8844274282455444 0.0835341289639473 
vt 0.888215959072113 0.09003845602273941 
vt 0.8935996890068054 0.09540167450904846 
vt 0.9001133441925049 0.09916733205318451 
vt 0.9074245691299438 0.10110722482204437 
vt 0.915001630783081 0.10110722482204437 
vt 0.92231285572052 0.09916733205318451 
vt 0.9288265109062195 0.09540167450904846 
vt 0.9342102408409119 0.09003845602273941 
vt 0.9379987716674805 0.08342001587152481 
vt 0.939926266670227 0.07611691206693649 
vt 0.939926266670227 0.0685855895280838 
vt 0.9379323124885559 0.061282481998205185 
vt 0.9322827458381653 0.04473638907074928 
vt 0.936935305595398 0.038688503205776215 
vt 0.9387298822402954 0.05112660303711891 
vt 0.9447782635688782 0.04644805192947388 
vt 0.9433160424232483 0.05900026485323906 
vt 0.9503613710403442 0.05603337660431862 
vt 0.945642352104187 0.0677868127822876 
vt 0.9532194137573242 0.06675980985164642 
vt 0.9457088112831116 0.0769156888127327 
vt 0.9532858729362488 0.07782857865095139 
vt 0.9433160424232483 0.08570224046707153 
vt 0.9504278302192688 0.08855501562356949 
vt 0.93879634141922 0.09357589483261108 
vt 0.9448447227478027 0.09814033657312393 
vt 0.9323492050170898 0.09996610879898071 
vt 0.9370682835578918 0.10601399838924408 
vt 0.9245062470436096 0.10453055053949356 
vt 0.9274307489395142 0.11149132251739502 
vt 0.915732741355896 0.10681277513504028 
vt 0.9167962074279785 0.11445821076631546 
vt 0.9066934585571289 0.10681277513504028 
vt 0.905696451663971 0.11445821076631546 
vt 0.8979199528694153 0.10453055053949356 
vt 0.8949954509735107 0.1116054356098175 
vt 0.8900769948959351 0.09996610879898071 
vt 0.8854243755340576 0.10612810403108597 
vt 0.8836298584938049 0.09357589483261108 
vt 0.8775814771652222 0.09825444966554642 
vt 0.879043698310852 0.08570224046707153 
vt 0.8719983100891113 0.08866912126541138 
vt 0.8767173886299133 0.07702980190515518 
vt 0.8691403269767761 0.07805679738521576 
vt 0.8766509294509888 0.06790091842412949 
vt 0.8690738677978516 0.06687392294406891 
vt 0.879043698310852 0.059114374220371246 
vt 0.8719318509101868 0.056147489696741104 
vt 0.8835633397102356 0.0512407161295414 
vt 0.8775149583816528 0.04656216502189636 
vt 0.8899440765380859 0.04485049843788147 
vt 0.8852914571762085 0.0388026162981987 
vt 0.8978534936904907 0.04028606042265892 
vt 0.8949289917945862 0.033211175352334976 
vt 0.9066269397735596 0.03788972645998001 
vt 0.9055635333061218 0.03035840205848217 
vt 0.9156662821769714 0.03788972645998001 
vt 0.9166632890701294 0.03035840205848217 
vt 0.9244397878646851 0.04028606042265892 
vt 0.9273642897605896 0.033211175352334976 
vt 0.8719318509101868 0.056147489696741104 
vt 0.8630919456481934 0.0660751461982727 
vt 0.8690738677978516 0.06687392294406891 
vt 0.8630919456481934 0.07874146848917007 
vt 0.8691403269767761 0.07805679738521576 
vt 0.8664152026176453 0.0909513458609581 
vt 0.8719983100891113 0.08866912126541138 
vt 0.872729480266571 0.10190600156784058 
vt 0.8775814771652222 0.09825444966554642 
vt 0.8817023038864136 0.1108066588640213 
vt 0.8854243755340576 0.10612810403108597 
vt 0.892669141292572 0.11719687283039093 
vt 0.8949954509735107 0.1116054356098175 
vt 0.9048988819122314 0.12039197981357574 
vt 0.905696451663971 0.11445821076631546 
vt 0.9175273180007935 0.12039197981357574 
vt 0.9167962074279785 0.11445821076631546 
vt 0.9296905398368835 0.11719687283039093 
vt 0.9274307489395142 0.11149132251739502 
vt 0.940657377243042 0.1108066588640213 
vt 0.9370682835578918 0.10601399838924408 
vt 0.9496302604675293 0.10190600156784058 
vt 0.9448447227478027 0.09814033657312393 
vt 0.9559445381164551 0.0909513458609581 
vt 0.9504278302192688 0.08855501562356949 
vt 0.959267795085907 0.07874146848917007 
vt 0.9532858729362488 0.07782857865095139 
vt 0.959267795085907 0.0660751461982727 
vt 0.9532194137573242 0.06675980985164642 
vt 0.9559445381164551 0.053751155734062195 
vt 0.9503613710403442 0.05603337660431862 
vt 0.9495638012886047 0.0429106131196022 
vt 0.9447782635688782 0.04644805192947388 
vt 0.940657377243042 0.03389584273099899 
vt 0.936935305595398 0.038688503205776215 
vt 0.9296905398368835 0.02761973813176155 
vt 0.9273642897605896 0.033211175352334976 
vt 0.9174608588218689 0.0243105199187994 
vt 0.9166632890701294 0.03035840205848217 
vt 0.9048323631286621 0.0243105199187994 
vt 0.9055635333061218 0.03035840205848217 
vt 0.892669141292572 0.02761973813176155 
vt 0.8949289917945862 0.033211175352334976 
vt 0.8817023038864136 0.03389584273099899 
vt 0.8852914571762085 0.0388026162981987 
vt 0.872729480266571 0.0429106131196022 
vt 0.8775149583816528 0.04656216502189636 
vt 0.8663487434387207 0.05386526882648468 
vt 0.8597021698951721 0.06561870127916336 
vt 0.8597021698951721 0.07919791340827942 
vt 0.863291323184967 0.09232067316770554 
vt 0.8700708150863647 0.10395999997854233 
vt 0.8796418905258179 0.11354532092809677 
vt 0.8914062976837158 0.12027786672115326 
vt 0.9044336080551147 0.12381531298160553 
vt 0.9179261326789856 0.12381531298160553 
vt 0.9310199022293091 0.12027786672115326 
vt 0.9427178502082825 0.11354532092809677 
vt 0.9522889256477356 0.10395999997854233 
vt 0.9591348767280579 0.09220656752586365 
vt 0.9626575708389282 0.07919791340827942 
vt 0.9626575708389282 0.06561870127916336 
vt 0.9590684175491333 0.052495937794446945 
vt 0.9522889256477356 0.040742501616477966 
vt 0.9427178502082825 0.03127129003405571 
vt 0.9309533834457397 0.024538740515708923 
vt 0.9179261326789856 0.0210012998431921 
vt 0.9044336080551147 0.0210012998431921 
vt 0.8913398385047913 0.024538740515708923 
vt 0.8796418905258179 0.03127129003405571 
vt 0.8700043559074402 0.040742501616477966 
vt 0.8632248640060425 0.052495937794446945 
vt 0.8934667706489563 0.04941494017839432 
vt 0.8958595395088196 0.052495937794446945 
vt 0.8881494998931885 0.05477815493941307 
vt 0.8912733793258667 0.05717448517680168 
vt 0.8843609690666199 0.061282481998205185 
vt 0.8880165815353394 0.06288003921508789 
vt 0.8824334740638733 0.06869969516992569 
vt 0.8862884640693665 0.06915614008903503 
vt 0.8824334740638733 0.07623102515935898 
vt 0.886354923248291 0.07566046714782715 
vt 0.8844274282455444 0.0835341289639473 
vt 0.8880165815353394 0.08205068856477737 
vt 0.888215959072113 0.09003845602273941 
vt 0.8913398385047913 0.0876421257853508 
vt 0.8935996890068054 0.09540167450904846 
vt 0.8959259986877441 0.09232067316770554 
vt 0.9001133441925049 0.09916733205318451 
vt 0.9016420245170593 0.09551578015089035 
vt 0.9074245691299438 0.10110722482204437 
vt 0.9079563021659851 0.09722744673490524 
vt 0.915001630783081 0.10110722482204437 
vt 0.9144698977470398 0.09722744673490524 
vt 0.92231285572052 0.09916733205318451 
vt 0.9207841753959656 0.09551578015089035 
vt 0.9288265109062195 0.09540167450904846 
vt 0.9264337420463562 0.09220656752586365 
vt 0.9342102408409119 0.09003845602273941 
vt 0.9310863614082336 0.0876421257853508 
vt 0.9379987716674805 0.08342001587152481 
vt 0.934343159198761 0.08193657547235489 
vt 0.939926266670227 0.07611691206693649 
vt 0.9360712766647339 0.07566046714782715 
vt 0.939926266670227 0.0685855895280838 
vt 0.9360048174858093 0.06904203444719315 
vt 0.9379323124885559 0.061282481998205185 
vt 0.934343159198761 0.0627659261226654 
vt 0.9341437816619873 0.054664045572280884 
vt 0.9310199022293091 0.057060375809669495 
vt 0.9287600517272949 0.04941494017839432 
vt 0.9263672828674316 0.052495937794446945 
vt 0.9222463965415955 0.045535165816545486 
vt 0.920717716217041 0.049186717718839645 
vt 0.9149351716041565 0.04359527677297592 
vt 0.9144034385681152 0.04758916422724724 
vt 0.9073581099510193 0.04370938986539841 
vt 0.9078897833824158 0.04758916422724724 
vt 0.9000468850135803 0.04564927518367767 
vt 0.9015755653381348 0.04930082708597183 
vt 0.9023731350898743 0.0512407161295414 
vt 0.8971888422966003 0.05420760065317154 
vt 0.892935037612915 0.05842970684170723 
vt 0.8900105357170105 0.0636788159608841 
vt 0.8884153366088867 0.06938436627388 
vt 0.888481855392456 0.07543224841356277 
vt 0.8900105357170105 0.08125190436840057 
vt 0.8930014967918396 0.08638690412044525 
vt 0.8972553014755249 0.09060900658369064 
vt 0.9024396538734436 0.09357589483261108 
vt 0.9082221388816833 0.0950593426823616 
vt 0.9142040610313416 0.0950593426823616 
vt 0.9199865460395813 0.09357589483261108 
vt 0.9251708984375 0.09049490094184875 
vt 0.9293582439422607 0.08627279102802277 
vt 0.9323492050170898 0.08113779872655869 
vt 0.9339443445205688 0.07531813532114029 
vt 0.9338778853416443 0.06938436627388 
vt 0.9323492050170898 0.06356470286846161 
vt 0.9293582439422607 0.05842970684170723 
vt 0.9251044392585754 0.05420760065317154 
vt 0.9199200868606567 0.0512407161295414 
vt 0.914137601852417 0.04964316263794899 
vt 0.9081556797027588 0.04964316263794899 
vt 0.908421516418457 0.05169715732336044 
vt 0.9031707644462585 0.05306649208068848 
vt 0.8984516859054565 0.05580515414476395 
vt 0.894530177116394 0.05968492850661278 
vt 0.891805112361908 0.06436347961425781 
vt 0.8904093503952026 0.06972669810056686 
vt 0.8904093503952026 0.07508991658687592 
vt 0.8918715715408325 0.08045312762260437 
vt 0.8945966958999634 0.0851316824555397 
vt 0.8984516859054565 0.08901145309209824 
vt 0.9031707644462585 0.0917501226067543 
vt 0.9084879755973816 0.09311944991350174 
vt 0.9139381647109985 0.09311944991350174 
vt 0.9191889762878418 0.0917501226067543 
vt 0.9239080548286438 0.08901145309209824 
vt 0.927763044834137 0.0851316824555397 
vt 0.9304881691932678 0.08033902198076248 
vt 0.9319503903388977 0.07508991658687592 
vt 0.9319503903388977 0.06961258500814438 
vt 0.9304881691932678 0.06436347961425781 
vt 0.927763044834137 0.05957081913948059 
vt 0.9239080548286438 0.05580515414476395 
vt 0.9191889762878418 0.05306649208068848 
vt 0.913871705532074 0.05169715732336044 
vt 0.9134729504585266 0.05512049049139023 
vt 0.9088867902755737 0.05512049049139023 
vt 0.9045000672340393 0.05637570843100548 
vt 0.9005785584449768 0.0586579293012619 
vt 0.897388219833374 0.061853036284446716 
vt 0.8951283693313599 0.06573281437158585 
vt 0.893932044506073 0.07006902992725372 
vt 0.893932044506073 0.07463347166776657 
vt 0.8951283693313599 0.07908380031585693 
vt 0.897388219833374 0.08296357095241547 
vt 0.9005785584449768 0.08615867793560028 
vt 0.9045000672340393 0.088440902531147 
vt 0.9088867902755737 0.08958201110363007 
vt 0.9134729504585266 0.08958201110363007 
vt 0.9177932143211365 0.088440902531147 
vt 0.9217811226844788 0.08615867793560028 
vt 0.9249715209007263 0.08296357095241547 
vt 0.9272313117980957 0.07908380031585693 
vt 0.9284276962280273 0.07463347166776657 
vt 0.9284276962280273 0.07006902992725372 
vt 0.9272313117980957 0.06573281437158585 
vt 0.9249715209007263 0.061853036284446716 
vt 0.9217811226844788 0.0586579293012619 
vt 0.9177932143211365 0.05637570843100548 
vt 0.9149351716041565 0.06333648413419724 
vt 0.9124759435653687 0.06265181303024292 
vt 0.9098837971687317 0.06265181303024292 
vt 0.9074245691299438 0.06333648413419724 
vt 0.9051647186279297 0.06459169834852219 
vt 0.9033701419830322 0.06641747802495956 
vt 0.902107298374176 0.0685855895280838 
vt 0.9014426469802856 0.0710960254073143 
vt 0.9014426469802856 0.0736064687371254 
vt 0.902107298374176 0.07611691206693649 
vt 0.9033701419830322 0.07839913666248322 
vt 0.9051647186279297 0.08022490888834 
vt 0.9074245691299438 0.08148013055324554 
vt 0.9098837971687317 0.08216479420661926 
vt 0.9124759435653687 0.08216479420661926 
vt 0.9149351716041565 0.08148013055324554 
vt 0.9171285629272461 0.08022490888834 
vt 0.9189895987510681 0.07839913666248322 
vt 0.9202524423599243 0.07611691206693649 
vt 0.9209170937538147 0.07372058182954788 
vt 0.9209170937538147 0.0710960254073143 
vt 0.9202524423599243 0.0685855895280838 
vt 0.9189895987510681 0.06641747802495956 
vt 0.9171950221061707 0.06459169834852219 
vt 0.8854243755340576 0.10612810403108597 
vt 0.8836298584938049 0.09357589483261108 
vt 0.8775814771652222 0.09825444966554642 
vt 0.879043698310852 0.08570224046707153 
vt 0.8719983100891113 0.08866912126541138 
vt 0.8767173886299133 0.07702980190515518 
vt 0.8691403269767761 0.07805679738521576 
vt 0.8766509294509888 0.06790091842412949 
vt 0.8690738677978516 0.06687392294406891 
vt 0.879043698310852 0.059114374220371246 
vt 0.8719318509101868 0.056147489696741104 
vt 0.8835633397102356 0.0512407161295414 
vt 0.8775149583816528 0.04656216502189636 
vt 0.8899440765380859 0.04485049843788147 
vt 0.8852914571762085 0.0388026162981987 
vt 0.8978534936904907 0.04028606042265892 
vt 0.8949289917945862 0.033211175352334976 
vt 0.9066269397735596 0.03788972645998001 
vt 0.9055635333061218 0.03035840205848217 
vt 0.9156662821769714 0.03788972645998001 
vt 0.9166632890701294 0.03035840205848217 
vt 0.9244397878646851 0.04028606042265892 
vt 0.9273642897605896 0.033211175352334976 
vt 0.9322827458381653 0.04473638907074928 
vt 0.936935305595398 0.038688503205776215 
vt 0.9387298822402954 0.05112660303711891 
vt 0.9447782635688782 0.04644805192947388 
vt 0.9433160424232483 0.05900026485323906 
vt 0.9503613710403442 0.05603337660431862 
vt 0.945642352104187 0.0677868127822876 
vt 0.9532194137573242 0.06675980985164642 
vt 0.9457088112831116 0.0769156888127327 
vt 0.9532858729362488 0.07782857865095139 
vt 0.9433160424232483 0.08570224046707153 
vt 0.9504278302192688 0.08855501562356949 
vt 0.93879634141922 0.09357589483261108 
vt 0.9448447227478027 0.09814033657312393 
vt 0.9323492050170898 0.09996610879898071 
vt 0.9370682835578918 0.10601399838924408 
vt 0.9245062470436096 0.10453055053949356 
vt 0.9274307489395142 0.11149132251739502 
vt 0.915732741355896 0.10681277513504028 
vt 0.9167962074279785 0.11445821076631546 
vt 0.9066934585571289 0.10681277513504028 
vt 0.905696451663971 0.11445821076631546 
vt 0.8979199528694153 0.10453055053949356 
vt 0.8949954509735107 0.1116054356098175 
vt 0.8900769948959351 0.09996610879898071 
vt 0.6758933663368225 0.33116456866264343 
vt 0.6777639985084534 0.33706986904144287 
vt 0.6741927862167358 0.331726998090744 
vt 0.6760634183883667 0.33763226866722107 
vt 0.6764035820960999 0.3429751694202423 
vt 0.6805700063705444 0.3416394293308258 
vt 0.6823555827140808 0.35956621170043945 
vt 0.6906034350395203 0.3594256341457367 
vt 0.6835460066795349 0.3745403587818146 
vt 0.6962153911590576 0.3760869801044464 
vt 0.6813352704048157 0.38803815841674805 
vt 0.697150707244873 0.3954900801181793 
vt 0.6778490543365479 0.3943652808666229 
vt 0.6949399709701538 0.4051916301250458 
vt 0.6727473139762878 0.3999190628528595 
vt 0.6911136507987976 0.41397926211357117 
vt 0.6828657984733582 0.4195330739021301 
vt 0.6568467617034912 0.40392622351646423 
vt 0.6525102853775024 0.41018301248550415 
vt 0.681675374507904 0.4245244264602661 
vt 0.6502995491027832 0.41489318013191223 
vt 0.6806550025939941 0.42902371287345886 
vt 0.6497043371200562 0.4206578731536865 
vt 0.09225157648324966 0.4231184124946594 
vt 0.08723483979701996 0.4242432415485382 
vt 0.09233660250902176 0.42143118381500244 
vt 0.08740489929914474 0.4199548661708832 
vt 0.0702289566397667 0.4229075014591217 
vt 0.06827328354120255 0.4151743948459625 
vt 0.05594402179121971 0.4255789518356323 
vt 0.051182374358177185 0.4141198694705963 
vt 0.04386984556913376 0.4311327338218689 
vt 0.03290105238556862 0.4182676374912262 
vt 0.03885311260819435 0.4359835088253021 
vt 0.024398112669587135 0.42283719778060913 
vt 0.03494175896048546 0.44217002391815186 
vt 0.017085585743188858 0.428672194480896 
vt 0.014024526812136173 0.4377410411834717 
vt 0.03528187796473503 0.4579877555370331 
vt 0.030605260282754898 0.4636821448802948 
vt 0.009688027203083038 0.44006097316741943 
vt 0.026693906635046005 0.4669159948825836 
vt 0.0056916456669569016 0.44224032759666443 
vt 0.02150711417198181 0.46895474195480347 
vt 0.0006749110179953277 0.44498205184936523 
vt 0.008922763168811798 0.5515585541725159 
vt 0.0016102343797683716 0.5515585541725159 
vt 0.008922763168811798 0.5452314019203186 
vt 0.0016102343797683716 0.5452314019203186 
vt 0.0016102343797683716 0.5388340353965759 
vt 0.008922763168811798 0.5388340353965759 
vt 0.008922763168811798 0.5325069427490234 
vt 0.0016102343797683716 0.5325069427490234 
vt 0.008922763168811798 0.526109516620636 
vt 0.0016102343797683716 0.526109516620636 
vt 0.008922763168811798 0.5197824239730835 
vt 0.0016102343797683716 0.5197824239730835 
vt 0.008922763168811798 0.5133850574493408 
vt 0.0016102343797683716 0.5133850574493408 
vt 0.008922763168811798 0.5070579051971436 
vt 0.0016102343797683716 0.5070579051971436 
vt 0.008922763168811798 0.5007308125495911 
vt 0.0016102343797683716 0.5007308125495911 
vt 0.008922763168811798 0.494333416223526 
vt 0.0016102343797683716 0.494333416223526 
vt 0.008922763168811798 0.4880063235759735 
vt 0.0016102343797683716 0.4880063235759735 
vt 0.008922763168811798 0.48160892724990845 
vt 0.0016102343797683716 0.48160892724990845 
vt 0.008922763168811798 0.47528183460235596 
vt 0.008922763168811798 0.5515585541725159 
vt 0.008922763168811798 0.5452314019203186 
vt 0.0016102343797683716 0.5515585541725159 
vt 0.0016102343797683716 0.5452314019203186 
vt 0.0016102343797683716 0.5388340353965759 
vt 0.008922763168811798 0.5388340353965759 
vt 0.008922763168811798 0.5325069427490234 
vt 0.0016102343797683716 0.5325069427490234 
vt 0.008922763168811798 0.526109516620636 
vt 0.0016102343797683716 0.526109516620636 
vt 0.0016102343797683716 0.5197824239730835 
vt 0.008922763168811798 0.5197824239730835 
vt 0.008922763168811798 0.5133850574493408 
vt 0.0016102343797683716 0.5133850574493408 
vt 0.008922763168811798 0.5070579051971436 
vt 0.0016102343797683716 0.5070579051971436 
vt 0.008922763168811798 0.5007308125495911 
vt 0.0016102343797683716 0.5007308125495911 
vt 0.008922763168811798 0.494333416223526 
vt 0.0016102343797683716 0.494333416223526 
vt 0.008922763168811798 0.4880063235759735 
vt 0.0016102343797683716 0.4880063235759735 
vt 0.008922763168811798 0.48160892724990845 
vt 0.0016102343797683716 0.48160892724990845 
vt 0.008922763168811798 0.47528183460235596 
vt 0.0016102343797683716 0.47528183460235596 
vt 0.625130832195282 0.7966984510421753 
vt 0.6193488240242004 0.7984560132026672 
vt 0.6204541921615601 0.7810916304588318 
vt 0.6146721839904785 0.782849133014679 
vt 0.6140770316123962 0.8000026345252991 
vt 0.609485387802124 0.7843957543373108 
vt 0.6064243316650391 0.8022522330284119 
vt 0.6017477512359619 0.7866454124450684 
vt 0.5900136828422546 0.8071733117103577 
vt 0.5853370428085327 0.7915664911270142 
vt 0.5778544545173645 0.7937458157539368 
vt 0.5824460387229919 0.8094229698181152 
vt 0.5705419778823853 0.7959251403808594 
vt 0.5752185583114624 0.8115320205688477 
vt 0.5567671656608582 0.8000026345252991 
vt 0.5614438056945801 0.8156094551086426 
vt 0.541716992855072 0.8045018911361694 
vt 0.5463935732841492 0.8201087117195129 
vt 0.524030864238739 0.8097744584083557 
vt 0.5287075042724609 0.825381338596344 
vt 0.5227554440498352 0.8152579665184021 
vt 0.5246260762214661 0.8214444518089294 
vt 0.04004352167248726 0.34754472970962524 
vt 0.039703406393527985 0.34206125140190125 
vt 0.054498519748449326 0.34649020433425903 
vt 0.05407337471842766 0.34100672602653503 
vt 0.03936328738927841 0.33770257234573364 
vt 0.053733255714178085 0.3366480767726898 
vt 0.03902317211031914 0.33306270837783813 
vt 0.05339314043521881 0.33193787932395935 
vt 0.03834293410181999 0.3238532543182373 
vt 0.052712902426719666 0.3227987587451935 
vt 0.05203266814351082 0.31387051939964294 
vt 0.037662699818611145 0.31499531865119934 
vt 0.05135243386030197 0.3047313690185547 
vt 0.036897435784339905 0.3057858943939209 
vt 0.04999196156859398 0.28673428297042847 
vt 0.035621993243694305 0.28785911202430725 
vt 0.04871652275323868 0.2704947292804718 
vt 0.034346554428339005 0.271549254655838 
vt 0.047356050461530685 0.2516540288925171 
vt 0.03298608213663101 0.2527085542678833 
vt 0.04284949228167534 0.24954499304294586 
vt 0.03706749528646469 0.2499668002128601 
vt 0.06793316453695297 0.592262864112854 
vt 0.0650421679019928 0.587271511554718 
vt 0.06521222740411758 0.5929659008979797 
vt 0.06308648735284805 0.5892398953437805 
vt 0.06308648735284805 0.6010504961013794 
vt 0.059345196932554245 0.5871309041976929 
vt 0.049141667783260345 0.59725421667099 
vt 0.05135243386030197 0.5892398953437805 
vt 0.049141667783260345 0.5929659008979797 
vt 0.04931172728538513 0.587271511554718 
vt 0.04642072692513466 0.592262864112854 
vt 0.05432846397161484 0.5843891501426697 
vt 0.05509372800588608 0.5871309041976929 
vt 0.060110460966825485 0.5843891501426697 
vt 0.04642072692513466 0.5980275273323059 
vt 0.05135243386030197 0.6009802222251892 
vt 0.04931172728538513 0.6030189394950867 
vt 0.05509372800588608 0.6031595468521118 
vt 0.05432846397161484 0.605901300907135 
vt 0.060110460966825485 0.605901300907135 
vt 0.059345196932554245 0.6031595468521118 
vt 0.0650421679019928 0.6030189394950867 
vt 0.06793316453695297 0.5980275273323059 
vt 0.06521222740411758 0.597324550151825 
vt 0.0650421679019928 0.6030189394950867 
vt 0.060110460966825485 0.605901300907135 
vt 0.059345196932554245 0.6031595468521118 
vt 0.05432846397161484 0.605901300907135 
vt 0.05509372800588608 0.6031595468521118 
vt 0.05135243386030197 0.6009802222251892 
vt 0.049141667783260345 0.59725421667099 
vt 0.04642072692513466 0.5980275273323059 
vt 0.04642072692513466 0.592262864112854 
vt 0.06308648735284805 0.6010504961013794 
vt 0.05135243386030197 0.5892398953437805 
vt 0.049141667783260345 0.5929659008979797 
vt 0.04931172728538513 0.587271511554718 
vt 0.05432846397161484 0.5843891501426697 
vt 0.05509372800588608 0.5871309041976929 
vt 0.059345196932554245 0.5871309041976929 
vt 0.06308648735284805 0.5892398953437805 
vt 0.06521222740411758 0.5929659008979797 
vt 0.06793316453695297 0.592262864112854 
vt 0.06793316453695297 0.5980275273323059 
vt 0.06521222740411758 0.597324550151825 
vt 0.0650421679019928 0.587271511554718 
vt 0.060110460966825485 0.5843891501426697 
vt 0.04931172728538513 0.6030189394950867 
vt 0.0016102343797683716 0.47528183460235596 
vt 0.6792945265769958 0.4348587095737457 
s on 
f 1/1/1 2/2/2 3/3/3 
f 2/2/2 4/4/4 3/3/3 
f 3/3/3 4/4/4 4/4/4 
f 4/4/4 2/2/2 4/4/4 
f 4/4/4 2/2/2 5/5/5 
f 2/2/2 6/6/6 5/5/5 
f 5/5/5 6/6/6 7/7/7 
f 6/6/6 8/8/8 7/7/7 
f 7/7/7 8/8/8 9/9/9 
f 8/8/8 10/10/10 9/9/9 
f 9/9/9 10/10/10 11/11/11 
f 10/10/10 12/12/12 11/11/11 
f 11/11/11 12/12/12 13/13/13 
f 12/12/12 14/14/14 13/13/13 
f 13/13/13 14/14/14 15/15/15 
f 14/14/14 16/16/16 15/15/15 
f 15/15/15 16/16/16 17/17/17 
f 16/16/16 17/17/17 17/17/17 
f 17/17/17 17/17/17 15/15/15 
f 17/17/17 15/15/15 15/15/15 
f 15/15/15 15/15/15 15/15/15 
f 15/15/15 17/17/17 15/15/15 
f 15/15/15 17/17/17 18/18/18 
f 17/17/17 19/19/19 18/18/18 
f 18/18/18 19/19/19 19/19/19 
f 19/19/19 17/17/17 19/19/19 
f 19/19/19 17/17/17 17/17/17 
f 17/17/17 20/20/20 17/17/17 
f 17/17/17 20/20/20 19/19/19 
f 20/20/20 21/21/21 19/19/19 
f 19/19/19 21/21/21 21/21/21 
f 21/21/21 20/20/20 21/21/21 
f 21/21/21 20/20/20 20/20/20 
f 20/20/20 22/22/22 20/20/20 
f 20/20/20 22/22/22 21/21/21 
f 22/22/22 23/23/23 21/21/21 
f 21/21/21 23/23/23 23/23/23 
f 23/23/23 24/24/24 23/23/23 
f 23/23/23 24/24/24 24/24/24 
f 24/24/24 25/25/25 24/24/24 
f 24/24/24 25/25/25 26/26/26 
f 25/25/25 27/27/27 26/26/26 
f 26/26/26 27/27/27 28/28/28 
f 27/27/27 28/28/28 28/28/28 
f 28/28/28 28/28/28 26/26/26 
f 28/28/28 26/26/26 26/26/26 
f 26/26/26 26/26/26 26/26/26 
f 26/26/26 28/28/28 26/26/26 
f 26/26/26 28/28/28 29/29/29 
f 28/28/28 30/30/30 29/29/29 
f 29/29/29 30/30/30 31/31/31 
f 30/30/30 32/32/32 31/31/31 
f 31/31/31 32/32/32 33/33/33 
f 32/32/32 34/34/34 33/33/33 
f 33/33/33 34/34/34 35/35/35 
f 34/34/34 36/36/36 35/35/35 
f 35/35/35 36/36/36 37/37/37 
f 36/36/36 38/38/38 37/37/37 
f 37/37/37 38/38/38 39/39/39 
f 38/38/38 40/40/40 39/39/39 
f 39/39/39 40/40/40 41/41/41 
f 40/40/40 42/42/42 41/41/41 
f 41/41/41 42/42/42 43/43/43 
f 42/42/42 44/44/44 43/43/43 
f 43/43/43 44/44/44 45/45/45 
f 44/44/44 46/46/46 45/45/45 
f 45/45/45 46/46/46 46/46/46 
f 46/46/46 44/44/44 46/46/46 
f 46/46/46 44/44/44 44/44/44 
f 44/44/44 47/47/47 44/44/44 
f 44/44/44 47/47/47 46/46/46 
f 47/47/47 48/48/48 46/46/46 
f 46/46/46 48/48/48 48/48/48 
f 48/48/48 49/49/49 48/48/48 
f 48/48/48 49/49/49 49/49/49 
f 49/49/49 50/50/50 49/49/49 
f 49/49/49 50/50/50 51/51/51 
f 50/50/50 52/52/52 51/51/51 
f 51/51/51 52/52/52 53/53/53 
f 52/52/52 54/54/54 53/53/53 
f 53/53/53 54/54/54 55/55/55 
f 54/54/54 56/56/56 55/55/55 
f 55/55/55 56/56/56 57/57/57 
f 56/56/56 58/58/58 57/57/57 
f 57/57/57 58/58/58 59/59/59 
f 58/58/58 60/60/60 59/59/59 
f 59/59/59 60/60/60 61/61/61 
f 60/60/60 62/62/62 61/61/61 
f 61/61/61 62/62/62 63/63/63 
f 62/62/62 64/64/64 63/63/63 
f 63/63/63 64/64/64 65/65/65 
f 64/64/64 66/66/66 65/65/65 
f 65/65/65 66/66/66 67/67/67 
f 66/66/66 68/68/68 67/67/67 
f 67/67/67 68/68/68 69/69/69 
f 68/68/68 70/70/70 69/69/69 
f 69/69/69 70/70/70 71/71/71 
f 70/70/70 72/72/72 71/71/71 
f 71/71/71 72/72/72 73/73/73 
f 72/72/72 74/74/74 73/73/73 
f 73/73/73 74/74/74 74/74/74 
f 74/74/74 75/75/75 74/74/74 
f 74/74/74 75/75/75 75/75/75 
f 75/75/75 76/76/76 75/75/75 
f 75/75/75 76/76/76 77/77/77 
f 76/76/76 78/78/78 77/77/77 
f 77/77/77 78/78/78 78/78/78 
f 78/78/78 76/76/76 78/78/78 
f 78/78/78 76/76/76 76/76/76 
f 76/76/76 79/79/79 76/76/76 
f 76/76/76 79/79/79 78/78/78 
f 79/79/79 80/80/80 78/78/78 
f 78/78/78 80/80/80 80/80/80 
f 80/80/80 79/79/79 80/80/80 
f 80/80/80 79/79/79 79/79/79 
f 79/79/79 81/81/81 79/79/79 
f 79/79/79 81/81/81 80/80/80 
f 81/81/81 82/82/82 80/80/80 
f 80/80/80 82/82/82 82/82/82 
f 82/82/82 81/81/81 82/82/82 
f 82/82/82 81/81/81 81/81/81 
f 81/81/81 83/83/83 81/81/81 
f 81/81/81 83/83/83 82/82/82 
f 83/83/83 84/84/84 82/82/82 
f 82/82/82 84/84/84 84/84/84 
f 84/84/84 83/83/83 84/84/84 
f 84/84/84 83/83/83 85/85/85 
f 83/83/83 86/86/86 85/85/85 
f 85/85/85 86/86/86 87/87/87 
f 86/86/86 88/88/88 87/87/87 
f 87/87/87 88/88/88 89/89/89 
f 88/88/88 90/90/90 89/89/89 
f 89/89/89 90/90/90 91/91/91 
f 90/90/90 92/92/92 91/91/91 
f 91/91/91 92/92/92 93/93/93 
f 92/92/92 94/94/94 93/93/93 
f 93/93/93 94/94/94 95/95/95 
f 94/94/94 96/96/96 95/95/95 
f 95/95/95 96/96/96 96/96/96 
f 96/96/96 97/97/97 96/96/96 
f 96/96/96 97/97/97 97/97/97 
f 97/97/97 98/98/98 97/97/97 
f 97/97/97 98/98/98 99/99/99 
f 98/98/98 100/100/100 99/99/99 
f 99/99/99 100/100/100 100/100/100 
f 100/100/100 98/98/98 100/100/100 
f 100/100/100 98/98/98 98/98/98 
f 98/98/98 101/101/101 98/98/98 
f 98/98/98 101/101/101 100/100/100 
f 101/101/101 102/102/102 100/100/100 
f 100/100/100 102/102/102 102/102/102 
f 102/102/102 101/101/101 102/102/102 
f 102/102/102 101/101/101 101/101/101 
f 101/101/101 103/103/103 101/101/101 
f 101/101/101 103/103/103 102/102/102 
f 103/103/103 104/104/104 102/102/102 
f 102/102/102 104/104/104 104/104/104 
f 104/104/104 103/103/103 104/104/104 
f 104/104/104 103/103/103 103/103/103 
f 103/103/103 105/105/105 103/103/103 
f 103/103/103 105/105/105 104/104/104 
f 105/105/105 106/106/106 104/104/104 
f 104/104/104 106/106/106 106/106/106 
f 106/106/106 105/105/105 106/106/106 
f 106/106/106 105/105/105 107/107/107 
f 105/105/105 108/108/108 107/107/107 
f 107/107/107 108/108/108 109/109/109 
f 108/108/108 110/110/110 109/109/109 
f 109/109/109 110/110/110 111/111/111 
f 110/110/110 112/112/112 111/111/111 
f 111/111/111 112/112/112 113/113/113 
f 112/112/112 114/114/114 113/113/113 
f 113/113/113 114/114/114 115/115/115 
f 114/114/114 116/116/116 115/115/115 
f 115/115/115 116/116/116 117/117/117 
f 116/116/116 118/118/118 117/117/117 
f 117/117/117 118/118/118 118/118/118 
f 118/118/118 119/119/119 118/118/118 
f 118/118/118 119/119/119 119/119/119 
f 119/119/119 120/120/120 119/119/119 
f 119/119/119 120/120/120 121/121/121 
f 120/120/120 122/122/122 121/121/121 
f 121/121/121 122/122/122 123/123/123 
f 122/122/122 123/123/123 123/123/123 
f 123/123/123 123/123/123 121/121/121 
f 123/123/123 121/121/121 121/121/121 
f 121/121/121 121/121/121 121/121/121 
f 121/121/121 123/123/123 121/121/121 
f 121/121/121 123/123/123 124/124/124 
f 123/123/123 125/125/125 124/124/124 
f 124/124/124 125/125/125 126/126/126 
f 125/125/125 127/127/127 126/126/126 
f 126/126/126 127/127/127 128/128/128 
f 127/127/127 129/129/129 128/128/128 
f 128/128/128 129/129/129 130/130/130 
f 129/129/129 131/131/131 130/130/130 
f 130/130/130 131/131/131 132/132/132 
f 131/131/131 133/133/133 132/132/132 
f 132/132/132 133/133/133 133/133/133 
f 133/133/133 131/131/131 133/133/133 
f 133/133/133 131/131/131 131/131/131 
f 131/131/131 134/134/134 131/131/131 
f 131/131/131 134/134/134 133/133/133 
f 134/134/134 135/135/135 133/133/133 
f 133/133/133 135/135/135 136/136/136 
f 135/135/135 137/137/137 136/136/136 
f 136/136/136 137/137/137 138/138/138 
f 137/137/137 139/139/139 138/138/138 
f 138/138/138 139/139/139 140/140/140 
f 139/139/139 140/140/140 140/140/140 
f 140/140/140 140/140/140 141/141/141 
f 140/140/140 141/141/141 141/141/141 
f 141/141/141 141/141/141 141/141/141 
f 141/141/141 142/142/142 141/141/141 
f 141/141/141 142/142/142 143/143/143 
f 142/142/142 144/144/144 143/143/143 
f 143/143/143 144/144/144 145/145/145 
f 144/144/144 146/146/146 145/145/145 
f 145/145/145 146/146/146 147/147/147 
f 146/146/146 148/148/148 147/147/147 
f 147/147/147 148/148/148 149/149/149 
f 148/148/148 150/150/150 149/149/149 
f 149/149/149 150/150/150 151/151/151 
f 150/150/150 146/146/146 151/151/151 
f 151/151/151 146/146/146 152/152/152 
f 146/146/146 153/153/153 152/152/152 
f 152/152/152 153/153/153 154/154/154 
f 153/153/153 155/155/155 154/154/154 
f 154/154/154 155/155/155 155/155/155 
f 155/155/155 153/153/153 155/155/155 
f 155/155/155 153/153/153 156/156/156 
f 153/153/153 146/146/146 156/156/156 
f 156/156/156 146/146/146 157/157/157 
f 146/146/146 144/144/144 157/157/157 
f 157/157/157 144/144/144 158/158/158 
f 144/144/144 142/142/142 158/158/158 
f 158/158/158 142/142/142 159/159/159 
f 142/142/142 159/159/159 159/159/159 
f 159/159/159 159/159/159 155/155/155 
f 159/159/159 155/155/155 155/155/155 
f 155/155/155 155/155/155 155/155/155 
f 155/155/155 156/156/156 155/155/155 
f 155/155/155 156/156/156 160/160/160 
f 156/156/156 161/161/161 160/160/160 
f 160/160/160 161/161/161 157/157/157 
f 161/161/161 156/156/156 157/157/157 
f 157/157/157 156/156/156 156/156/156 
f 156/156/156 160/160/160 156/156/156 
f 156/156/156 160/160/160 160/160/160 
f 160/160/160 157/157/157 160/160/160 
f 160/160/160 157/157/157 162/162/162 
f 157/157/157 159/159/159 162/162/162 
f 162/162/162 159/159/159 159/159/159 
f 159/159/159 149/149/149 159/159/159 
f 159/159/159 149/149/149 149/149/149 
f 149/149/149 163/163/163 149/149/149 
f 149/149/149 163/163/163 147/147/147 
f 163/163/163 164/164/164 147/147/147 
f 147/147/147 164/164/164 145/145/145 
f 164/164/164 143/143/143 145/145/145 
f 145/145/145 143/143/143 143/143/143 
f 143/143/143 165/165/165 143/143/143 
f 143/143/143 165/165/165 165/165/165 
f 165/165/165 166/166/166 165/165/165 
f 165/165/165 166/166/166 167/167/167 
f 166/166/166 168/168/168 167/167/167 
f 167/167/167 168/168/168 169/169/169 
f 168/168/168 170/170/170 169/169/169 
f 169/169/169 170/170/170 171/171/171 
f 170/170/170 172/172/172 171/171/171 
f 171/171/171 172/172/172 173/173/173 
f 172/172/172 173/173/173 173/173/173 
f 173/173/173 173/173/173 167/167/167 
f 173/173/173 167/167/167 167/167/167 
f 167/167/167 167/167/167 167/167/167 
f 167/167/167 169/169/169 167/167/167 
f 167/167/167 169/169/169 174/174/174 
f 169/169/169 171/171/171 174/174/174 
f 174/174/174 171/171/171 173/173/173 
f 171/171/171 173/173/173 173/173/173 
f 173/173/173 173/173/173 173/173/173 
f 173/173/173 175/175/175 173/173/173 
f 173/173/173 175/175/175 174/174/174 
f 175/175/175 176/176/176 174/174/174 
f 174/174/174 176/176/176 167/167/167 
f 176/176/176 177/177/177 167/167/167 
f 167/167/167 177/177/177 165/165/165 
f 177/177/177 178/178/178 165/165/165 
f 165/165/165 178/178/178 178/178/178 
f 178/178/178 177/177/177 178/178/178 
f 178/178/178 177/177/177 179/179/179 
f 177/177/177 180/180/180 179/179/179 
f 179/179/179 180/180/180 181/181/181 
f 180/180/180 176/176/176 181/181/181 
f 181/181/181 176/176/176 182/182/182 
f 176/176/176 183/183/183 182/182/182 
f 182/182/182 183/183/183 184/184/184 
f 183/183/183 185/185/185 184/184/184 
f 184/184/184 185/185/185 186/186/186 
f 185/185/185 187/187/187 186/186/186 
f 186/186/186 187/187/187 187/187/187 
f 187/187/187 183/183/183 187/187/187 
f 187/187/187 183/183/183 183/183/183 
f 183/183/183 176/176/176 183/183/183 
f 183/183/183 176/176/176 185/185/185 
f 176/176/176 175/175/175 185/185/185 
f 185/185/185 175/175/175 187/187/187 
f 175/175/175 173/173/173 187/187/187 
f 187/187/187 173/173/173 173/173/173 
f 173/173/173 182/182/182 173/173/173 
f 173/173/173 182/182/182 182/182/182 
f 182/182/182 188/188/188 182/182/182 
f 182/182/182 188/188/188 181/181/181 
f 188/188/188 179/179/179 181/181/181 
f 181/181/181 179/179/179 179/179/179 
f 179/179/179 191/191/191 179/179/179 
f 179/179/179 191/191/191 191/191/191 
f 191/191/191 192/192/192 191/191/191 
f 191/191/191 192/192/192 193/193/193 
f 192/192/192 194/194/194 193/193/193 
f 193/193/193 194/194/194 195/195/195 
f 194/194/194 196/196/196 195/195/195 
f 195/195/195 196/196/196 197/197/197 
f 196/196/196 198/198/198 197/197/197 
f 197/197/197 198/198/198 199/199/199 
f 198/198/198 200/200/200 199/199/199 
f 199/199/199 200/200/200 201/201/201 
f 200/200/200 202/202/202 201/201/201 
f 201/201/201 202/202/202 203/203/203 
f 202/202/202 204/204/204 203/203/203 
f 203/203/203 204/204/204 205/205/205 
f 204/204/204 206/206/206 205/205/205 
f 205/205/205 206/206/206 207/207/207 
f 206/206/206 208/208/208 207/207/207 
f 207/207/207 208/208/208 209/209/209 
f 208/208/208 210/210/210 209/209/209 
f 209/209/209 210/210/210 211/211/211 
f 210/210/210 212/212/212 211/211/211 
f 211/211/211 212/212/212 213/213/213 
f 212/212/212 214/214/214 213/213/213 
f 213/213/213 214/214/214 215/215/215 
f 214/214/214 216/216/216 215/215/215 
f 215/215/215 216/216/216 217/217/217 
f 216/216/216 218/218/218 217/217/217 
f 217/217/217 218/218/218 219/219/219 
f 218/218/218 220/220/220 219/219/219 
f 219/219/219 220/220/220 221/221/221 
f 220/220/220 222/222/222 221/221/221 
f 221/221/221 222/222/222 223/223/223 
f 222/222/222 224/224/224 223/223/223 
f 223/223/223 224/224/224 225/225/225 
f 224/224/224 226/226/226 225/225/225 
f 225/225/225 226/226/226 227/227/227 
f 226/226/226 228/228/228 227/227/227 
f 227/227/227 228/228/228 229/229/229 
f 228/228/228 230/230/230 229/229/229 
f 229/229/229 230/230/230 231/231/231 
f 230/230/230 232/232/232 231/231/231 
f 231/231/231 232/232/232 233/233/233 
f 232/232/232 234/234/234 233/233/233 
f 233/233/233 234/234/234 235/235/235 
f 234/234/234 236/236/236 235/235/235 
f 235/235/235 236/236/236 237/237/237 
f 236/236/236 238/238/238 237/237/237 
f 237/237/237 238/238/238 239/239/239 
f 238/238/238 240/240/240 239/239/239 
f 239/239/239 240/240/240 240/240/240 
f 240/240/240 192/192/192 240/240/240 
f 240/240/240 192/192/192 192/192/192 
f 192/192/192 241/241/241 192/192/192 
f 192/192/192 241/241/241 194/194/194 
f 241/241/241 242/242/242 194/194/194 
f 194/194/194 242/242/242 196/196/196 
f 242/242/242 243/243/243 196/196/196 
f 196/196/196 243/243/243 198/198/198 
f 243/243/243 244/244/244 198/198/198 
f 198/198/198 244/244/244 200/200/200 
f 244/244/244 245/245/245 200/200/200 
f 200/200/200 245/245/245 202/202/202 
f 245/245/245 246/246/246 202/202/202 
f 202/202/202 246/246/246 204/204/204 
f 246/246/246 247/247/247 204/204/204 
f 204/204/204 247/247/247 206/206/206 
f 247/247/247 248/248/248 206/206/206 
f 206/206/206 248/248/248 208/208/208 
f 248/248/248 249/249/249 208/208/208 
f 208/208/208 249/249/249 210/210/210 
f 249/249/249 250/250/250 210/210/210 
f 210/210/210 250/250/250 212/212/212 
f 250/250/250 251/251/251 212/212/212 
f 212/212/212 251/251/251 214/214/214 
f 251/251/251 252/252/252 214/214/214 
f 214/214/214 252/252/252 216/216/216 
f 252/252/252 253/253/253 216/216/216 
f 216/216/216 253/253/253 218/218/218 
f 253/253/253 254/254/254 218/218/218 
f 218/218/218 254/254/254 220/220/220 
f 254/254/254 255/255/255 220/220/220 
f 220/220/220 255/255/255 222/222/222 
f 255/255/255 256/256/256 222/222/222 
f 222/222/222 256/256/256 224/224/224 
f 256/256/256 257/257/257 224/224/224 
f 224/224/224 257/257/257 226/226/226 
f 257/257/257 258/258/258 226/226/226 
f 226/226/226 258/258/258 228/228/228 
f 258/258/258 259/259/259 228/228/228 
f 228/228/228 259/259/259 230/230/230 
f 259/259/259 260/260/260 230/230/230 
f 230/230/230 260/260/260 232/232/232 
f 260/260/260 261/261/261 232/232/232 
f 232/232/232 261/261/261 234/234/234 
f 261/261/261 262/262/262 234/234/234 
f 234/234/234 262/262/262 236/236/236 
f 262/262/262 263/263/263 236/236/236 
f 236/236/236 263/263/263 238/238/238 
f 263/263/263 264/264/264 238/238/238 
f 238/238/238 264/264/264 240/240/240 
f 264/264/264 240/240/240 240/240/240 
f 240/240/240 240/240/240 241/241/241 
f 240/240/240 241/241/241 241/241/241 
f 241/241/241 241/241/241 241/241/241 
f 241/241/241 265/265/265 241/241/241 
f 241/241/241 265/265/265 242/242/242 
f 265/265/265 266/266/266 242/242/242 
f 242/242/242 266/266/266 243/243/243 
f 266/266/266 267/267/267 243/243/243 
f 243/243/243 267/267/267 244/244/244 
f 267/267/267 268/268/268 244/244/244 
f 244/244/244 268/268/268 245/245/245 
f 268/268/268 269/269/269 245/245/245 
f 245/245/245 269/269/269 246/246/246 
f 269/269/269 270/270/270 246/246/246 
f 246/246/246 270/270/270 247/247/247 
f 270/270/270 271/271/271 247/247/247 
f 247/247/247 271/271/271 248/248/248 
f 271/271/271 272/272/272 248/248/248 
f 248/248/248 272/272/272 249/249/249 
f 272/272/272 273/273/273 249/249/249 
f 249/249/249 273/273/273 250/250/250 
f 273/273/273 274/274/274 250/250/250 
f 250/250/250 274/274/274 251/251/251 
f 274/274/274 275/275/275 251/251/251 
f 251/251/251 275/275/275 252/252/252 
f 275/275/275 276/276/276 252/252/252 
f 252/252/252 276/276/276 253/253/253 
f 276/276/276 277/277/277 253/253/253 
f 253/253/253 277/277/277 254/254/254 
f 277/277/277 278/278/278 254/254/254 
f 254/254/254 278/278/278 255/255/255 
f 278/278/278 279/279/279 255/255/255 
f 255/255/255 279/279/279 256/256/256 
f 279/279/279 280/280/280 256/256/256 
f 256/256/256 280/280/280 257/257/257 
f 280/280/280 281/281/281 257/257/257 
f 257/257/257 281/281/281 258/258/258 
f 281/281/281 282/282/282 258/258/258 
f 258/258/258 282/282/282 259/259/259 
f 282/282/282 283/283/283 259/259/259 
f 259/259/259 283/283/283 260/260/260 
f 283/283/283 284/284/284 260/260/260 
f 260/260/260 284/284/284 261/261/261 
f 284/284/284 285/285/285 261/261/261 
f 261/261/261 285/285/285 262/262/262 
f 285/285/285 286/286/286 262/262/262 
f 262/262/262 286/286/286 263/263/263 
f 286/286/286 287/287/287 263/263/263 
f 263/263/263 287/287/287 264/264/264 
f 287/287/287 264/264/264 264/264/264 
f 264/264/264 264/264/264 265/265/265 
f 264/264/264 265/265/265 265/265/265 
f 265/265/265 265/265/265 265/265/265 
f 265/265/265 288/288/288 265/265/265 
f 265/265/265 288/288/288 266/266/266 
f 288/288/288 289/289/289 266/266/266 
f 266/266/266 289/289/289 267/267/267 
f 289/289/289 290/290/290 267/267/267 
f 267/267/267 290/290/290 268/268/268 
f 290/290/290 291/291/291 268/268/268 
f 268/268/268 291/291/291 269/269/269 
f 291/291/291 292/292/292 269/269/269 
f 269/269/269 292/292/292 270/270/270 
f 292/292/292 293/293/293 270/270/270 
f 270/270/270 293/293/293 271/271/271 
f 293/293/293 294/294/294 271/271/271 
f 271/271/271 294/294/294 272/272/272 
f 294/294/294 295/295/295 272/272/272 
f 272/272/272 295/295/295 273/273/273 
f 295/295/295 296/296/296 273/273/273 
f 273/273/273 296/296/296 274/274/274 
f 296/296/296 297/297/297 274/274/274 
f 274/274/274 297/297/297 275/275/275 
f 297/297/297 298/298/298 275/275/275 
f 275/275/275 298/298/298 276/276/276 
f 298/298/298 299/299/299 276/276/276 
f 276/276/276 299/299/299 277/277/277 
f 299/299/299 300/300/300 277/277/277 
f 277/277/277 300/300/300 278/278/278 
f 300/300/300 301/301/301 278/278/278 
f 278/278/278 301/301/301 279/279/279 
f 301/301/301 302/302/302 279/279/279 
f 279/279/279 302/302/302 280/280/280 
f 302/302/302 303/303/303 280/280/280 
f 280/280/280 303/303/303 281/281/281 
f 303/303/303 304/304/304 281/281/281 
f 281/281/281 304/304/304 282/282/282 
f 304/304/304 305/305/305 282/282/282 
f 282/282/282 305/305/305 283/283/283 
f 305/305/305 306/306/306 283/283/283 
f 283/283/283 306/306/306 284/284/284 
f 306/306/306 307/307/307 284/284/284 
f 284/284/284 307/307/307 285/285/285 
f 307/307/307 308/308/308 285/285/285 
f 285/285/285 308/308/308 286/286/286 
f 308/308/308 309/309/309 286/286/286 
f 286/286/286 309/309/309 287/287/287 
f 309/309/309 310/310/310 287/287/287 
f 287/287/287 310/310/310 310/310/310 
f 310/310/310 288/288/288 310/310/310 
f 310/310/310 288/288/288 288/288/288 
f 288/288/288 311/311/311 288/288/288 
f 288/288/288 311/311/311 289/289/289 
f 311/311/311 312/312/312 289/289/289 
f 289/289/289 312/312/312 290/290/290 
f 312/312/312 313/313/313 290/290/290 
f 290/290/290 313/313/313 291/291/291 
f 313/313/313 314/314/314 291/291/291 
f 291/291/291 314/314/314 292/292/292 
f 314/314/314 315/315/315 292/292/292 
f 292/292/292 315/315/315 293/293/293 
f 315/315/315 316/316/316 293/293/293 
f 293/293/293 316/316/316 294/294/294 
f 316/316/316 317/317/317 294/294/294 
f 294/294/294 317/317/317 295/295/295 
f 317/317/317 318/318/318 295/295/295 
f 295/295/295 318/318/318 296/296/296 
f 318/318/318 319/319/319 296/296/296 
f 296/296/296 319/319/319 297/297/297 
f 319/319/319 320/320/320 297/297/297 
f 297/297/297 320/320/320 298/298/298 
f 320/320/320 321/321/321 298/298/298 
f 298/298/298 321/321/321 299/299/299 
f 321/321/321 322/322/322 299/299/299 
f 299/299/299 322/322/322 300/300/300 
f 322/322/322 323/323/323 300/300/300 
f 300/300/300 323/323/323 301/301/301 
f 323/323/323 324/324/324 301/301/301 
f 301/301/301 324/324/324 302/302/302 
f 324/324/324 325/325/325 302/302/302 
f 302/302/302 325/325/325 303/303/303 
f 325/325/325 326/326/326 303/303/303 
f 303/303/303 326/326/326 304/304/304 
f 326/326/326 327/327/327 304/304/304 
f 304/304/304 327/327/327 305/305/305 
f 327/327/327 328/328/328 305/305/305 
f 305/305/305 328/328/328 306/306/306 
f 328/328/328 329/329/329 306/306/306 
f 306/306/306 329/329/329 307/307/307 
f 329/329/329 330/330/330 307/307/307 
f 307/307/307 330/330/330 308/308/308 
f 330/330/330 331/331/331 308/308/308 
f 308/308/308 331/331/331 309/309/309 
f 331/331/331 332/332/332 309/309/309 
f 309/309/309 332/332/332 310/310/310 
f 332/332/332 333/333/333 310/310/310 
f 310/310/310 333/333/333 333/333/333 
f 333/333/333 311/311/311 333/333/333 
f 333/333/333 311/311/311 311/311/311 
f 311/311/311 334/334/334 311/311/311 
f 311/311/311 334/334/334 312/312/312 
f 334/334/334 335/335/335 312/312/312 
f 312/312/312 335/335/335 313/313/313 
f 335/335/335 336/336/336 313/313/313 
f 313/313/313 336/336/336 314/314/314 
f 336/336/336 337/337/337 314/314/314 
f 314/314/314 337/337/337 315/315/315 
f 337/337/337 338/338/338 315/315/315 
f 315/315/315 338/338/338 316/316/316 
f 338/338/338 339/339/339 316/316/316 
f 316/316/316 339/339/339 317/317/317 
f 339/339/339 340/340/340 317/317/317 
f 317/317/317 340/340/340 318/318/318 
f 340/340/340 341/341/341 318/318/318 
f 318/318/318 341/341/341 319/319/319 
f 341/341/341 342/342/342 319/319/319 
f 319/319/319 342/342/342 320/320/320 
f 342/342/342 343/343/343 320/320/320 
f 320/320/320 343/343/343 321/321/321 
f 343/343/343 344/344/344 321/321/321 
f 321/321/321 344/344/344 322/322/322 
f 344/344/344 345/345/345 322/322/322 
f 322/322/322 345/345/345 323/323/323 
f 345/345/345 346/346/346 323/323/323 
f 323/323/323 346/346/346 324/324/324 
f 346/346/346 347/347/347 324/324/324 
f 324/324/324 347/347/347 325/325/325 
f 347/347/347 348/348/348 325/325/325 
f 325/325/325 348/348/348 326/326/326 
f 348/348/348 349/349/349 326/326/326 
f 326/326/326 349/349/349 327/327/327 
f 349/349/349 350/350/350 327/327/327 
f 327/327/327 350/350/350 328/328/328 
f 350/350/350 351/351/351 328/328/328 
f 328/328/328 351/351/351 329/329/329 
f 351/351/351 352/352/352 329/329/329 
f 329/329/329 352/352/352 330/330/330 
f 352/352/352 353/353/353 330/330/330 
f 330/330/330 353/353/353 331/331/331 
f 353/353/353 354/354/354 331/331/331 
f 331/331/331 354/354/354 332/332/332 
f 354/354/354 355/355/355 332/332/332 
f 332/332/332 355/355/355 333/333/333 
f 355/355/355 333/333/333 333/333/333 
f 333/333/333 333/333/333 334/334/334 
f 333/333/333 334/334/334 334/334/334 
f 334/334/334 334/334/334 334/334/334 
f 334/334/334 311/311/311 334/334/334 
f 334/334/334 311/311/311 356/356/356 
f 311/311/311 357/357/357 356/356/356 
f 356/356/356 357/357/357 358/358/358 
f 357/357/357 359/359/359 358/358/358 
f 358/358/358 359/359/359 360/360/360 
f 359/359/359 360/360/360 360/360/360 
f 360/360/360 360/360/360 311/311/311 
f 360/360/360 311/311/311 311/311/311 
f 311/311/311 311/311/311 311/311/311 
f 311/311/311 288/288/288 311/311/311 
f 311/311/311 288/288/288 357/357/357 
f 288/288/288 361/361/361 357/357/357 
f 357/357/357 361/361/361 359/359/359 
f 361/361/361 362/362/362 359/359/359 
f 359/359/359 362/362/362 362/362/362 
f 362/362/362 288/288/288 362/362/362 
f 362/362/362 288/288/288 288/288/288 
f 288/288/288 265/265/265 288/288/288 
f 288/288/288 265/265/265 361/361/361 
f 265/265/265 363/363/363 361/361/361 
f 361/361/361 363/363/363 362/362/362 
f 363/363/363 364/364/364 362/362/362 
f 362/362/362 364/364/364 364/364/364 
f 364/364/364 363/363/363 364/364/364 
f 364/364/364 363/363/363 365/365/365 
f 363/363/363 241/241/241 365/365/365 
f 365/365/365 241/241/241 192/192/192 
f 241/241/241 192/192/192 192/192/192 
f 192/192/192 192/192/192 366/366/366 
f 192/192/192 366/366/366 366/366/366 
f 366/366/366 366/366/366 366/366/366 
f 366/366/366 367/367/367 366/366/366 
f 366/366/366 367/367/367 368/368/368 
f 367/367/367 369/369/369 368/368/368 
f 368/368/368 369/369/369 370/370/370 
f 369/369/369 371/371/371 370/370/370 
f 370/370/370 371/371/371 372/372/372 
f 371/371/371 373/373/373 372/372/372 
f 372/372/372 373/373/373 374/374/374 
f 373/373/373 375/375/375 374/374/374 
f 374/374/374 375/375/375 376/376/376 
f 375/375/375 377/377/377 376/376/376 
f 376/376/376 377/377/377 378/378/378 
f 377/377/377 379/379/379 378/378/378 
f 378/378/378 379/379/379 380/380/380 
f 379/379/379 381/381/381 380/380/380 
f 380/380/380 381/381/381 382/382/382 
f 381/381/381 383/383/383 382/382/382 
f 382/382/382 383/383/383 384/384/384 
f 383/383/383 385/385/385 384/384/384 
f 384/384/384 385/385/385 386/386/386 
f 385/385/385 387/387/387 386/386/386 
f 386/386/386 387/387/387 388/388/388 
f 387/387/387 389/389/389 388/388/388 
f 388/388/388 389/389/389 390/390/390 
f 389/389/389 391/391/391 390/390/390 
f 390/390/390 391/391/391 392/392/392 
f 391/391/391 393/393/393 392/392/392 
f 392/392/392 393/393/393 394/394/394 
f 393/393/393 395/395/395 394/394/394 
f 394/394/394 395/395/395 396/396/396 
f 395/395/395 397/397/397 396/396/396 
f 396/396/396 397/397/397 398/398/398 
f 397/397/397 399/399/399 398/398/398 
f 398/398/398 399/399/399 400/400/400 
f 399/399/399 401/401/401 400/400/400 
f 400/400/400 401/401/401 402/402/402 
f 401/401/401 403/403/403 402/402/402 
f 402/402/402 403/403/403 404/404/404 
f 403/403/403 405/405/405 404/404/404 
f 404/404/404 405/405/405 406/406/406 
f 405/405/405 407/407/407 406/406/406 
f 406/406/406 407/407/407 408/408/408 
f 407/407/407 409/409/409 408/408/408 
f 408/408/408 409/409/409 410/410/410 
f 409/409/409 411/411/411 410/410/410 
f 410/410/410 411/411/411 412/412/412 
f 411/411/411 413/413/413 412/412/412 
f 412/412/412 413/413/413 414/414/414 
f 413/413/413 415/415/415 414/414/414 
f 414/414/414 415/415/415 415/415/415 
f 415/415/415 416/416/416 415/415/415 
f 415/415/415 416/416/416 416/416/416 
f 416/416/416 417/417/417 416/416/416 
f 416/416/416 417/417/417 418/418/418 
f 417/417/417 419/419/419 418/418/418 
f 418/418/418 419/419/419 420/420/420 
f 419/419/419 421/421/421 420/420/420 
f 420/420/420 421/421/421 422/422/422 
f 421/421/421 423/423/423 422/422/422 
f 422/422/422 423/423/423 424/424/424 
f 423/423/423 425/425/425 424/424/424 
f 424/424/424 425/425/425 426/426/426 
f 425/425/425 427/427/427 426/426/426 
f 426/426/426 427/427/427 428/428/428 
f 427/427/427 429/429/429 428/428/428 
f 428/428/428 429/429/429 430/430/430 
f 429/429/429 431/431/431 430/430/430 
f 430/430/430 431/431/431 432/432/432 
f 431/431/431 433/433/433 432/432/432 
f 432/432/432 433/433/433 433/433/433 
f 433/433/433 431/431/431 433/433/433 
f 433/433/433 431/431/431 431/431/431 
f 431/431/431 434/434/434 431/431/431 
f 431/431/431 434/434/434 433/433/433 
f 434/434/434 435/435/435 433/433/433 
f 433/433/433 435/435/435 436/436/436 
f 435/435/435 437/437/437 436/436/436 
f 436/436/436 437/437/437 438/438/438 
f 437/437/437 439/439/439 438/438/438 
f 438/438/438 439/439/439 439/439/439 
f 439/439/439 440/440/440 439/439/439 
f 439/439/439 440/440/440 440/440/440 
f 440/440/440 441/441/441 440/440/440 
f 440/440/440 441/441/441 442/442/442 
f 441/441/441 443/443/443 442/442/442 
f 442/442/442 443/443/443 444/444/444 
f 443/443/443 445/445/445 444/444/444 
f 444/444/444 445/445/445 446/446/446 
f 445/445/445 447/447/447 446/446/446 
f 446/446/446 447/447/447 448/448/448 
f 447/447/447 449/449/449 448/448/448 
f 448/448/448 449/449/449 450/450/450 
f 449/449/449 451/451/451 450/450/450 
f 450/450/450 451/451/451 452/452/452 
f 451/451/451 453/453/453 452/452/452 
f 452/452/452 453/453/453 454/454/454 
f 453/453/453 455/455/455 454/454/454 
f 454/454/454 455/455/455 456/456/456 
f 455/455/455 457/457/457 456/456/456 
f 456/456/456 457/457/457 458/458/458 
f 457/457/457 459/459/459 458/458/458 
f 458/458/458 459/459/459 460/460/460 
f 459/459/459 461/461/461 460/460/460 
f 460/460/460 461/461/461 462/462/462 
f 461/461/461 463/463/463 462/462/462 
f 462/462/462 463/463/463 463/463/463 
f 463/463/463 464/464/464 463/463/463 
f 463/463/463 464/464/464 464/464/464 
f 464/464/464 465/465/465 464/464/464 
f 464/464/464 465/465/465 466/466/466 
f 465/465/465 467/467/467 466/466/466 
f 466/466/466 467/467/467 467/467/467 
f 467/467/467 465/465/465 467/467/467 
f 467/467/467 465/465/465 465/465/465 
f 465/465/465 468/468/468 465/465/465 
f 465/465/465 468/468/468 467/467/467 
f 468/468/468 469/469/469 467/467/467 
f 467/467/467 469/469/469 469/469/469 
f 469/469/469 468/468/468 469/469/469 
f 469/469/469 468/468/468 468/468/468 
f 468/468/468 470/470/470 468/468/468 
f 468/468/468 470/470/470 469/469/469 
f 470/470/470 471/471/471 469/469/469 
f 469/469/469 471/471/471 471/471/471 
f 471/471/471 470/470/470 471/471/471 
f 471/471/471 470/470/470 470/470/470 
f 470/470/470 472/472/472 470/470/470 
f 470/470/470 472/472/472 471/471/471 
f 472/472/472 473/473/473 471/471/471 
f 471/471/471 473/473/473 473/473/473 
f 473/473/473 472/472/472 473/473/473 
f 473/473/473 472/472/472 472/472/472 
f 472/472/472 474/474/474 472/472/472 
f 472/472/472 474/474/474 473/473/473 
f 474/474/474 475/475/475 473/473/473 
f 473/473/473 475/475/475 475/475/475 
f 475/475/475 474/474/474 475/475/475 
f 475/475/475 474/474/474 474/474/474 
f 474/474/474 476/476/476 474/474/474 
f 474/474/474 476/476/476 475/475/475 
f 476/476/476 477/477/477 475/475/475 
f 475/475/475 477/477/477 477/477/477 
f 477/477/477 476/476/476 477/477/477 
f 477/477/477 476/476/476 476/476/476 
f 476/476/476 478/478/478 476/476/476 
f 476/476/476 478/478/478 477/477/477 
f 478/478/478 479/479/479 477/477/477 
f 477/477/477 479/479/479 479/479/479 
f 479/479/479 478/478/478 479/479/479 
f 479/479/479 478/478/478 478/478/478 
f 478/478/478 480/480/480 478/478/478 
f 478/478/478 480/480/480 479/479/479 
f 480/480/480 481/481/481 479/479/479 
f 479/479/479 481/481/481 481/481/481 
f 481/481/481 480/480/480 481/481/481 
f 481/481/481 480/480/480 480/480/480 
f 480/480/480 482/482/482 480/480/480 
f 480/480/480 482/482/482 481/481/481 
f 482/482/482 483/483/483 481/481/481 
f 481/481/481 483/483/483 483/483/483 
f 483/483/483 482/482/482 483/483/483 
f 483/483/483 482/482/482 482/482/482 
f 482/482/482 484/484/484 482/482/482 
f 482/482/482 484/484/484 483/483/483 
f 484/484/484 485/485/485 483/483/483 
f 483/483/483 485/485/485 485/485/485 
f 485/485/485 484/484/484 485/485/485 
f 485/485/485 484/484/484 484/484/484 
f 484/484/484 486/486/486 484/484/484 
f 484/484/484 486/486/486 485/485/485 
f 486/486/486 487/487/487 485/485/485 
f 485/485/485 487/487/487 487/487/487 
f 487/487/487 486/486/486 487/487/487 
f 487/487/487 486/486/486 486/486/486 
f 486/486/486 488/488/488 486/486/486 
f 486/486/486 488/488/488 487/487/487 
f 488/488/488 489/489/489 487/487/487 
f 487/487/487 489/489/489 489/489/489 
f 489/489/489 488/488/488 489/489/489 
f 489/489/489 488/488/488 488/488/488 
f 488/488/488 490/490/490 488/488/488 
f 488/488/488 490/490/490 489/489/489 
f 490/490/490 491/491/491 489/489/489 
f 489/489/489 491/491/491 491/491/491 
f 491/491/491 490/490/490 491/491/491 
f 491/491/491 490/490/490 490/490/490 
f 490/490/490 492/492/492 490/490/490 
f 490/490/490 492/492/492 491/491/491 
f 492/492/492 493/493/493 491/491/491 
f 491/491/491 493/493/493 493/493/493 
f 493/493/493 492/492/492 493/493/493 
f 493/493/493 492/492/492 492/492/492 
f 492/492/492 494/494/494 492/492/492 
f 492/492/492 494/494/494 493/493/493 
f 494/494/494 495/495/495 493/493/493 
f 493/493/493 495/495/495 495/495/495 
f 495/495/495 494/494/494 495/495/495 
f 495/495/495 494/494/494 494/494/494 
f 494/494/494 496/496/496 494/494/494 
f 494/494/494 496/496/496 495/495/495 
f 496/496/496 497/497/497 495/495/495 
f 495/495/495 497/497/497 497/497/497 
f 497/497/497 496/496/496 497/497/497 
f 497/497/497 496/496/496 496/496/496 
f 496/496/496 498/498/498 496/496/496 
f 496/496/496 498/498/498 497/497/497 
f 498/498/498 499/499/499 497/497/497 
f 497/497/497 499/499/499 499/499/499 
f 499/499/499 498/498/498 499/499/499 
f 499/499/499 498/498/498 498/498/498 
f 498/498/498 500/500/500 498/498/498 
f 498/498/498 500/500/500 499/499/499 
f 500/500/500 501/501/501 499/499/499 
f 499/499/499 501/501/501 501/501/501 
f 501/501/501 500/500/500 501/501/501 
f 501/501/501 500/500/500 500/500/500 
f 500/500/500 502/502/502 500/500/500 
f 500/500/500 502/502/502 501/501/501 
f 502/502/502 503/503/503 501/501/501 
f 501/501/501 503/503/503 503/503/503 
f 503/503/503 502/502/502 503/503/503 
f 503/503/503 502/502/502 502/502/502 
f 502/502/502 504/504/504 502/502/502 
f 502/502/502 504/504/504 503/503/503 
f 504/504/504 505/505/505 503/503/503 
f 503/503/503 505/505/505 505/505/505 
f 505/505/505 504/504/504 505/505/505 
f 505/505/505 504/504/504 504/504/504 
f 504/504/504 506/506/506 504/504/504 
f 504/504/504 506/506/506 505/505/505 
f 506/506/506 507/507/507 505/505/505 
f 505/505/505 507/507/507 507/507/507 
f 507/507/507 506/506/506 507/507/507 
f 507/507/507 506/506/506 506/506/506 
f 506/506/506 508/508/508 506/506/506 
f 506/506/506 508/508/508 507/507/507 
f 508/508/508 509/509/509 507/507/507 
f 507/507/507 509/509/509 509/509/509 
f 509/509/509 508/508/508 509/509/509 
f 509/509/509 508/508/508 508/508/508 
f 508/508/508 510/510/510 508/508/508 
f 508/508/508 510/510/510 509/509/509 
f 510/510/510 511/511/511 509/509/509 
f 509/509/509 511/511/511 511/511/511 
f 511/511/511 510/510/510 511/511/511 
f 511/511/511 510/510/510 510/510/510 
f 510/510/510 512/512/512 510/510/510 
f 510/510/510 512/512/512 511/511/511 
f 512/512/512 513/513/513 511/511/511 
f 511/511/511 513/513/513 513/513/513 
f 513/513/513 514/514/514 513/513/513 
f 513/513/513 514/514/514 514/514/514 
f 514/514/514 515/515/515 514/514/514 
f 514/514/514 515/515/515 516/516/516 
f 515/515/515 517/517/517 516/516/516 
f 516/516/516 517/517/517 518/518/518 
f 517/517/517 519/519/519 518/518/518 
f 518/518/518 519/519/519 520/520/520 
f 519/519/519 521/521/521 520/520/520 
f 520/520/520 521/521/521 522/522/522 
f 521/521/521 523/523/523 522/522/522 
f 522/522/522 523/523/523 524/524/524 
f 523/523/523 525/525/525 524/524/524 
f 524/524/524 525/525/525 526/526/526 
f 525/525/525 527/527/527 526/526/526 
f 526/526/526 527/527/527 528/528/528 
f 527/527/527 529/529/529 528/528/528 
f 528/528/528 529/529/529 530/530/530 
f 529/529/529 531/531/531 530/530/530 
f 530/530/530 531/531/531 532/532/532 
f 531/531/531 533/533/533 532/532/532 
f 532/532/532 533/533/533 534/534/534 
f 533/533/533 535/535/535 534/534/534 
f 534/534/534 535/535/535 536/536/536 
f 535/535/535 537/537/537 536/536/536 
f 536/536/536 537/537/537 538/538/538 
f 537/537/537 539/539/539 538/538/538 
f 538/538/538 539/539/539 540/540/540 
f 539/539/539 541/541/541 540/540/540 
f 540/540/540 541/541/541 542/542/542 
f 541/541/541 543/543/543 542/542/542 
f 542/542/542 543/543/543 544/544/544 
f 543/543/543 545/545/545 544/544/544 
f 544/544/544 545/545/545 546/546/546 
f 545/545/545 547/547/547 546/546/546 
f 546/546/546 547/547/547 548/548/548 
f 547/547/547 549/549/549 548/548/548 
f 548/548/548 549/549/549 550/550/550 
f 549/549/549 551/551/551 550/550/550 
f 550/550/550 551/551/551 552/552/552 
f 551/551/551 553/553/553 552/552/552 
f 552/552/552 553/553/553 554/554/554 
f 553/553/553 555/555/555 554/554/554 
f 554/554/554 555/555/555 556/556/556 
f 555/555/555 557/557/557 556/556/556 
f 556/556/556 557/557/557 558/558/558 
f 557/557/557 559/559/559 558/558/558 
f 558/558/558 559/559/559 560/560/560 
f 559/559/559 561/561/561 560/560/560 
f 560/560/560 561/561/561 514/514/514 
f 561/561/561 515/515/515 514/514/514 
f 514/514/514 515/515/515 515/515/515 
f 515/515/515 561/561/561 515/515/515 
f 515/515/515 561/561/561 561/561/561 
f 561/561/561 562/562/562 561/561/561 
f 561/561/561 562/562/562 515/515/515 
f 562/562/562 563/563/563 515/515/515 
f 515/515/515 563/563/563 517/517/517 
f 563/563/563 564/564/564 517/517/517 
f 517/517/517 564/564/564 519/519/519 
f 564/564/564 565/565/565 519/519/519 
f 519/519/519 565/565/565 521/521/521 
f 565/565/565 566/566/566 521/521/521 
f 521/521/521 566/566/566 523/523/523 
f 566/566/566 567/567/567 523/523/523 
f 523/523/523 567/567/567 525/525/525 
f 567/567/567 568/568/568 525/525/525 
f 525/525/525 568/568/568 527/527/527 
f 568/568/568 569/569/569 527/527/527 
f 527/527/527 569/569/569 529/529/529 
f 569/569/569 570/570/570 529/529/529 
f 529/529/529 570/570/570 531/531/531 
f 570/570/570 571/571/571 531/531/531 
f 531/531/531 571/571/571 533/533/533 
f 571/571/571 572/572/572 533/533/533 
f 533/533/533 572/572/572 535/535/535 
f 572/572/572 573/573/573 535/535/535 
f 535/535/535 573/573/573 537/537/537 
f 573/573/573 574/574/574 537/537/537 
f 537/537/537 574/574/574 539/539/539 
f 574/574/574 575/575/575 539/539/539 
f 539/539/539 575/575/575 541/541/541 
f 575/575/575 576/576/576 541/541/541 
f 541/541/541 576/576/576 543/543/543 
f 576/576/576 577/577/577 543/543/543 
f 543/543/543 577/577/577 545/545/545 
f 577/577/577 578/578/578 545/545/545 
f 545/545/545 578/578/578 547/547/547 
f 578/578/578 579/579/579 547/547/547 
f 547/547/547 579/579/579 549/549/549 
f 579/579/579 580/580/580 549/549/549 
f 549/549/549 580/580/580 551/551/551 
f 580/580/580 581/581/581 551/551/551 
f 551/551/551 581/581/581 553/553/553 
f 581/581/581 582/582/582 553/553/553 
f 553/553/553 582/582/582 555/555/555 
f 582/582/582 583/583/583 555/555/555 
f 555/555/555 583/583/583 557/557/557 
f 583/583/583 584/584/584 557/557/557 
f 557/557/557 584/584/584 559/559/559 
f 584/584/584 585/585/585 559/559/559 
f 559/559/559 585/585/585 561/561/561 
f 585/585/585 562/562/562 561/561/561 
f 561/561/561 562/562/562 562/562/562 
f 562/562/562 586/586/586 562/562/562 
f 562/562/562 586/586/586 586/586/586 
f 586/586/586 587/587/587 586/586/586 
f 586/586/586 587/587/587 588/588/588 
f 587/587/587 589/589/589 588/588/588 
f 588/588/588 589/589/589 590/590/590 
f 589/589/589 591/591/591 590/590/590 
f 590/590/590 591/591/591 592/592/592 
f 591/591/591 593/593/593 592/592/592 
f 592/592/592 593/593/593 594/594/594 
f 593/593/593 595/595/595 594/594/594 
f 594/594/594 595/595/595 596/596/596 
f 595/595/595 597/597/597 596/596/596 
f 596/596/596 597/597/597 598/598/598 
f 597/597/597 599/599/599 598/598/598 
f 598/598/598 599/599/599 600/600/600 
f 599/599/599 601/601/601 600/600/600 
f 600/600/600 601/601/601 602/602/602 
f 601/601/601 603/603/603 602/602/602 
f 602/602/602 603/603/603 604/604/604 
f 603/603/603 605/605/605 604/604/604 
f 604/604/604 605/605/605 606/606/606 
f 605/605/605 607/607/607 606/606/606 
f 606/606/606 607/607/607 608/608/608 
f 607/607/607 609/609/609 608/608/608 
f 608/608/608 609/609/609 610/610/610 
f 609/609/609 611/611/611 610/610/610 
f 610/610/610 611/611/611 612/612/612 
f 611/611/611 613/613/613 612/612/612 
f 612/612/612 613/613/613 614/614/614 
f 613/613/613 615/615/615 614/614/614 
f 614/614/614 615/615/615 616/616/616 
f 615/615/615 617/617/617 616/616/616 
f 616/616/616 617/617/617 618/618/618 
f 617/617/617 619/619/619 618/618/618 
f 618/618/618 619/619/619 620/620/620 
f 619/619/619 621/621/621 620/620/620 
f 620/620/620 621/621/621 622/622/622 
f 621/621/621 623/623/623 622/622/622 
f 622/622/622 623/623/623 624/624/624 
f 623/623/623 625/625/625 624/624/624 
f 624/624/624 625/625/625 626/626/626 
f 625/625/625 627/627/627 626/626/626 
f 626/626/626 627/627/627 628/628/628 
f 627/627/627 629/629/629 628/628/628 
f 628/628/628 629/629/629 630/630/630 
f 629/629/629 631/631/631 630/630/630 
f 630/630/630 631/631/631 632/632/632 
f 631/631/631 633/633/633 632/632/632 
f 632/632/632 633/633/633 586/586/586 
f 633/633/633 587/587/587 586/586/586 
f 586/586/586 587/587/587 587/587/587 
f 587/587/587 634/634/634 587/587/587 
f 587/587/587 634/634/634 634/634/634 
f 634/634/634 635/635/635 634/634/634 
f 634/634/634 635/635/635 636/636/636 
f 635/635/635 637/637/637 636/636/636 
f 636/636/636 637/637/637 638/638/638 
f 637/637/637 639/639/639 638/638/638 
f 638/638/638 639/639/639 640/640/640 
f 639/639/639 641/641/641 640/640/640 
f 640/640/640 641/641/641 642/642/642 
f 641/641/641 643/643/643 642/642/642 
f 642/642/642 643/643/643 644/644/644 
f 643/643/643 645/645/645 644/644/644 
f 644/644/644 645/645/645 646/646/646 
f 645/645/645 647/647/647 646/646/646 
f 646/646/646 647/647/647 648/648/648 
f 647/647/647 649/649/649 648/648/648 
f 648/648/648 649/649/649 650/650/650 
f 649/649/649 651/651/651 650/650/650 
f 650/650/650 651/651/651 652/652/652 
f 651/651/651 653/653/653 652/652/652 
f 652/652/652 653/653/653 654/654/654 
f 653/653/653 655/655/655 654/654/654 
f 654/654/654 655/655/655 656/656/656 
f 655/655/655 657/657/657 656/656/656 
f 656/656/656 657/657/657 658/658/658 
f 657/657/657 659/659/659 658/658/658 
f 658/658/658 659/659/659 660/660/660 
f 659/659/659 661/661/661 660/660/660 
f 660/660/660 661/661/661 662/662/662 
f 661/661/661 663/663/663 662/662/662 
f 662/662/662 663/663/663 664/664/664 
f 663/663/663 665/665/665 664/664/664 
f 664/664/664 665/665/665 666/666/666 
f 665/665/665 667/667/667 666/666/666 
f 666/666/666 667/667/667 668/668/668 
f 667/667/667 669/669/669 668/668/668 
f 668/668/668 669/669/669 670/670/670 
f 669/669/669 671/671/671 670/670/670 
f 670/670/670 671/671/671 672/672/672 
f 671/671/671 673/673/673 672/672/672 
f 672/672/672 673/673/673 674/674/674 
f 673/673/673 675/675/675 674/674/674 
f 674/674/674 675/675/675 676/676/676 
f 675/675/675 677/677/677 676/676/676 
f 676/676/676 677/677/677 678/678/678 
f 677/677/677 679/679/679 678/678/678 
f 678/678/678 679/679/679 680/680/680 
f 679/679/679 681/681/681 680/680/680 
f 680/680/680 681/681/681 634/634/634 
f 681/681/681 635/635/635 634/634/634 
f 634/634/634 635/635/635 635/635/635 
f 635/635/635 682/682/682 635/635/635 
f 635/635/635 682/682/682 682/682/682 
f 682/682/682 683/683/683 682/682/682 
f 682/682/682 683/683/683 684/684/684 
f 683/683/683 685/685/685 684/684/684 
f 684/684/684 685/685/685 686/686/686 
f 685/685/685 687/687/687 686/686/686 
f 686/686/686 687/687/687 688/688/688 
f 687/687/687 689/689/689 688/688/688 
f 688/688/688 689/689/689 690/690/690 
f 689/689/689 691/691/691 690/690/690 
f 690/690/690 691/691/691 692/692/692 
f 691/691/691 693/693/693 692/692/692 
f 692/692/692 693/693/693 694/694/694 
f 693/693/693 695/695/695 694/694/694 
f 694/694/694 695/695/695 696/696/696 
f 695/695/695 697/697/697 696/696/696 
f 696/696/696 697/697/697 698/698/698 
f 697/697/697 699/699/699 698/698/698 
f 698/698/698 699/699/699 700/700/700 
f 699/699/699 701/701/701 700/700/700 
f 700/700/700 701/701/701 702/702/702 
f 701/701/701 703/703/703 702/702/702 
f 702/702/702 703/703/703 704/704/704 
f 703/703/703 705/705/705 704/704/704 
f 704/704/704 705/705/705 706/706/706 
f 705/705/705 707/707/707 706/706/706 
f 706/706/706 707/707/707 708/708/708 
f 707/707/707 709/709/709 708/708/708 
f 708/708/708 709/709/709 710/710/710 
f 709/709/709 711/711/711 710/710/710 
f 710/710/710 711/711/711 712/712/712 
f 711/711/711 713/713/713 712/712/712 
f 712/712/712 713/713/713 714/714/714 
f 713/713/713 715/715/715 714/714/714 
f 714/714/714 715/715/715 716/716/716 
f 715/715/715 717/717/717 716/716/716 
f 716/716/716 717/717/717 718/718/718 
f 717/717/717 719/719/719 718/718/718 
f 718/718/718 719/719/719 720/720/720 
f 719/719/719 721/721/721 720/720/720 
f 720/720/720 721/721/721 722/722/722 
f 721/721/721 723/723/723 722/722/722 
f 722/722/722 723/723/723 724/724/724 
f 723/723/723 725/725/725 724/724/724 
f 724/724/724 725/725/725 726/726/726 
f 725/725/725 727/727/727 726/726/726 
f 726/726/726 727/727/727 728/728/728 
f 727/727/727 729/729/729 728/728/728 
f 728/728/728 729/729/729 682/682/682 
f 729/729/729 683/683/683 682/682/682 
f 682/682/682 683/683/683 683/683/683 
f 683/683/683 729/729/729 683/683/683 
f 683/683/683 729/729/729 729/729/729 
f 729/729/729 730/730/730 729/729/729 
f 729/729/729 730/730/730 683/683/683 
f 730/730/730 731/731/731 683/683/683 
f 683/683/683 731/731/731 685/685/685 
f 731/731/731 732/732/732 685/685/685 
f 685/685/685 732/732/732 687/687/687 
f 732/732/732 733/733/733 687/687/687 
f 687/687/687 733/733/733 689/689/689 
f 733/733/733 734/734/734 689/689/689 
f 689/689/689 734/734/734 691/691/691 
f 734/734/734 735/735/735 691/691/691 
f 691/691/691 735/735/735 693/693/693 
f 735/735/735 736/736/736 693/693/693 
f 693/693/693 736/736/736 695/695/695 
f 736/736/736 737/737/737 695/695/695 
f 695/695/695 737/737/737 697/697/697 
f 737/737/737 738/738/738 697/697/697 
f 697/697/697 738/738/738 699/699/699 
f 738/738/738 739/739/739 699/699/699 
f 699/699/699 739/739/739 701/701/701 
f 739/739/739 740/740/740 701/701/701 
f 701/701/701 740/740/740 703/703/703 
f 740/740/740 741/741/741 703/703/703 
f 703/703/703 741/741/741 705/705/705 
f 741/741/741 742/742/742 705/705/705 
f 705/705/705 742/742/742 707/707/707 
f 742/742/742 743/743/743 707/707/707 
f 707/707/707 743/743/743 709/709/709 
f 743/743/743 744/744/744 709/709/709 
f 709/709/709 744/744/744 711/711/711 
f 744/744/744 745/745/745 711/711/711 
f 711/711/711 745/745/745 713/713/713 
f 745/745/745 746/746/746 713/713/713 
f 713/713/713 746/746/746 715/715/715 
f 746/746/746 747/747/747 715/715/715 
f 715/715/715 747/747/747 717/717/717 
f 747/747/747 748/748/748 717/717/717 
f 717/717/717 748/748/748 719/719/719 
f 748/748/748 749/749/749 719/719/719 
f 719/719/719 749/749/749 721/721/721 
f 749/749/749 750/750/750 721/721/721 
f 721/721/721 750/750/750 723/723/723 
f 750/750/750 751/751/751 723/723/723 
f 723/723/723 751/751/751 725/725/725 
f 751/751/751 752/752/752 725/725/725 
f 725/725/725 752/752/752 727/727/727 
f 752/752/752 753/753/753 727/727/727 
f 727/727/727 753/753/753 729/729/729 
f 753/753/753 730/730/730 729/729/729 
f 729/729/729 730/730/730 730/730/730 
f 730/730/730 753/753/753 730/730/730 
f 730/730/730 753/753/753 753/753/753 
f 753/753/753 754/754/754 753/753/753 
f 753/753/753 754/754/754 730/730/730 
f 754/754/754 755/755/755 730/730/730 
f 730/730/730 755/755/755 731/731/731 
f 755/755/755 756/756/756 731/731/731 
f 731/731/731 756/756/756 732/732/732 
f 756/756/756 757/757/757 732/732/732 
f 732/732/732 757/757/757 733/733/733 
f 757/757/757 758/758/758 733/733/733 
f 733/733/733 758/758/758 734/734/734 
f 758/758/758 759/759/759 734/734/734 
f 734/734/734 759/759/759 735/735/735 
f 759/759/759 760/760/760 735/735/735 
f 735/735/735 760/760/760 736/736/736 
f 760/760/760 761/761/761 736/736/736 
f 736/736/736 761/761/761 737/737/737 
f 761/761/761 762/762/762 737/737/737 
f 737/737/737 762/762/762 738/738/738 
f 762/762/762 763/763/763 738/738/738 
f 738/738/738 763/763/763 739/739/739 
f 763/763/763 764/764/764 739/739/739 
f 739/739/739 764/764/764 740/740/740 
f 764/764/764 765/765/765 740/740/740 
f 740/740/740 765/765/765 741/741/741 
f 765/765/765 766/766/766 741/741/741 
f 741/741/741 766/766/766 742/742/742 
f 766/766/766 767/767/767 742/742/742 
f 742/742/742 767/767/767 743/743/743 
f 767/767/767 768/768/768 743/743/743 
f 743/743/743 768/768/768 744/744/744 
f 768/768/768 769/769/769 744/744/744 
f 744/744/744 769/769/769 745/745/745 
f 769/769/769 770/770/770 745/745/745 
f 745/745/745 770/770/770 746/746/746 
f 770/770/770 771/771/771 746/746/746 
f 746/746/746 771/771/771 747/747/747 
f 771/771/771 772/772/772 747/747/747 
f 747/747/747 772/772/772 748/748/748 
f 772/772/772 773/773/773 748/748/748 
f 748/748/748 773/773/773 749/749/749 
f 773/773/773 774/774/774 749/749/749 
f 749/749/749 774/774/774 750/750/750 
f 774/774/774 775/775/775 750/750/750 
f 750/750/750 775/775/775 751/751/751 
f 775/775/775 776/776/776 751/751/751 
f 751/751/751 776/776/776 752/752/752 
f 776/776/776 777/777/777 752/752/752 
f 752/752/752 777/777/777 753/753/753 
f 777/777/777 754/754/754 753/753/753 
f 753/753/753 754/754/754 754/754/754 
f 754/754/754 777/777/777 754/754/754 
f 754/754/754 777/777/777 777/777/777 
f 777/777/777 778/778/778 777/777/777 
f 777/777/777 778/778/778 754/754/754 
f 778/778/778 779/779/779 754/754/754 
f 754/754/754 779/779/779 755/755/755 
f 779/779/779 780/780/780 755/755/755 
f 755/755/755 780/780/780 756/756/756 
f 780/780/780 781/781/781 756/756/756 
f 756/756/756 781/781/781 757/757/757 
f 781/781/781 782/782/782 757/757/757 
f 757/757/757 782/782/782 758/758/758 
f 782/782/782 783/783/783 758/758/758 
f 758/758/758 783/783/783 759/759/759 
f 783/783/783 784/784/784 759/759/759 
f 759/759/759 784/784/784 760/760/760 
f 784/784/784 785/785/785 760/760/760 
f 760/760/760 785/785/785 761/761/761 
f 785/785/785 786/786/786 761/761/761 
f 761/761/761 786/786/786 762/762/762 
f 786/786/786 787/787/787 762/762/762 
f 762/762/762 787/787/787 763/763/763 
f 787/787/787 788/788/788 763/763/763 
f 763/763/763 788/788/788 764/764/764 
f 788/788/788 789/789/789 764/764/764 
f 764/764/764 789/789/789 765/765/765 
f 789/789/789 790/790/790 765/765/765 
f 765/765/765 790/790/790 766/766/766 
f 790/790/790 791/791/791 766/766/766 
f 766/766/766 791/791/791 767/767/767 
f 791/791/791 792/792/792 767/767/767 
f 767/767/767 792/792/792 768/768/768 
f 792/792/792 793/793/793 768/768/768 
f 768/768/768 793/793/793 769/769/769 
f 793/793/793 794/794/794 769/769/769 
f 769/769/769 794/794/794 770/770/770 
f 794/794/794 795/795/795 770/770/770 
f 770/770/770 795/795/795 771/771/771 
f 795/795/795 796/796/796 771/771/771 
f 771/771/771 796/796/796 772/772/772 
f 796/796/796 797/797/797 772/772/772 
f 772/772/772 797/797/797 773/773/773 
f 797/797/797 798/798/798 773/773/773 
f 773/773/773 798/798/798 774/774/774 
f 798/798/798 799/799/799 774/774/774 
f 774/774/774 799/799/799 775/775/775 
f 799/799/799 800/800/800 775/775/775 
f 775/775/775 800/800/800 776/776/776 
f 800/800/800 801/801/801 776/776/776 
f 776/776/776 801/801/801 777/777/777 
f 801/801/801 778/778/778 777/777/777 
f 777/777/777 778/778/778 778/778/778 
f 778/778/778 801/801/801 778/778/778 
f 778/778/778 801/801/801 801/801/801 
f 801/801/801 802/802/802 801/801/801 
f 801/801/801 802/802/802 778/778/778 
f 802/802/802 803/803/803 778/778/778 
f 778/778/778 803/803/803 779/779/779 
f 803/803/803 804/804/804 779/779/779 
f 779/779/779 804/804/804 780/780/780 
f 804/804/804 805/805/805 780/780/780 
f 780/780/780 805/805/805 781/781/781 
f 805/805/805 806/806/806 781/781/781 
f 781/781/781 806/806/806 782/782/782 
f 806/806/806 807/807/807 782/782/782 
f 782/782/782 807/807/807 783/783/783 
f 807/807/807 808/808/808 783/783/783 
f 783/783/783 808/808/808 784/784/784 
f 808/808/808 809/809/809 784/784/784 
f 784/784/784 809/809/809 785/785/785 
f 809/809/809 810/810/810 785/785/785 
f 785/785/785 810/810/810 786/786/786 
f 810/810/810 811/811/811 786/786/786 
f 786/786/786 811/811/811 787/787/787 
f 811/811/811 812/812/812 787/787/787 
f 787/787/787 812/812/812 788/788/788 
f 812/812/812 813/813/813 788/788/788 
f 788/788/788 813/813/813 789/789/789 
f 813/813/813 814/814/814 789/789/789 
f 789/789/789 814/814/814 790/790/790 
f 814/814/814 815/815/815 790/790/790 
f 790/790/790 815/815/815 791/791/791 
f 815/815/815 816/816/816 791/791/791 
f 791/791/791 816/816/816 792/792/792 
f 816/816/816 817/817/817 792/792/792 
f 792/792/792 817/817/817 793/793/793 
f 817/817/817 818/818/818 793/793/793 
f 793/793/793 818/818/818 794/794/794 
f 818/818/818 819/819/819 794/794/794 
f 794/794/794 819/819/819 795/795/795 
f 819/819/819 820/820/820 795/795/795 
f 795/795/795 820/820/820 796/796/796 
f 820/820/820 821/821/821 796/796/796 
f 796/796/796 821/821/821 797/797/797 
f 821/821/821 822/822/822 797/797/797 
f 797/797/797 822/822/822 798/798/798 
f 822/822/822 823/823/823 798/798/798 
f 798/798/798 823/823/823 799/799/799 
f 823/823/823 824/824/824 799/799/799 
f 799/799/799 824/824/824 800/800/800 
f 824/824/824 825/825/825 800/800/800 
f 800/800/800 825/825/825 801/801/801 
f 825/825/825 802/802/802 801/801/801 
f 801/801/801 802/802/802 802/802/802 
f 802/802/802 826/826/826 802/802/802 
f 802/802/802 826/826/826 826/826/826 
f 826/826/826 827/827/827 826/826/826 
f 826/826/826 827/827/827 828/828/828 
f 827/827/827 829/829/829 828/828/828 
f 828/828/828 829/829/829 830/830/830 
f 829/829/829 831/831/831 830/830/830 
f 830/830/830 831/831/831 832/832/832 
f 831/831/831 833/833/833 832/832/832 
f 832/832/832 833/833/833 834/834/834 
f 833/833/833 835/835/835 834/834/834 
f 834/834/834 835/835/835 836/836/836 
f 835/835/835 837/837/837 836/836/836 
f 836/836/836 837/837/837 838/838/838 
f 837/837/837 839/839/839 838/838/838 
f 838/838/838 839/839/839 840/840/840 
f 839/839/839 841/841/841 840/840/840 
f 840/840/840 841/841/841 842/842/842 
f 841/841/841 843/843/843 842/842/842 
f 842/842/842 843/843/843 844/844/844 
f 843/843/843 845/845/845 844/844/844 
f 844/844/844 845/845/845 846/846/846 
f 845/845/845 847/847/847 846/846/846 
f 846/846/846 847/847/847 848/848/848 
f 847/847/847 849/849/849 848/848/848 
f 848/848/848 849/849/849 850/850/850 
f 849/849/849 851/851/851 850/850/850 
f 850/850/850 851/851/851 852/852/852 
f 851/851/851 853/853/853 852/852/852 
f 852/852/852 853/853/853 854/854/854 
f 853/853/853 855/855/855 854/854/854 
f 854/854/854 855/855/855 856/856/856 
f 855/855/855 857/857/857 856/856/856 
f 856/856/856 857/857/857 858/858/858 
f 857/857/857 859/859/859 858/858/858 
f 858/858/858 859/859/859 860/860/860 
f 859/859/859 861/861/861 860/860/860 
f 860/860/860 861/861/861 862/862/862 
f 861/861/861 863/863/863 862/862/862 
f 862/862/862 863/863/863 864/864/864 
f 863/863/863 865/865/865 864/864/864 
f 864/864/864 865/865/865 866/866/866 
f 865/865/865 867/867/867 866/866/866 
f 866/866/866 867/867/867 868/868/868 
f 867/867/867 869/869/869 868/868/868 
f 868/868/868 869/869/869 870/870/870 
f 869/869/869 871/871/871 870/870/870 
f 870/870/870 871/871/871 872/872/872 
f 871/871/871 873/873/873 872/872/872 
f 872/872/872 873/873/873 826/826/826 
f 873/873/873 827/827/827 826/826/826 
f 826/826/826 827/827/827 827/827/827 
f 827/827/827 874/874/874 827/827/827 
f 827/827/827 874/874/874 874/874/874 
f 874/874/874 875/875/875 874/874/874 
f 874/874/874 875/875/875 876/876/876 
f 875/875/875 877/877/877 876/876/876 
f 876/876/876 877/877/877 878/878/878 
f 877/877/877 879/879/879 878/878/878 
f 878/878/878 879/879/879 880/880/880 
f 879/879/879 881/881/881 880/880/880 
f 880/880/880 881/881/881 882/882/882 
f 881/881/881 883/883/883 882/882/882 
f 882/882/882 883/883/883 884/884/884 
f 883/883/883 885/885/885 884/884/884 
f 884/884/884 885/885/885 886/886/886 
f 885/885/885 887/887/887 886/886/886 
f 886/886/886 887/887/887 888/888/888 
f 887/887/887 889/889/889 888/888/888 
f 888/888/888 889/889/889 890/890/890 
f 889/889/889 891/891/891 890/890/890 
f 890/890/890 891/891/891 892/892/892 
f 891/891/891 893/893/893 892/892/892 
f 892/892/892 893/893/893 894/894/894 
f 893/893/893 895/895/895 894/894/894 
f 894/894/894 895/895/895 896/896/896 
f 895/895/895 897/897/897 896/896/896 
f 896/896/896 897/897/897 898/898/898 
f 897/897/897 899/899/899 898/898/898 
f 898/898/898 899/899/899 900/900/900 
f 899/899/899 901/901/901 900/900/900 
f 900/900/900 901/901/901 902/902/902 
f 901/901/901 903/903/903 902/902/902 
f 902/902/902 903/903/903 904/904/904 
f 903/903/903 905/905/905 904/904/904 
f 904/904/904 905/905/905 906/906/906 
f 905/905/905 907/907/907 906/906/906 
f 906/906/906 907/907/907 908/908/908 
f 907/907/907 909/909/909 908/908/908 
f 908/908/908 909/909/909 910/910/910 
f 909/909/909 911/911/911 910/910/910 
f 910/910/910 911/911/911 912/912/912 
f 911/911/911 913/913/913 912/912/912 
f 912/912/912 913/913/913 914/914/914 
f 913/913/913 915/915/915 914/914/914 
f 914/914/914 915/915/915 916/916/916 
f 915/915/915 917/917/917 916/916/916 
f 916/916/916 917/917/917 918/918/918 
f 917/917/917 919/919/919 918/918/918 
f 918/918/918 919/919/919 920/920/920 
f 919/919/919 921/921/921 920/920/920 
f 920/920/920 921/921/921 874/874/874 
f 921/921/921 875/875/875 874/874/874 
f 874/874/874 875/875/875 875/875/875 
f 875/875/875 921/921/921 875/875/875 
f 875/875/875 921/921/921 921/921/921 
f 921/921/921 922/922/922 921/921/921 
f 921/921/921 922/922/922 875/875/875 
f 922/922/922 923/923/923 875/875/875 
f 875/875/875 923/923/923 877/877/877 
f 923/923/923 924/924/924 877/877/877 
f 877/877/877 924/924/924 879/879/879 
f 924/924/924 925/925/925 879/879/879 
f 879/879/879 925/925/925 881/881/881 
f 925/925/925 926/926/926 881/881/881 
f 881/881/881 926/926/926 883/883/883 
f 926/926/926 927/927/927 883/883/883 
f 883/883/883 927/927/927 885/885/885 
f 927/927/927 928/928/928 885/885/885 
f 885/885/885 928/928/928 887/887/887 
f 928/928/928 929/929/929 887/887/887 
f 887/887/887 929/929/929 889/889/889 
f 929/929/929 930/930/930 889/889/889 
f 889/889/889 930/930/930 891/891/891 
f 930/930/930 931/931/931 891/891/891 
f 891/891/891 931/931/931 893/893/893 
f 931/931/931 932/932/932 893/893/893 
f 893/893/893 932/932/932 895/895/895 
f 932/932/932 933/933/933 895/895/895 
f 895/895/895 933/933/933 897/897/897 
f 933/933/933 934/934/934 897/897/897 
f 897/897/897 934/934/934 899/899/899 
f 934/934/934 935/935/935 899/899/899 
f 899/899/899 935/935/935 901/901/901 
f 935/935/935 936/936/936 901/901/901 
f 901/901/901 936/936/936 903/903/903 
f 936/936/936 937/937/937 903/903/903 
f 903/903/903 937/937/937 905/905/905 
f 937/937/937 938/938/938 905/905/905 
f 905/905/905 938/938/938 907/907/907 
f 938/938/938 939/939/939 907/907/907 
f 907/907/907 939/939/939 909/909/909 
f 939/939/939 940/940/940 909/909/909 
f 909/909/909 940/940/940 911/911/911 
f 940/940/940 941/941/941 911/911/911 
f 911/911/911 941/941/941 913/913/913 
f 941/941/941 942/942/942 913/913/913 
f 913/913/913 942/942/942 915/915/915 
f 942/942/942 943/943/943 915/915/915 
f 915/915/915 943/943/943 917/917/917 
f 943/943/943 944/944/944 917/917/917 
f 917/917/917 944/944/944 919/919/919 
f 944/944/944 945/945/945 919/919/919 
f 919/919/919 945/945/945 921/921/921 
f 945/945/945 922/922/922 921/921/921 
f 921/921/921 922/922/922 922/922/922 
f 922/922/922 946/946/946 922/922/922 
f 922/922/922 946/946/946 946/946/946 
f 946/946/946 947/947/947 946/946/946 
f 946/946/946 947/947/947 948/948/948 
f 947/947/947 949/949/949 948/948/948 
f 948/948/948 949/949/949 950/950/950 
f 949/949/949 951/951/951 950/950/950 
f 950/950/950 951/951/951 952/952/952 
f 951/951/951 953/953/953 952/952/952 
f 952/952/952 953/953/953 954/954/954 
f 953/953/953 955/955/955 954/954/954 
f 954/954/954 955/955/955 956/956/956 
f 955/955/955 957/957/957 956/956/956 
f 956/956/956 957/957/957 958/958/958 
f 957/957/957 959/959/959 958/958/958 
f 958/958/958 959/959/959 960/960/960 
f 959/959/959 961/961/961 960/960/960 
f 960/960/960 961/961/961 962/962/962 
f 961/961/961 963/963/963 962/962/962 
f 962/962/962 963/963/963 964/964/964 
f 963/963/963 965/965/965 964/964/964 
f 964/964/964 965/965/965 966/966/966 
f 965/965/965 967/967/967 966/966/966 
f 966/966/966 967/967/967 968/968/968 
f 967/967/967 969/969/969 968/968/968 
f 968/968/968 969/969/969 970/970/970 
f 969/969/969 971/971/971 970/970/970 
f 970/970/970 971/971/971 972/972/972 
f 971/971/971 973/973/973 972/972/972 
f 972/972/972 973/973/973 974/974/974 
f 973/973/973 975/975/975 974/974/974 
f 974/974/974 975/975/975 976/976/976 
f 975/975/975 977/977/977 976/976/976 
f 976/976/976 977/977/977 978/978/978 
f 977/977/977 979/979/979 978/978/978 
f 978/978/978 979/979/979 980/980/980 
f 979/979/979 981/981/981 980/980/980 
f 980/980/980 981/981/981 982/982/982 
f 981/981/981 983/983/983 982/982/982 
f 982/982/982 983/983/983 984/984/984 
f 983/983/983 985/985/985 984/984/984 
f 984/984/984 985/985/985 986/986/986 
f 985/985/985 987/987/987 986/986/986 
f 986/986/986 987/987/987 988/988/988 
f 987/987/987 989/989/989 988/988/988 
f 988/988/988 989/989/989 990/990/990 
f 989/989/989 991/991/991 990/990/990 
f 990/990/990 991/991/991 992/992/992 
f 991/991/991 993/993/993 992/992/992 
f 992/992/992 993/993/993 946/946/946 
f 993/993/993 947/947/947 946/946/946 
f 946/946/946 947/947/947 947/947/947 
f 947/947/947 993/993/993 947/947/947 
f 947/947/947 993/993/993 993/993/993 
f 993/993/993 994/994/994 993/993/993 
f 993/993/993 994/994/994 947/947/947 
f 994/994/994 995/995/995 947/947/947 
f 947/947/947 995/995/995 949/949/949 
f 995/995/995 996/996/996 949/949/949 
f 949/949/949 996/996/996 951/951/951 
f 996/996/996 997/997/997 951/951/951 
f 951/951/951 997/997/997 953/953/953 
f 997/997/997 998/998/998 953/953/953 
f 953/953/953 998/998/998 955/955/955 
f 998/998/998 999/999/999 955/955/955 
f 955/955/955 999/999/999 957/957/957 
f 999/999/999 1000/1000/1000 957/957/957 
f 957/957/957 1000/1000/1000 959/959/959 
f 1000/1000/1000 1001/1001/1001 959/959/959 
f 959/959/959 1001/1001/1001 961/961/961 
f 1001/1001/1001 1002/1002/1002 961/961/961 
f 961/961/961 1002/1002/1002 963/963/963 
f 1002/1002/1002 1003/1003/1003 963/963/963 
f 963/963/963 1003/1003/1003 965/965/965 
f 1003/1003/1003 1004/1004/1004 965/965/965 
f 965/965/965 1004/1004/1004 967/967/967 
f 1004/1004/1004 1005/1005/1005 967/967/967 
f 967/967/967 1005/1005/1005 969/969/969 
f 1005/1005/1005 1006/1006/1006 969/969/969 
f 969/969/969 1006/1006/1006 971/971/971 
f 1006/1006/1006 1007/1007/1007 971/971/971 
f 971/971/971 1007/1007/1007 973/973/973 
f 1007/1007/1007 1008/1008/1008 973/973/973 
f 973/973/973 1008/1008/1008 975/975/975 
f 1008/1008/1008 1009/1009/1009 975/975/975 
f 975/975/975 1009/1009/1009 977/977/977 
f 1009/1009/1009 1010/1010/1010 977/977/977 
f 977/977/977 1010/1010/1010 979/979/979 
f 1010/1010/1010 1011/1011/1011 979/979/979 
f 979/979/979 1011/1011/1011 981/981/981 
f 1011/1011/1011 1012/1012/1012 981/981/981 
f 981/981/981 1012/1012/1012 983/983/983 
f 1012/1012/1012 1013/1013/1013 983/983/983 
f 983/983/983 1013/1013/1013 985/985/985 
f 1013/1013/1013 1014/1014/1014 985/985/985 
f 985/985/985 1014/1014/1014 987/987/987 
f 1014/1014/1014 1015/1015/1015 987/987/987 
f 987/987/987 1015/1015/1015 989/989/989 
f 1015/1015/1015 1016/1016/1016 989/989/989 
f 989/989/989 1016/1016/1016 991/991/991 
f 1016/1016/1016 1017/1017/1017 991/991/991 
f 991/991/991 1017/1017/1017 993/993/993 
f 1017/1017/1017 994/994/994 993/993/993 
f 993/993/993 994/994/994 994/994/994 
f 994/994/994 1017/1017/1017 994/994/994 
f 994/994/994 1017/1017/1017 1017/1017/1017 
f 1017/1017/1017 1018/1018/1018 1017/1017/1017 
f 1017/1017/1017 1018/1018/1018 994/994/994 
f 1018/1018/1018 1019/1019/1019 994/994/994 
f 994/994/994 1019/1019/1019 995/995/995 
f 1019/1019/1019 1020/1020/1020 995/995/995 
f 995/995/995 1020/1020/1020 996/996/996 
f 1020/1020/1020 1021/1021/1021 996/996/996 
f 996/996/996 1021/1021/1021 997/997/997 
f 1021/1021/1021 1022/1022/1022 997/997/997 
f 997/997/997 1022/1022/1022 998/998/998 
f 1022/1022/1022 1023/1023/1023 998/998/998 
f 998/998/998 1023/1023/1023 999/999/999 
f 1023/1023/1023 1024/1024/1024 999/999/999 
f 999/999/999 1024/1024/1024 1000/1000/1000 
f 1024/1024/1024 1025/1025/1025 1000/1000/1000 
f 1000/1000/1000 1025/1025/1025 1001/1001/1001 
f 1025/1025/1025 1026/1026/1026 1001/1001/1001 
f 1001/1001/1001 1026/1026/1026 1002/1002/1002 
f 1026/1026/1026 1027/1027/1027 1002/1002/1002 
f 1002/1002/1002 1027/1027/1027 1003/1003/1003 
f 1027/1027/1027 1028/1028/1028 1003/1003/1003 
f 1003/1003/1003 1028/1028/1028 1004/1004/1004 
f 1028/1028/1028 1029/1029/1029 1004/1004/1004 
f 1004/1004/1004 1029/1029/1029 1005/1005/1005 
f 1029/1029/1029 1030/1030/1030 1005/1005/1005 
f 1005/1005/1005 1030/1030/1030 1006/1006/1006 
f 1030/1030/1030 1031/1031/1031 1006/1006/1006 
f 1006/1006/1006 1031/1031/1031 1007/1007/1007 
f 1031/1031/1031 1032/1032/1032 1007/1007/1007 
f 1007/1007/1007 1032/1032/1032 1008/1008/1008 
f 1032/1032/1032 1033/1033/1033 1008/1008/1008 
f 1008/1008/1008 1033/1033/1033 1009/1009/1009 
f 1033/1033/1033 1034/1034/1034 1009/1009/1009 
f 1009/1009/1009 1034/1034/1034 1010/1010/1010 
f 1034/1034/1034 1035/1035/1035 1010/1010/1010 
f 1010/1010/1010 1035/1035/1035 1011/1011/1011 
f 1035/1035/1035 1036/1036/1036 1011/1011/1011 
f 1011/1011/1011 1036/1036/1036 1012/1012/1012 
f 1036/1036/1036 1037/1037/1037 1012/1012/1012 
f 1012/1012/1012 1037/1037/1037 1013/1013/1013 
f 1037/1037/1037 1038/1038/1038 1013/1013/1013 
f 1013/1013/1013 1038/1038/1038 1014/1014/1014 
f 1038/1038/1038 1039/1039/1039 1014/1014/1014 
f 1014/1014/1014 1039/1039/1039 1015/1015/1015 
f 1039/1039/1039 1040/1040/1040 1015/1015/1015 
f 1015/1015/1015 1040/1040/1040 1016/1016/1016 
f 1040/1040/1040 1041/1041/1041 1016/1016/1016 
f 1016/1016/1016 1041/1041/1041 1017/1017/1017 
f 1041/1041/1041 1018/1018/1018 1017/1017/1017 
f 1017/1017/1017 1018/1018/1018 1018/1018/1018 
f 1018/1018/1018 1041/1041/1041 1018/1018/1018 
f 1018/1018/1018 1041/1041/1041 1041/1041/1041 
f 1041/1041/1041 1042/1042/1042 1041/1041/1041 
f 1041/1041/1041 1042/1042/1042 1018/1018/1018 
f 1042/1042/1042 1043/1043/1043 1018/1018/1018 
f 1018/1018/1018 1043/1043/1043 1019/1019/1019 
f 1043/1043/1043 1044/1044/1044 1019/1019/1019 
f 1019/1019/1019 1044/1044/1044 1020/1020/1020 
f 1044/1044/1044 1045/1045/1045 1020/1020/1020 
f 1020/1020/1020 1045/1045/1045 1021/1021/1021 
f 1045/1045/1045 1046/1046/1046 1021/1021/1021 
f 1021/1021/1021 1046/1046/1046 1022/1022/1022 
f 1046/1046/1046 1047/1047/1047 1022/1022/1022 
f 1022/1022/1022 1047/1047/1047 1023/1023/1023 
f 1047/1047/1047 1048/1048/1048 1023/1023/1023 
f 1023/1023/1023 1048/1048/1048 1024/1024/1024 
f 1048/1048/1048 1049/1049/1049 1024/1024/1024 
f 1024/1024/1024 1049/1049/1049 1025/1025/1025 
f 1049/1049/1049 1050/1050/1050 1025/1025/1025 
f 1025/1025/1025 1050/1050/1050 1026/1026/1026 
f 1050/1050/1050 1051/1051/1051 1026/1026/1026 
f 1026/1026/1026 1051/1051/1051 1027/1027/1027 
f 1051/1051/1051 1052/1052/1052 1027/1027/1027 
f 1027/1027/1027 1052/1052/1052 1028/1028/1028 
f 1052/1052/1052 1053/1053/1053 1028/1028/1028 
f 1028/1028/1028 1053/1053/1053 1029/1029/1029 
f 1053/1053/1053 1054/1054/1054 1029/1029/1029 
f 1029/1029/1029 1054/1054/1054 1030/1030/1030 
f 1054/1054/1054 1055/1055/1055 1030/1030/1030 
f 1030/1030/1030 1055/1055/1055 1031/1031/1031 
f 1055/1055/1055 1056/1056/1056 1031/1031/1031 
f 1031/1031/1031 1056/1056/1056 1032/1032/1032 
f 1056/1056/1056 1057/1057/1057 1032/1032/1032 
f 1032/1032/1032 1057/1057/1057 1033/1033/1033 
f 1057/1057/1057 1058/1058/1058 1033/1033/1033 
f 1033/1033/1033 1058/1058/1058 1034/1034/1034 
f 1058/1058/1058 1059/1059/1059 1034/1034/1034 
f 1034/1034/1034 1059/1059/1059 1035/1035/1035 
f 1059/1059/1059 1060/1060/1060 1035/1035/1035 
f 1035/1035/1035 1060/1060/1060 1036/1036/1036 
f 1060/1060/1060 1061/1061/1061 1036/1036/1036 
f 1036/1036/1036 1061/1061/1061 1037/1037/1037 
f 1061/1061/1061 1062/1062/1062 1037/1037/1037 
f 1037/1037/1037 1062/1062/1062 1038/1038/1038 
f 1062/1062/1062 1063/1063/1063 1038/1038/1038 
f 1038/1038/1038 1063/1063/1063 1039/1039/1039 
f 1063/1063/1063 1064/1064/1064 1039/1039/1039 
f 1039/1039/1039 1064/1064/1064 1040/1040/1040 
f 1064/1064/1064 1065/1065/1065 1040/1040/1040 
f 1040/1040/1040 1065/1065/1065 1041/1041/1041 
f 1065/1065/1065 1042/1042/1042 1041/1041/1041 
f 1041/1041/1041 1042/1042/1042 1042/1042/1042 
f 1042/1042/1042 1065/1065/1065 1042/1042/1042 
f 1042/1042/1042 1065/1065/1065 1065/1065/1065 
f 1065/1065/1065 1066/1066/1066 1065/1065/1065 
f 1065/1065/1065 1066/1066/1066 1042/1042/1042 
f 1066/1066/1066 1067/1067/1067 1042/1042/1042 
f 1042/1042/1042 1067/1067/1067 1043/1043/1043 
f 1067/1067/1067 1068/1068/1068 1043/1043/1043 
f 1043/1043/1043 1068/1068/1068 1044/1044/1044 
f 1068/1068/1068 1069/1069/1069 1044/1044/1044 
f 1044/1044/1044 1069/1069/1069 1045/1045/1045 
f 1069/1069/1069 1070/1070/1070 1045/1045/1045 
f 1045/1045/1045 1070/1070/1070 1046/1046/1046 
f 1070/1070/1070 1071/1071/1071 1046/1046/1046 
f 1046/1046/1046 1071/1071/1071 1047/1047/1047 
f 1071/1071/1071 1072/1072/1072 1047/1047/1047 
f 1047/1047/1047 1072/1072/1072 1048/1048/1048 
f 1072/1072/1072 1073/1073/1073 1048/1048/1048 
f 1048/1048/1048 1073/1073/1073 1049/1049/1049 
f 1073/1073/1073 1074/1074/1074 1049/1049/1049 
f 1049/1049/1049 1074/1074/1074 1050/1050/1050 
f 1074/1074/1074 1075/1075/1075 1050/1050/1050 
f 1050/1050/1050 1075/1075/1075 1051/1051/1051 
f 1075/1075/1075 1076/1076/1076 1051/1051/1051 
f 1051/1051/1051 1076/1076/1076 1052/1052/1052 
f 1076/1076/1076 1077/1077/1077 1052/1052/1052 
f 1052/1052/1052 1077/1077/1077 1053/1053/1053 
f 1077/1077/1077 1078/1078/1078 1053/1053/1053 
f 1053/1053/1053 1078/1078/1078 1054/1054/1054 
f 1078/1078/1078 1079/1079/1079 1054/1054/1054 
f 1054/1054/1054 1079/1079/1079 1055/1055/1055 
f 1079/1079/1079 1080/1080/1080 1055/1055/1055 
f 1055/1055/1055 1080/1080/1080 1056/1056/1056 
f 1080/1080/1080 1081/1081/1081 1056/1056/1056 
f 1056/1056/1056 1081/1081/1081 1057/1057/1057 
f 1081/1081/1081 1082/1082/1082 1057/1057/1057 
f 1057/1057/1057 1082/1082/1082 1058/1058/1058 
f 1082/1082/1082 1083/1083/1083 1058/1058/1058 
f 1058/1058/1058 1083/1083/1083 1059/1059/1059 
f 1083/1083/1083 1084/1084/1084 1059/1059/1059 
f 1059/1059/1059 1084/1084/1084 1060/1060/1060 
f 1084/1084/1084 1085/1085/1085 1060/1060/1060 
f 1060/1060/1060 1085/1085/1085 1061/1061/1061 
f 1085/1085/1085 1086/1086/1086 1061/1061/1061 
f 1061/1061/1061 1086/1086/1086 1062/1062/1062 
f 1086/1086/1086 1087/1087/1087 1062/1062/1062 
f 1062/1062/1062 1087/1087/1087 1063/1063/1063 
f 1087/1087/1087 1088/1088/1088 1063/1063/1063 
f 1063/1063/1063 1088/1088/1088 1064/1064/1064 
f 1088/1088/1088 1089/1089/1089 1064/1064/1064 
f 1064/1064/1064 1089/1089/1089 1065/1065/1065 
f 1089/1089/1089 1066/1066/1066 1065/1065/1065 
f 1065/1065/1065 1066/1066/1066 1066/1066/1066 
f 1066/1066/1066 1090/1090/1090 1066/1066/1066 
f 1066/1066/1066 1090/1090/1090 1090/1090/1090 
f 1090/1090/1090 1091/1091/1091 1090/1090/1090 
f 1090/1090/1090 1091/1091/1091 1092/1092/1092 
f 1091/1091/1091 1093/1093/1093 1092/1092/1092 
f 1092/1092/1092 1093/1093/1093 1094/1094/1094 
f 1093/1093/1093 1095/1095/1095 1094/1094/1094 
f 1094/1094/1094 1095/1095/1095 1096/1096/1096 
f 1095/1095/1095 1097/1097/1097 1096/1096/1096 
f 1096/1096/1096 1097/1097/1097 1098/1098/1098 
f 1097/1097/1097 1099/1099/1099 1098/1098/1098 
f 1098/1098/1098 1099/1099/1099 1100/1100/1100 
f 1099/1099/1099 1101/1101/1101 1100/1100/1100 
f 1100/1100/1100 1101/1101/1101 1102/1102/1102 
f 1101/1101/1101 1103/1103/1103 1102/1102/1102 
f 1102/1102/1102 1103/1103/1103 1104/1104/1104 
f 1103/1103/1103 1105/1105/1105 1104/1104/1104 
f 1104/1104/1104 1105/1105/1105 1106/1106/1106 
f 1105/1105/1105 1107/1107/1107 1106/1106/1106 
f 1106/1106/1106 1107/1107/1107 1108/1108/1108 
f 1107/1107/1107 1109/1109/1109 1108/1108/1108 
f 1108/1108/1108 1109/1109/1109 1110/1110/1110 
f 1109/1109/1109 1111/1111/1111 1110/1110/1110 
f 1110/1110/1110 1111/1111/1111 1112/1112/1112 
f 1111/1111/1111 1113/1113/1113 1112/1112/1112 
f 1112/1112/1112 1113/1113/1113 1114/1114/1114 
f 1113/1113/1113 1115/1115/1115 1114/1114/1114 
f 1114/1114/1114 1115/1115/1115 1116/1116/1116 
f 1115/1115/1115 1117/1117/1117 1116/1116/1116 
f 1116/1116/1116 1117/1117/1117 1118/1118/1118 
f 1117/1117/1117 1119/1119/1119 1118/1118/1118 
f 1118/1118/1118 1119/1119/1119 1120/1120/1120 
f 1119/1119/1119 1121/1121/1121 1120/1120/1120 
f 1120/1120/1120 1121/1121/1121 1122/1122/1122 
f 1121/1121/1121 1123/1123/1123 1122/1122/1122 
f 1122/1122/1122 1123/1123/1123 1124/1124/1124 
f 1123/1123/1123 1125/1125/1125 1124/1124/1124 
f 1124/1124/1124 1125/1125/1125 1126/1126/1126 
f 1125/1125/1125 1127/1127/1127 1126/1126/1126 
f 1126/1126/1126 1127/1127/1127 1128/1128/1128 
f 1127/1127/1127 1129/1129/1129 1128/1128/1128 
f 1128/1128/1128 1129/1129/1129 1130/1130/1130 
f 1129/1129/1129 1131/1131/1131 1130/1130/1130 
f 1130/1130/1130 1131/1131/1131 1132/1132/1132 
f 1131/1131/1131 1133/1133/1133 1132/1132/1132 
f 1132/1132/1132 1133/1133/1133 1134/1134/1134 
f 1133/1133/1133 1135/1135/1135 1134/1134/1134 
f 1134/1134/1134 1135/1135/1135 1136/1136/1136 
f 1135/1135/1135 1137/1137/1137 1136/1136/1136 
f 1136/1136/1136 1137/1137/1137 1090/1090/1090 
f 1137/1137/1137 1091/1091/1091 1090/1090/1090 
f 1090/1090/1090 1091/1091/1091 1091/1091/1091 
f 1091/1091/1091 1138/1138/1138 1091/1091/1091 
f 1091/1091/1091 1138/1138/1138 1138/1138/1138 
f 1138/1138/1138 1139/1139/1139 1138/1138/1138 
f 1138/1138/1138 1139/1139/1139 1140/1140/1140 
f 1139/1139/1139 1141/1141/1141 1140/1140/1140 
f 1140/1140/1140 1141/1141/1141 1141/1141/1141 
f 1141/1141/1141 1139/1139/1139 1141/1141/1141 
f 1141/1141/1141 1139/1139/1139 1142/1142/1142 
f 1139/1139/1139 1143/1143/1143 1142/1142/1142 
f 1142/1142/1142 1143/1143/1143 1144/1144/1144 
f 1143/1143/1143 1145/1145/1145 1144/1144/1144 
f 1144/1144/1144 1145/1145/1145 1146/1146/1146 
f 1145/1145/1145 1147/1147/1147 1146/1146/1146 
f 1146/1146/1146 1147/1147/1147 1148/1148/1148 
f 1147/1147/1147 1149/1149/1149 1148/1148/1148 
f 1148/1148/1148 1149/1149/1149 1150/1150/1150 
f 1149/1149/1149 1151/1151/1151 1150/1150/1150 
f 1150/1150/1150 1151/1151/1151 1152/1152/1152 
f 1151/1151/1151 1153/1153/1153 1152/1152/1152 
f 1152/1152/1152 1153/1153/1153 1154/1154/1154 
f 1153/1153/1153 1154/1154/1154 1154/1154/1154 
f 1154/1154/1154 1154/1154/1154 1152/1152/1152 
f 1154/1154/1154 1152/1152/1152 1152/1152/1152 
f 1152/1152/1152 1152/1152/1152 1152/1152/1152 
f 1152/1152/1152 1154/1154/1154 1152/1152/1152 
f 1152/1152/1152 1154/1154/1154 1155/1155/1155 
f 1154/1154/1154 1156/1156/1156 1155/1155/1155 
f 1155/1155/1155 1156/1156/1156 1156/1156/1156 
f 1156/1156/1156 1154/1154/1154 1156/1156/1156 
f 1156/1156/1156 1154/1154/1154 1154/1154/1154 
f 1154/1154/1154 1157/1157/1157 1154/1154/1154 
f 1154/1154/1154 1157/1157/1157 1156/1156/1156 
f 1157/1157/1157 1158/1158/1158 1156/1156/1156 
f 1156/1156/1156 1158/1158/1158 1158/1158/1158 
f 1158/1158/1158 1157/1157/1157 1158/1158/1158 
f 1158/1158/1158 1157/1157/1157 1157/1157/1157 
f 1157/1157/1157 1159/1159/1159 1157/1157/1157 
f 1157/1157/1157 1159/1159/1159 1158/1158/1158 
f 1159/1159/1159 1160/1160/1160 1158/1158/1158 
f 1158/1158/1158 1160/1160/1160 1160/1160/1160 
f 1160/1160/1160 1161/1161/1161 1160/1160/1160 
f 1160/1160/1160 1161/1161/1161 1161/1161/1161 
f 1161/1161/1161 1162/1162/1162 1161/1161/1161 
f 1161/1161/1161 1162/1162/1162 1163/1163/1163 
f 1162/1162/1162 1164/1164/1164 1163/1163/1163 
f 1163/1163/1163 1164/1164/1164 1164/1164/1164 
f 1164/1164/1164 1162/1162/1162 1164/1164/1164 
f 1164/1164/1164 1162/1162/1162 1162/1162/1162 
f 1162/1162/1162 1165/1165/1165 1162/1162/1162 
f 1162/1162/1162 1165/1165/1165 1164/1164/1164 
f 1165/1165/1165 1166/1166/1166 1164/1164/1164 
f 1164/1164/1164 1166/1166/1166 1166/1166/1166 
f 1166/1166/1166 1165/1165/1165 1166/1166/1166 
f 1166/1166/1166 1165/1165/1165 1165/1165/1165 
f 1165/1165/1165 1167/1167/1167 1165/1165/1165 
f 1165/1165/1165 1167/1167/1167 1166/1166/1166 
f 1167/1167/1167 1168/1168/1168 1166/1166/1166 
f 1166/1166/1166 1168/1168/1168 1168/1168/1168 
f 1168/1168/1168 1167/1167/1167 1168/1168/1168 
f 1168/1168/1168 1167/1167/1167 1167/1167/1167 
f 1167/1167/1167 1169/1169/1169 1167/1167/1167 
f 1167/1167/1167 1169/1169/1169 1168/1168/1168 
f 1169/1169/1169 1170/1170/1170 1168/1168/1168 
f 1168/1168/1168 1170/1170/1170 1170/1170/1170 
f 1170/1170/1170 1169/1169/1169 1170/1170/1170 
f 1170/1170/1170 1169/1169/1169 1169/1169/1169 
f 1169/1169/1169 1171/1171/1171 1169/1169/1169 
f 1169/1169/1169 1171/1171/1171 1170/1170/1170 
f 1171/1171/1171 1172/1172/1172 1170/1170/1170 
f 1170/1170/1170 1172/1172/1172 1172/1172/1172 
f 1172/1172/1172 1171/1171/1171 1172/1172/1172 
f 1172/1172/1172 1171/1171/1171 1171/1171/1171 
f 1171/1171/1171 1173/1173/1173 1171/1171/1171 
f 1171/1171/1171 1173/1173/1173 1172/1172/1172 
f 1173/1173/1173 1174/1174/1174 1172/1172/1172 
f 1172/1172/1172 1174/1174/1174 1174/1174/1174 
f 1174/1174/1174 1173/1173/1173 1174/1174/1174 
f 1174/1174/1174 1173/1173/1173 1175/1175/1175 
f 1173/1173/1173 1176/1176/1176 1175/1175/1175 
f 1175/1175/1175 1176/1176/1176 1177/1177/1177 
f 1176/1176/1176 1177/1177/1177 1177/1177/1177 
f 1177/1177/1177 1177/1177/1177 1175/1175/1175 
f 1177/1177/1177 1175/1175/1175 1175/1175/1175 
f 1175/1175/1175 1175/1175/1175 1175/1175/1175 
f 1175/1175/1175 1177/1177/1177 1175/1175/1175 
f 1175/1175/1175 1177/1177/1177 1178/1178/1178 
f 1177/1177/1177 1179/1179/1179 1178/1178/1178 
f 1178/1178/1178 1179/1179/1179 1180/1180/1180 
f 1179/1179/1179 1181/1181/1181 1180/1180/1180 
f 1180/1180/1180 1181/1181/1181 1182/1182/1182 
f 1181/1181/1181 1182/1182/1182 1182/1182/1182 
f 1182/1182/1182 1182/1182/1182 1183/1183/1183 
f 1182/1182/1182 1183/1183/1183 1183/1183/1183 
f 1183/1183/1183 1183/1183/1183 1183/1183/1183 
f 1183/1183/1183 1184/1184/1184 1183/1183/1183 
f 1183/1183/1183 1184/1184/1184 1185/1185/1185 
f 1184/1184/1184 1186/1186/1186 1185/1185/1185 
f 1185/1185/1185 1186/1186/1186 1187/1187/1187 
f 1186/1186/1186 1187/1187/1187 1187/1187/1187 
f 1187/1187/1187 1187/1187/1187 1185/1185/1185 
f 1187/1187/1187 1185/1185/1185 1185/1185/1185 
f 1185/1185/1185 1185/1185/1185 1185/1185/1185 
f 1185/1185/1185 1187/1187/1187 1185/1185/1185 
f 1185/1185/1185 1187/1187/1187 1188/1188/1188 
f 1187/1187/1187 1189/1189/1189 1188/1188/1188 
f 1188/1188/1188 1189/1189/1189 1189/1189/1189 
f 1189/1189/1189 1187/1187/1187 1189/1189/1189 
f 1189/1189/1189 1187/1187/1187 1187/1187/1187 
f 1187/1187/1187 1190/1190/1190 1187/1187/1187 
f 1187/1187/1187 1190/1190/1190 1189/1189/1189 
f 1190/1190/1190 1191/1191/1191 1189/1189/1189 
f 1189/1189/1189 1191/1191/1191 1191/1191/1191 
f 1191/1191/1191 1190/1190/1190 1191/1191/1191 
f 1191/1191/1191 1190/1190/1190 1190/1190/1190 
f 1190/1190/1190 1192/1192/1192 1190/1190/1190 
f 1190/1190/1190 1192/1192/1192 1191/1191/1191 
f 1192/1192/1192 1193/1193/1193 1191/1191/1191 
f 1191/1191/1191 1193/1193/1193 1193/1193/1193 
f 1193/1193/1193 1192/1192/1192 1193/1193/1193 
f 1193/1193/1193 1192/1192/1192 1192/1192/1192 
f 1192/1192/1192 1194/1194/1194 1192/1192/1192 
f 1192/1192/1192 1194/1194/1194 1193/1193/1193 
f 1194/1194/1194 1195/1195/1195 1193/1193/1193 
f 1193/1193/1193 1195/1195/1195 1195/1195/1195 
f 1195/1195/1195 1194/1194/1194 1195/1195/1195 
f 1195/1195/1195 1194/1194/1194 1194/1194/1194 
f 1194/1194/1194 1196/1196/1196 1194/1194/1194 
f 1194/1194/1194 1196/1196/1196 1195/1195/1195 
f 1196/1196/1196 1197/1197/1197 1195/1195/1195 
f 1195/1195/1195 1197/1197/1197 1197/1197/1197 
f 1197/1197/1197 1196/1196/1196 1197/1197/1197 
f 1197/1197/1197 1196/1196/1196 1196/1196/1196 
f 1196/1196/1196 1198/1198/1198 1196/1196/1196 
f 1196/1196/1196 1198/1198/1198 1197/1197/1197 
f 1198/1198/1198 1199/1199/1199 1197/1197/1197 
f 1197/1197/1197 1199/1199/1199 1199/1199/1199 
f 1199/1199/1199 1198/1198/1198 1199/1199/1199 
f 1199/1199/1199 1198/1198/1198 1198/1198/1198 
f 1198/1198/1198 1200/1200/1200 1198/1198/1198 
f 1198/1198/1198 1200/1200/1200 1199/1199/1199 
f 1200/1200/1200 1201/1201/1201 1199/1199/1199 
f 1199/1199/1199 1201/1201/1201 1201/1201/1201 
f 1201/1201/1201 1200/1200/1200 1201/1201/1201 
f 1201/1201/1201 1200/1200/1200 1200/1200/1200 
f 1200/1200/1200 1202/1202/1202 1200/1200/1200 
f 1200/1200/1200 1202/1202/1202 1201/1201/1201 
f 1202/1202/1202 1203/1203/1203 1201/1201/1201 
f 1201/1201/1201 1203/1203/1203 1203/1203/1203 
f 1203/1203/1203 1202/1202/1202 1203/1203/1203 
f 1203/1203/1203 1202/1202/1202 1202/1202/1202 
f 1202/1202/1202 1204/1204/1204 1202/1202/1202 
f 1202/1202/1202 1204/1204/1204 1203/1203/1203 
f 1204/1204/1204 1205/1205/1205 1203/1203/1203 
f 1203/1203/1203 1205/1205/1205 1205/1205/1205 
f 1205/1205/1205 1204/1204/1204 1205/1205/1205 
f 1205/1205/1205 1204/1204/1204 1204/1204/1204 
f 1204/1204/1204 1206/1206/1206 1204/1204/1204 
f 1204/1204/1204 1206/1206/1206 1205/1205/1205 
f 1206/1206/1206 1207/1207/1207 1205/1205/1205 
f 1205/1205/1205 1207/1207/1207 1207/1207/1207 
f 1207/1207/1207 1208/1208/1208 1207/1207/1207 
f 1207/1207/1207 1208/1208/1208 1208/1208/1208 
f 1208/1208/1208 1209/1209/1209 1208/1208/1208 
f 1208/1208/1208 1209/1209/1209 1210/1210/1210 
f 1209/1209/1209 1211/1211/1211 1210/1210/1210 
f 1210/1210/1210 1211/1211/1211 1211/1211/1211 
f 1211/1211/1211 1209/1209/1209 1211/1211/1211 
f 1211/1211/1211 1209/1209/1209 1212/1212/1212 
f 1209/1209/1209 1213/1213/1213 1212/1212/1212 
f 1212/1212/1212 1213/1213/1213 1214/1214/1214 
f 1213/1213/1213 1214/1214/1214 1214/1214/1214 
f 1214/1214/1214 1214/1214/1214 1212/1212/1212 
f 1214/1214/1214 1212/1212/1212 1212/1212/1212 
f 1212/1212/1212 1212/1212/1212 1212/1212/1212 
f 1212/1212/1212 1214/1214/1214 1212/1212/1212 
f 1212/1212/1212 1214/1214/1214 1215/1215/1215 
f 1214/1214/1214 1216/1216/1216 1215/1215/1215 
f 1215/1215/1215 1216/1216/1216 1217/1217/1217 
f 1216/1216/1216 1218/1218/1218 1217/1217/1217 
f 1217/1217/1217 1218/1218/1218 1218/1218/1218 
f 1218/1218/1218 1216/1216/1216 1218/1218/1218 
f 1218/1218/1218 1216/1216/1216 1216/1216/1216 
f 1216/1216/1216 1219/1219/1219 1216/1216/1216 
f 1216/1216/1216 1219/1219/1219 1218/1218/1218 
f 1219/1219/1219 1220/1220/1220 1218/1218/1218 
f 1218/1218/1218 1220/1220/1220 1221/1221/1221 
f 1220/1220/1220 1222/1222/1222 1221/1221/1221 
f 1221/1221/1221 1222/1222/1222 1223/1223/1223 
f 1222/1222/1222 1224/1224/1224 1223/1223/1223 
f 1223/1223/1223 1224/1224/1224 1225/1225/1225 
f 1224/1224/1224 1226/1226/1226 1225/1225/1225 
f 1225/1225/1225 1226/1226/1226 1227/1227/1227 
f 1226/1226/1226 1228/1228/1228 1227/1227/1227 
f 1227/1227/1227 1228/1228/1228 1229/1229/1229 
f 1228/1228/1228 1230/1230/1230 1229/1229/1229 
f 1229/1229/1229 1230/1230/1230 1231/1231/1231 
f 1230/1230/1230 1232/1232/1232 1231/1231/1231 
f 1231/1231/1231 1232/1232/1232 1233/1233/1233 
f 1232/1232/1232 1233/1233/1233 1233/1233/1233 
f 1233/1233/1233 1233/1233/1233 1234/1234/1234 
f 1233/1233/1233 1234/1234/1234 1234/1234/1234 
f 1234/1234/1234 1234/1234/1234 1234/1234/1234 
f 1234/1234/1234 1235/1235/1235 1234/1234/1234 
f 1234/1234/1234 1235/1235/1235 1236/1236/1236 
f 1235/1235/1235 1237/1237/1237 1236/1236/1236 
f 1236/1236/1236 1237/1237/1237 1237/1237/1237 
f 1237/1237/1237 1235/1235/1235 1237/1237/1237 
f 1237/1237/1237 1235/1235/1235 1235/1235/1235 
f 1235/1235/1235 1238/1238/1238 1235/1235/1235 
f 1235/1235/1235 1238/1238/1238 1237/1237/1237 
f 1238/1238/1238 1239/1239/1239 1237/1237/1237 
f 1237/1237/1237 1239/1239/1239 1239/1239/1239 
f 1239/1239/1239 1238/1238/1238 1239/1239/1239 
f 1239/1239/1239 1238/1238/1238 1238/1238/1238 
f 1238/1238/1238 1240/1240/1240 1238/1238/1238 
f 1238/1238/1238 1240/1240/1240 1239/1239/1239 
f 1240/1240/1240 1241/1241/1241 1239/1239/1239 
f 1239/1239/1239 1241/1241/1241 1241/1241/1241 
f 1241/1241/1241 1240/1240/1240 1241/1241/1241 
f 1241/1241/1241 1240/1240/1240 1240/1240/1240 
f 1240/1240/1240 1242/1242/1242 1240/1240/1240 
f 1240/1240/1240 1242/1242/1242 1241/1241/1241 
f 1242/1242/1242 1243/1243/1243 1241/1241/1241 
f 1241/1241/1241 1243/1243/1243 1243/1243/1243 
f 1243/1243/1243 1242/1242/1242 1243/1243/1243 
f 1243/1243/1243 1242/1242/1242 1244/1244/1244 
f 1242/1242/1242 1245/1245/1245 1244/1244/1244 
f 1244/1244/1244 1245/1245/1245 1246/1246/1246 
f 1245/1245/1245 1247/1247/1247 1246/1246/1246 
f 1246/1246/1246 1247/1247/1247 1248/1248/1248 
f 1247/1247/1247 1249/1249/1249 1248/1248/1248 
f 1248/1248/1248 1249/1249/1249 1250/1250/1250 
f 1249/1249/1249 1251/1251/1251 1250/1250/1250 
f 1250/1250/1250 1251/1251/1251 1252/1252/1252 
f 1251/1251/1251 1253/1253/1253 1252/1252/1252 
f 1252/1252/1252 1253/1253/1253 1254/1254/1254 
f 1253/1253/1253 1255/1255/1255 1254/1254/1254 
f 1254/1254/1254 1255/1255/1255 1255/1255/1255 
f 1255/1255/1255 1256/1256/1256 1255/1255/1255 
f 1255/1255/1255 1256/1256/1256 1256/1256/1256 
f 1256/1256/1256 1257/1257/1257 1256/1256/1256 
f 1256/1256/1256 1257/1257/1257 1258/1258/1258 
f 1257/1257/1257 1259/1259/1259 1258/1258/1258 
f 1258/1258/1258 1259/1259/1259 1259/1259/1259 
f 1259/1259/1259 1257/1257/1257 1259/1259/1259 
f 1259/1259/1259 1257/1257/1257 1257/1257/1257 
f 1257/1257/1257 1260/1260/1260 1257/1257/1257 
f 1257/1257/1257 1260/1260/1260 1259/1259/1259 
f 1260/1260/1260 1261/1261/1261 1259/1259/1259 
f 1259/1259/1259 1261/1261/1261 1261/1261/1261 
f 1261/1261/1261 1260/1260/1260 1261/1261/1261 
f 1261/1261/1261 1260/1260/1260 1260/1260/1260 
f 1260/1260/1260 1262/1262/1262 1260/1260/1260 
f 1260/1260/1260 1262/1262/1262 1261/1261/1261 
f 1262/1262/1262 1263/1263/1263 1261/1261/1261 
f 1261/1261/1261 1263/1263/1263 1263/1263/1263 
f 1263/1263/1263 1262/1262/1262 1263/1263/1263 
f 1263/1263/1263 1262/1262/1262 1262/1262/1262 
f 1262/1262/1262 1264/1264/1264 1262/1262/1262 
f 1262/1262/1262 1264/1264/1264 1263/1263/1263 
f 1264/1264/1264 1265/1265/1265 1263/1263/1263 
f 1263/1263/1263 1265/1265/1265 1265/1265/1265 
f 1265/1265/1265 1264/1264/1264 1265/1265/1265 
f 1265/1265/1265 1264/1264/1264 1266/1266/1266 
f 1264/1264/1264 1267/1267/1267 1266/1266/1266 
f 1266/1266/1266 1267/1267/1267 1268/1268/1268 
f 1267/1267/1267 1269/1269/1269 1268/1268/1268 
f 1268/1268/1268 1269/1269/1269 1270/1270/1270 
f 1269/1269/1269 1271/1271/1271 1270/1270/1270 
f 1270/1270/1270 1271/1271/1271 1272/1272/1272 
f 1271/1271/1271 1273/1273/1273 1272/1272/1272 
f 1272/1272/1272 1273/1273/1273 1274/1274/1274 
f 1273/1273/1273 1275/1275/1275 1274/1274/1274 
f 1274/1274/1274 1275/1275/1275 1276/1276/1276 
f 1275/1275/1275 1277/1277/1277 1276/1276/1276 
f 1276/1276/1276 1277/1277/1277 1277/1277/1277 
f 1277/1277/1277 1278/1278/1278 1277/1277/1277 
f 1277/1277/1277 1278/1278/1278 1278/1278/1278 
f 1278/1278/1278 1279/1279/1279 1278/1278/1278 
f 1278/1278/1278 1279/1279/1279 1280/1280/1280 
f 1279/1279/1279 1281/1281/1281 1280/1280/1280 
f 1280/1280/1280 1281/1281/1281 1282/1282/1282 
f 1281/1281/1281 1283/1283/1283 1282/1282/1282 
f 1282/1282/1282 1283/1283/1283 1284/1284/1284 
f 1283/1283/1283 1285/1285/1285 1284/1284/1284 
f 1284/1284/1284 1285/1285/1285 1286/1286/1286 
f 1285/1285/1285 1287/1287/1287 1286/1286/1286 
f 1286/1286/1286 1287/1287/1287 1288/1288/1288 
f 1287/1287/1287 1288/1288/1288 1288/1288/1288 
f 1288/1288/1288 1288/1288/1288 1287/1287/1287 
f 1288/1288/1288 1287/1287/1287 1287/1287/1287 
f 1287/1287/1287 1287/1287/1287 1287/1287/1287 
f 1287/1287/1287 1285/1285/1285 1287/1287/1287 
f 1287/1287/1287 1285/1285/1285 1289/1289/1289 
f 1285/1285/1285 1290/1290/1290 1289/1289/1289 
f 1289/1289/1289 1290/1290/1290 1291/1291/1291 
f 1290/1290/1290 1283/1283/1283 1291/1291/1291 
f 1291/1291/1291 1283/1283/1283 1279/1279/1279 
f 1283/1283/1283 1281/1281/1281 1279/1279/1279 
f 1279/1279/1279 1281/1281/1281 1281/1281/1281 
f 1281/1281/1281 1286/1286/1286 1281/1281/1281 
f 1281/1281/1281 1286/1286/1286 1286/1286/1286 
f 1286/1286/1286 1288/1288/1288 1286/1286/1286 
f 1286/1286/1286 1288/1288/1288 1284/1284/1284 
f 1288/1288/1288 1292/1292/1292 1284/1284/1284 
f 1284/1284/1284 1292/1292/1292 1293/1293/1293 
f 1292/1292/1292 1294/1294/1294 1293/1293/1293 
f 1293/1293/1293 1294/1294/1294 1295/1295/1295 
f 1294/1294/1294 1296/1296/1296 1295/1295/1295 
f 1295/1295/1295 1296/1296/1296 1297/1297/1297 
f 1296/1296/1296 1297/1297/1297 1297/1297/1297 
f 1297/1297/1297 1297/1297/1297 1295/1295/1295 
f 1297/1297/1297 1295/1295/1295 1295/1295/1295 
f 1295/1295/1295 1295/1295/1295 1295/1295/1295 
f 1295/1295/1295 1297/1297/1297 1295/1295/1295 
f 1295/1295/1295 1297/1297/1297 1298/1298/1298 
f 1297/1297/1297 1282/1282/1282 1298/1298/1298 
f 1298/1298/1298 1282/1282/1282 1295/1295/1295 
f 1282/1282/1282 1284/1284/1284 1295/1295/1295 
f 1295/1295/1295 1284/1284/1284 1293/1293/1293 
f 1284/1284/1284 1293/1293/1293 1293/1293/1293 
f 1293/1293/1293 1293/1293/1293 1297/1297/1297 
f 1293/1293/1293 1297/1297/1297 1297/1297/1297 
f 1297/1297/1297 1297/1297/1297 1297/1297/1297 
f 1297/1297/1297 1299/1299/1299 1297/1297/1297 
f 1297/1297/1297 1299/1299/1299 1282/1282/1282 
f 1299/1299/1299 1300/1300/1300 1282/1282/1282 
f 1282/1282/1282 1300/1300/1300 1301/1301/1301 
f 1300/1300/1300 1280/1280/1280 1301/1301/1301 
f 1301/1301/1301 1280/1280/1280 1282/1282/1282 
f 1280/1280/1280 1282/1282/1282 1282/1282/1282 
f 1282/1282/1282 1282/1282/1282 1302/1302/1302 
f 1282/1282/1282 1302/1302/1302 1302/1302/1302 
f 1302/1302/1302 1302/1302/1302 1302/1302/1302 
f 1302/1302/1302 1303/1303/1303 1302/1302/1302 
f 1302/1302/1302 1303/1303/1303 1304/1304/1304 
f 1303/1303/1303 1305/1305/1305 1304/1304/1304 
f 1304/1304/1304 1305/1305/1305 1306/1306/1306 
f 1305/1305/1305 1307/1307/1307 1306/1306/1306 
f 1306/1306/1306 1307/1307/1307 1308/1308/1308 
f 1307/1307/1307 1309/1309/1309 1308/1308/1308 
f 1308/1308/1308 1309/1309/1309 1310/1310/1310 
f 1309/1309/1309 1310/1310/1310 1310/1310/1310 
f 1310/1310/1310 1310/1310/1310 1302/1302/1302 
f 1310/1310/1310 1302/1302/1302 1302/1302/1302 
f 1302/1302/1302 1302/1302/1302 1302/1302/1302 
f 1302/1302/1302 1304/1304/1304 1302/1302/1302 
f 1302/1302/1302 1304/1304/1304 1311/1311/1311 
f 1304/1304/1304 1306/1306/1306 1311/1311/1311 
f 1311/1311/1311 1306/1306/1306 1312/1312/1312 
f 1306/1306/1306 1308/1308/1308 1312/1312/1312 
f 1312/1312/1312 1308/1308/1308 1313/1313/1313 
f 1308/1308/1308 1310/1310/1310 1313/1313/1313 
f 1313/1313/1313 1310/1310/1310 1314/1314/1314 
f 1310/1310/1310 1314/1314/1314 1314/1314/1314 
f 1314/1314/1314 1314/1314/1314 1313/1313/1313 
f 1314/1314/1314 1313/1313/1313 1313/1313/1313 
f 1313/1313/1313 1313/1313/1313 1313/1313/1313 
f 1313/1313/1313 1314/1314/1314 1313/1313/1313 
f 1313/1313/1313 1314/1314/1314 1312/1312/1312 
f 1314/1314/1314 1315/1315/1315 1312/1312/1312 
f 1312/1312/1312 1315/1315/1315 1316/1316/1316 
f 1315/1315/1315 1317/1317/1317 1316/1316/1316 
f 1316/1316/1316 1317/1317/1317 1312/1312/1312 
f 1317/1317/1317 1318/1318/1318 1312/1312/1312 
f 1312/1312/1312 1318/1318/1318 1319/1319/1319 
f 1318/1318/1318 1320/1320/1320 1319/1319/1319 
f 1319/1319/1319 1320/1320/1320 1321/1321/1321 
f 1320/1320/1320 1321/1321/1321 1321/1321/1321 
f 1321/1321/1321 1321/1321/1321 1312/1312/1312 
f 1321/1321/1321 1312/1312/1312 1312/1312/1312 
f 1312/1312/1312 1312/1312/1312 1312/1312/1312 
f 1312/1312/1312 1319/1319/1319 1312/1312/1312 
f 1312/1312/1312 1319/1319/1319 1311/1311/1311 
f 1319/1319/1319 1322/1322/1322 1311/1311/1311 
f 1311/1311/1311 1322/1322/1322 1302/1302/1302 
f 1322/1322/1322 1321/1321/1321 1302/1302/1302 
f 1302/1302/1302 1321/1321/1321 1321/1321/1321 
f 1321/1321/1321 1320/1320/1320 1321/1321/1321 
f 1321/1321/1321 1320/1320/1320 1320/1320/1320 
f 1320/1320/1320 1318/1318/1318 1320/1320/1320 
f 1320/1320/1320 1318/1318/1318 1323/1323/1323 
f 1318/1318/1318 1317/1317/1317 1323/1323/1323 
f 1323/1323/1323 1317/1317/1317 1324/1324/1324 
f 1317/1317/1317 1315/1315/1315 1324/1324/1324 
f 1324/1324/1324 1315/1315/1315 1315/1315/1315 
f 1315/1315/1315 1309/1309/1309 1315/1315/1315 
f 1315/1315/1315 1309/1309/1309 1309/1309/1309 
f 1309/1309/1309 1307/1307/1307 1309/1309/1309 
f 1309/1309/1309 1307/1307/1307 1325/1325/1325 
f 1307/1307/1307 1305/1305/1305 1325/1325/1325 
f 170/170/170 168/168/168 166/166/166 
f 143/143/143 164/164/164 141/141/141 
f 22/22/22 189/189/189 23/23/23 
f 180/180/180 177/177/177 176/176/176 
f 47/47/47 190/190/190 48/48/48 
f 146/146/146 150/150/150 148/148/148 
f 157/157/157 158/158/158 159/159/159 
f 265/265/265 241/241/241 363/363/363 
f 1207/1207/1207 1206/1206/1206 1326/1326/1326 
f 1280/1280/1280 1300/1300/1300 1278/1278/1278 
f 1159/1159/1159 1327/1327/1327 1160/1160/1160 
f 1321/1321/1321 1322/1322/1322 1319/1319/1319 
f 1283/1283/1283 1290/1290/1290 1285/1285/1285 

