mtllib model_1.mtl
o model_1
v 0.10968667268753052 -0.2545830011367798 -0.11735700070858002 
v 0.10968667268753052 -0.2545830011367798 -0.06248362734913826 
v 0.04580316320061684 -0.2545830011367798 -0.11735700070858002 
v 0.04580316320061684 -0.2545830011367798 -0.06248362734913826 
v 0.031226569786667824 -0.23119451105594635 -0.11735700070858002 
v 0.031226569786667824 -0.23119451105594635 -0.06248362734913826 
v -0.030882401391863823 -0.23119451105594635 -0.11735700070858002 
v -0.030882401391863823 -0.23119451105594635 -0.06248362734913826 
v -0.045458994805812836 -0.2545830011367798 -0.11735700070858002 
v -0.045458994805812836 -0.2545830011367798 -0.06248362734913826 
v -0.10934250801801682 -0.2545830011367798 -0.11735700070858002 
v -0.10934250801801682 -0.2545830011367798 -0.06248362734913826 
v 0.031226569786667824 -0.23119451105594635 -0.03348211199045181 
v -0.030882401391863823 -0.23119451105594635 -0.03348211199045181 
v -0.045458994805812836 -0.2545830011367798 -0.03348211199045181 
v -0.10110356658697128 -0.2545830011367798 -0.03348211199045181 
v -0.030882401391863823 -0.23119451105594635 -0.023675844073295593 
v -0.045458994805812836 -0.2545830011367798 -0.023675844073295593 
v -0.06903505325317383 -0.2545830011367798 -0.023675844073295593 
v 0.031226569786667824 -0.23119451105594635 -0.023675844073295593 
v 0.04580316320061684 -0.2545830011367798 -0.03348211199045181 
v 0.04580316320061684 -0.2545830011367798 -0.023675844073295593 
v 0.06937922537326813 -0.2545830011367798 -0.023675844073295593 
v 0.10144773125648499 -0.2545830011367798 -0.03348211199045181 
v -0.03810732066631317 -0.028870010748505592 -0.06060583144426346 
v -0.03810732066631317 -0.028870010748505592 0.0057429601438343525 
v -0.028220588341355324 -0.028870010748505592 -0.06060583144426346 
v -0.028220588341355324 -0.028870010748505592 0.0057429601438343525 
v -0.009334390982985497 -0.028870010748505592 -0.06060583144426346 
v -0.009334390982985497 -0.028870010748505592 0.0057429601438343525 
v 0.009678559377789497 -0.028870010748505592 -0.06060583144426346 
v 0.009678559377789497 -0.028870010748505592 0.0057429601438343525 
v 0.028564756736159325 -0.028870010748505592 -0.06060583144426346 
v 0.028564756736159325 -0.028870010748505592 0.0057429601438343525 
v 0.03845148906111717 -0.028870010748505592 -0.06060583144426346 
v 0.03845148906111717 -0.028870010748505592 0.0057429601438343525 
v -0.023277221247553825 -0.028870010748505592 0.01304550003260374 
v 0.023621389642357826 -0.028870010748505592 0.01304550003260374 
v 0.07039324939250946 -0.028870010748505592 0.028693800792098045 
v 0.09434956312179565 -0.028870010748505592 0.028693800792098045 
v -0.07004907727241516 -0.028870010748505592 0.028693800792098045 
v -0.023277221247553825 -0.028870010748505592 0.036622270941734314 
v -0.07004907727241516 -0.028870010748505592 0.05227057263255119 
v -0.09400539845228195 -0.028870010748505592 0.028693800792098045 
v -0.09400539845228195 -0.028870010748505592 0.05227057263255119 
v -0.07004907727241516 -0.028870010748505592 0.06291141360998154 
v -0.09400539845228195 -0.028870010748505592 0.06291141360998154 
v -0.08449891954660416 -0.028870010748505592 0.06979666650295258 
v -0.09400539845228195 -0.028870010748505592 0.06979666650295258 
v 0.09434956312179565 -0.028870010748505592 0.06979666650295258 
v 0.09434956312179565 -0.028870010748505592 0.06291141360998154 
v 0.08484309166669846 -0.028870010748505592 0.06979666650295258 
v 0.07039324939250946 -0.028870010748505592 0.06291141360998154 
v 0.07039324939250946 -0.028870010748505592 0.05227057263255119 
v 0.09434956312179565 -0.028870010748505592 0.05227057263255119 
v 0.023621389642357826 -0.028870010748505592 0.036622270941734314 
v 0.09434956312179565 -0.028870010748505592 0.06979666650295258 
v 0.08484309166669846 -0.028870010748505592 0.06979666650295258 
v 0.09434956312179565 -0.08240991830825806 0.06979666650295258 
v 0.08484309166669846 -0.08240991830825806 0.06979666650295258 
v 0.07039324939250946 -0.08240991830825806 0.06291141360998154 
v 0.07039324939250946 -0.028870010748505592 0.06291141360998154 
v 0.07039324939250946 -0.08240991830825806 0.05227057263255119 
v 0.07039324939250946 -0.028870010748505592 0.05227057263255119 
v 0.023621389642357826 -0.028870010748505592 0.036622270941734314 
v 0.023621389642357826 -0.08240991830825806 0.036622270941734314 
v -0.023277221247553825 -0.028870010748505592 0.036622270941734314 
v -0.023277221247553825 -0.08240991830825806 0.036622270941734314 
v -0.07004907727241516 -0.028870010748505592 0.05227057263255119 
v -0.07004907727241516 -0.08240991830825806 0.05227057263255119 
v -0.07004907727241516 -0.08240991830825806 0.06291141360998154 
v -0.07004907727241516 -0.028870010748505592 0.06291141360998154 
v -0.08449891954660416 -0.08240991830825806 0.06979666650295258 
v -0.08449891954660416 -0.028870010748505592 0.06979666650295258 
v -0.09400539845228195 -0.028870010748505592 0.06979666650295258 
v -0.09400539845228195 -0.08240991830825806 0.06979666650295258 
v -0.09400539845228195 -0.08240991830825806 0.06979666650295258 
v -0.09400539845228195 -0.08240991830825806 0.06291141360998154 
v -0.08449891954660416 -0.08240991830825806 0.06979666650295258 
v -0.07004907727241516 -0.08240991830825806 0.06291141360998154 
v -0.07004907727241516 -0.08240991830825806 0.05227057263255119 
v -0.09400539845228195 -0.08240991830825806 0.05227057263255119 
v -0.07004907727241516 -0.08240991830825806 0.028693800792098045 
v -0.09400539845228195 -0.08240991830825806 0.028693800792098045 
v -0.03810732066631317 -0.08240991830825806 0.0057429601438343525 
v -0.023277221247553825 -0.08240991830825806 0.036622270941734314 
v -0.023277221247553825 -0.08240991830825806 0.01304550003260374 
v 0.023621389642357826 -0.08240991830825806 0.01304550003260374 
v -0.009334390982985497 -0.08240991830825806 0.0057429601438343525 
v 0.009678559377789497 -0.08240991830825806 0.0057429601438343525 
v -0.009334390982985497 -0.08240991830825806 -0.06060583144426346 
v 0.009678559377789497 -0.08240991830825806 -0.06060583144426346 
v -0.028220588341355324 -0.08240991830825806 0.0057429601438343525 
v -0.03810732066631317 -0.08240991830825806 -0.06060583144426346 
v -0.028220588341355324 -0.08240991830825806 -0.06060583144426346 
v 0.10018020123243332 -0.055921755731105804 0.023477699607610703 
v 0.10018020123243332 -0.055921755731105804 0.2736418545246124 
v -0.09983603656291962 -0.055921755731105804 0.023477699607610703 
v -0.09983603656291962 -0.055921755731105804 0.2736418545246124 
v -0.11162406206130981 -0.02154349721968174 -0.11276683211326599 
v -0.03747355565428734 -0.02154349721968174 -0.11276683211326599 
v -0.11162406206130981 -0.08522780984640121 -0.11276683211326599 
v -0.03747355565428734 -0.08522780984640121 -0.11276683211326599 
v -0.0003349279868416488 -0.02154349721968174 -0.11276683211326599 
v -0.0003349279868416488 -0.08522780984640121 -0.11276683211326599 
v 0.03667694702744484 -0.08522780984640121 -0.11276683211326599 
v 0.03667694702744484 -0.02154349721968174 -0.11276683211326599 
v 0.11082745343446732 -0.08522780984640121 -0.11276683211326599 
v 0.11082745343446732 -0.02154349721968174 -0.11276683211326599 
v -0.06827453523874283 -0.025206753984093666 0.2855345606803894 
v -0.06827453523874283 -0.025206753984093666 0.30973726511001587 
v -0.06827453523874283 -0.08156455308198929 0.2855345606803894 
v -0.06827453523874283 -0.08156455308198929 0.30973726511001587 
v -0.07169687002897263 -0.08522780984640121 0.2855345606803894 
v -0.07169687002897263 -0.08522780984640121 0.30973726511001587 
v -0.08462567627429962 -0.08522780984640121 0.27864930033683777 
v -0.11086354404687881 -0.08522780984640121 0.2945062518119812 
v -0.08906202763319016 -0.08522780984640121 0.27343320846557617 
v -0.11973625421524048 -0.08522780984640121 0.27343320846557617 
v -0.11973625421524048 -0.08522780984640121 0.03098888322710991 
v -0.08906202763319016 -0.08522780984640121 0.03098888322710991 
v -0.11973625421524048 -0.08522780984640121 0.008872619830071926 
v -0.04013536870479584 -0.08522780984640121 0.008872619830071926 
v -0.11973625421524048 -0.08522780984640121 -0.01407822035253048 
v -0.04013536870479584 -0.08522780984640121 -0.01407822035253048 
v -0.11973625421524048 -0.08522780984640121 -0.07896650582551956 
v -0.04013536870479584 -0.08522780984640121 -0.07896650582551956 
v -0.11162406206130981 -0.08522780984640121 -0.11276683211326599 
v -0.03747355565428734 -0.08522780984640121 -0.11276683211326599 
v -0.0003349279868416488 -0.08522780984640121 -0.07896650582551956 
v -0.0003349279868416488 -0.08522780984640121 -0.01407822035253048 
v -0.0003349279868416488 -0.08522780984640121 -0.11276683211326599 
v 0.03667694702744484 -0.08522780984640121 -0.11276683211326599 
v 0.03933876007795334 -0.08522780984640121 -0.07896650582551956 
v 0.11082745343446732 -0.08522780984640121 -0.11276683211326599 
v 0.11893964558839798 -0.08522780984640121 -0.07896650582551956 
v 0.12122119963169098 -0.08522780984640121 -0.09983090311288834 
v 0.12933339178562164 -0.08522780984640121 -0.0768800675868988 
v 0.03933876007795334 -0.08522780984640121 -0.01407822035253048 
v 0.11893964558839798 -0.08522780984640121 -0.01407822035253048 
v 0.03933876007795334 -0.08522780984640121 0.008872619830071926 
v 0.12933339178562164 -0.08522780984640121 -0.03264753520488739 
v -0.11162406206130981 -0.02154349721968174 -0.11276683211326599 
v -0.11162406206130981 -0.08522780984640121 -0.11276683211326599 
v -0.12201780825853348 -0.02154349721968174 -0.09983090311288834 
v -0.12201780825853348 -0.08522780984640121 -0.09983090311288834 
v -0.13012999296188354 -0.02154349721968174 -0.0768800675868988 
v -0.13012999296188354 -0.08522780984640121 -0.0768800675868988 
v -0.13012999296188354 -0.08522780984640121 -0.03264753520488739 
v -0.13012999296188354 -0.02154349721968174 -0.03264753520488739 
v -0.11973625421524048 -0.02154349721968174 -0.01407822035253048 
v -0.11973625421524048 -0.08522780984640121 -0.01407822035253048 
v -0.11973625421524048 -0.08522780984640121 0.008872619830071926 
v -0.11973625421524048 -0.02154349721968174 0.008872619830071926 
v -0.11973625421524048 -0.08522780984640121 0.03098888322710991 
v -0.11973625421524048 -0.02154349721968174 0.03098888322710991 
v -0.11973625421524048 -0.08522780984640121 0.27343320846557617 
v -0.11973625421524048 -0.02154349721968174 0.27343320846557617 
v -0.11086354404687881 -0.02154349721968174 0.2945062518119812 
v -0.11086354404687881 -0.08522780984640121 0.2945062518119812 
v -0.07169687002897263 -0.02154349721968174 0.30973726511001587 
v -0.07169687002897263 -0.08522780984640121 0.30973726511001587 
v -0.06827453523874283 -0.025206753984093666 0.30973726511001587 
v -0.09983603656291962 -0.055358175188302994 0.023477699607610703 
v -0.09983603656291962 -0.055358175188302994 0.2736418545246124 
v 0.10018020123243332 -0.055358175188302994 0.023477699607610703 
v 0.10018020123243332 -0.055358175188302994 0.2736418545246124 
v -0.12201780825853348 -0.08522780984640121 -0.09983090311288834 
v -0.13012999296188354 -0.08522780984640121 -0.0768800675868988 
v -0.13012999296188354 -0.08522780984640121 -0.03264753520488739 
v 0.11082745343446732 -0.02154349721968174 -0.11276683211326599 
v 0.12122119963169098 -0.02154349721968174 -0.09983090311288834 
v 0.11082745343446732 -0.08522780984640121 -0.11276683211326599 
v 0.12122119963169098 -0.08522780984640121 -0.09983090311288834 
v 0.12933339178562164 -0.02154349721968174 -0.0768800675868988 
v 0.12933339178562164 -0.08522780984640121 -0.0768800675868988 
v 0.12933339178562164 -0.08522780984640121 -0.03264753520488739 
v 0.12933339178562164 -0.02154349721968174 -0.03264753520488739 
v 0.11893964558839798 -0.02154349721968174 -0.01407822035253048 
v 0.11893964558839798 -0.08522780984640121 -0.01407822035253048 
v 0.11893964558839798 -0.08522780984640121 0.008872619830071926 
v 0.11893964558839798 -0.02154349721968174 0.008872619830071926 
v 0.11893964558839798 -0.08522780984640121 0.03098888322710991 
v 0.11893964558839798 -0.02154349721968174 0.03098888322710991 
v 0.11893964558839798 -0.08522780984640121 0.27343320846557617 
v 0.11893964558839798 -0.02154349721968174 0.27343320846557617 
v 0.11006693542003632 -0.02154349721968174 0.2945062518119812 
v 0.11006693542003632 -0.08522780984640121 0.2945062518119812 
v 0.07090026140213013 -0.02154349721968174 0.30973726511001587 
v 0.07090026140213013 -0.08522780984640121 0.30973726511001587 
v 0.06747792661190033 -0.025206753984093666 0.30973726511001587 
v 0.06747792661190033 -0.08156455308198929 0.30973726511001587 
v 0.023621389642357826 -0.08240991830825806 0.036622270941734314 
v 0.07039324939250946 -0.08240991830825806 0.028693800792098045 
v 0.07039324939250946 -0.08240991830825806 0.05227057263255119 
v 0.09434956312179565 -0.08240991830825806 0.028693800792098045 
v 0.09434956312179565 -0.08240991830825806 0.05227057263255119 
v 0.028564756736159325 -0.08240991830825806 0.0057429601438343525 
v 0.028564756736159325 -0.08240991830825806 -0.06060583144426346 
v 0.03845148906111717 -0.08240991830825806 0.0057429601438343525 
v 0.07039324939250946 -0.08240991830825806 0.06291141360998154 
v 0.09434956312179565 -0.08240991830825806 0.06291141360998154 
v 0.08484309166669846 -0.08240991830825806 0.06979666650295258 
v 0.09434956312179565 -0.08240991830825806 0.06979666650295258 
v -0.06827453523874283 -0.025206753984093666 0.30973726511001587 
v -0.06827453523874283 -0.025206753984093666 0.2855345606803894 
v -0.07169687002897263 -0.02154349721968174 0.30973726511001587 
v -0.07169687002897263 -0.02154349721968174 0.2855345606803894 
v -0.08462567627429962 -0.02154349721968174 0.27864930033683777 
v -0.11086354404687881 -0.02154349721968174 0.2945062518119812 
v -0.08906202763319016 -0.02154349721968174 0.27343320846557617 
v -0.11973625421524048 -0.02154349721968174 0.27343320846557617 
v -0.08906202763319016 -0.02154349721968174 0.03098888322710991 
v -0.11973625421524048 -0.02154349721968174 0.03098888322710991 
v -0.11973625421524048 -0.02154349721968174 0.008872619830071926 
v -0.04013536870479584 -0.02154349721968174 0.008872619830071926 
v -0.04013536870479584 -0.02154349721968174 -0.01407822035253048 
v -0.11973625421524048 -0.02154349721968174 -0.01407822035253048 
v -0.04013536870479584 -0.02154349721968174 -0.07896650582551956 
v -0.11973625421524048 -0.02154349721968174 -0.07896650582551956 
v -0.11162406206130981 -0.02154349721968174 -0.11276683211326599 
v -0.12201780825853348 -0.02154349721968174 -0.09983090311288834 
v -0.13012999296188354 -0.02154349721968174 -0.0768800675868988 
v -0.13012999296188354 -0.02154349721968174 -0.03264753520488739 
v 0.10968667268753052 0.32223907113075256 -0.11735700070858002 
v 0.10968667268753052 0.32223907113075256 -0.06248362734913826 
v 0.10968667268753052 0.10328903049230576 -0.11735700070858002 
v 0.10968667268753052 0.10328903049230576 -0.06248362734913826 
v 0.10968667268753052 0.09455356746912003 -0.11735700070858002 
v 0.10968667268753052 0.09455356746912003 -0.06248362734913826 
v 0.10968667268753052 0.08779063820838928 -0.11735700070858002 
v 0.10968667268753052 0.08779063820838928 -0.06248362734913826 
v 0.10271526128053665 0.08779063820838928 -0.11360140889883041 
v 0.10271526128053665 0.08779063820838928 -0.0622749850153923 
v 0.10271526128053665 0.08271843194961548 -0.11360140889883041 
v 0.10271526128053665 0.08271843194961548 -0.0622749850153923 
v 0.10968667268753052 0.08271843194961548 -0.06248362734913826 
v 0.10144773125648499 0.08271843194961548 -0.03348211199045181 
v 0.10144773125648499 0.07088329643011093 -0.03348211199045181 
v 0.06937922537326813 0.07088329643011093 -0.023675844073295593 
v 0.06937922537326813 0.058484580367803574 -0.04537481814622879 
v 0.04580316320061684 0.07088329643011093 -0.023675844073295593 
v 0.04580316320061684 0.058484580367803574 -0.04537481814622879 
v 0.031226569786667824 0.07088329643011093 -0.023675844073295593 
v 0.031226569786667824 0.058484580367803574 -0.04537481814622879 
v -0.030882401391863823 0.07088329643011093 -0.023675844073295593 
v -0.030882401391863823 0.058484580367803574 -0.04537481814622879 
v -0.045458994805812836 0.07088329643011093 -0.023675844073295593 
v -0.045458994805812836 0.058484580367803574 -0.04537481814622879 
v -0.06903505325317383 0.07088329643011093 -0.023675844073295593 
v -0.06903505325317383 0.058484580367803574 -0.04537481814622879 
v -0.10110356658697128 0.07088329643011093 -0.03348211199045181 
v -0.10110356658697128 0.058484580367803574 -0.05518108978867531 
v -0.10934250801801682 0.07088329643011093 -0.06248362734913826 
v -0.10934250801801682 0.058484580367803574 -0.06248362734913826 
v -0.10934250801801682 0.07088329643011093 -0.11735700070858002 
v -0.10934250801801682 0.058484580367803574 -0.11735700070858002 
v -0.06903505325317383 0.08271843194961548 -0.023675844073295593 
v -0.045458994805812836 0.08271843194961548 -0.023675844073295593 
v -0.030882401391863823 0.08271843194961548 -0.023675844073295593 
v 0.031226569786667824 0.08271843194961548 -0.023675844073295593 
v 0.04580316320061684 0.08271843194961548 -0.023675844073295593 
v 0.06937922537326813 0.08271843194961548 -0.023675844073295593 
v 0.09498332440853119 0.08271843194961548 -0.03515126556158066 
v 0.064942866563797 0.08271843194961548 -0.025970928370952606 
v 0.09498332440853119 0.08779063820838928 -0.03515126556158066 
v 0.10144773125648499 0.08779063820838928 -0.03348211199045181 
v 0.10144773125648499 0.09455356746912003 -0.03348211199045181 
v 0.06937922537326813 0.08779063820838928 -0.023675844073295593 
v 0.064942866563797 0.08779063820838928 -0.025970928370952606 
v 0.04580316320061684 0.08779063820838928 -0.025970928370952606 
v 0.04580316320061684 0.08271843194961548 -0.025970928370952606 
v 0.031226569786667824 0.08779063820838928 -0.025970928370952606 
v 0.031226569786667824 0.08271843194961548 -0.025970928370952606 
v -0.030882401391863823 0.08779063820838928 -0.025970928370952606 
v -0.030882401391863823 0.08271843194961548 -0.025970928370952606 
v -0.045458994805812836 0.08779063820838928 -0.025970928370952606 
v -0.045458994805812836 0.08271843194961548 -0.025970928370952606 
v -0.0645987018942833 0.08779063820838928 -0.025970928370952606 
v -0.0645987018942833 0.08271843194961548 -0.025970928370952606 
v -0.09463915973901749 0.08271843194961548 -0.03515126556158066 
v -0.10110356658697128 0.08271843194961548 -0.03348211199045181 
v 0.10968667268753052 -0.2545830011367798 -0.11735700070858002 
v 0.04580316320061684 -0.2545830011367798 -0.11735700070858002 
v 0.10968667268753052 -0.008862991817295551 -0.11735700070858002 
v 0.04580316320061684 -0.008862991817295551 -0.11735700070858002 
v 0.10968667268753052 0.0038175128865987062 -0.11735700070858002 
v 0.04580316320061684 0.0038175128865987062 -0.11735700070858002 
v 0.10968667268753052 0.058484580367803574 -0.11735700070858002 
v 0.04580316320061684 0.058484580367803574 -0.11735700070858002 
v 0.10968667268753052 0.07088329643011093 -0.11735700070858002 
v 0.04580316320061684 0.07088329643011093 -0.11735700070858002 
v 0.10968667268753052 0.08271843194961548 -0.11735700070858002 
v 0.04580316320061684 0.08271843194961548 -0.11735700070858002 
v 0.10271526128053665 0.08271843194961548 -0.11360140889883041 
v 0.04580316320061684 0.08271843194961548 -0.11360140889883041 
v 0.10271526128053665 0.08779063820838928 -0.11360140889883041 
v 0.04580316320061684 0.08779063820838928 -0.11360140889883041 
v 0.04580316320061684 0.08779063820838928 -0.11735700070858002 
v 0.031226569786667824 0.08779063820838928 -0.11360140889883041 
v 0.031226569786667824 0.08779063820838928 -0.11735700070858002 
v -0.030882401391863823 0.08779063820838928 -0.11360140889883041 
v -0.030882401391863823 0.08779063820838928 -0.11735700070858002 
v -0.045458994805812836 0.08779063820838928 -0.11360140889883041 
v -0.045458994805812836 0.08779063820838928 -0.11735700070858002 
v -0.10237109661102295 0.08779063820838928 -0.11360140889883041 
v -0.10934250801801682 0.08779063820838928 -0.11735700070858002 
v 0.031226569786667824 -0.23119451105594635 -0.11735700070858002 
v 0.031226569786667824 -0.008862991817295551 -0.11735700070858002 
v 0.031226569786667824 0.0038175128865987062 -0.11735700070858002 
v 0.031226569786667824 0.058484580367803574 -0.11735700070858002 
v 0.031226569786667824 0.07088329643011093 -0.11735700070858002 
v 0.031226569786667824 0.08271843194961548 -0.11735700070858002 
v 0.031226569786667824 0.08271843194961548 -0.11360140889883041 
v -0.030882401391863823 -0.23119451105594635 -0.11735700070858002 
v -0.030882401391863823 -0.008862991817295551 -0.11735700070858002 
v -0.030882401391863823 0.0038175128865987062 -0.11735700070858002 
v -0.030882401391863823 0.058484580367803574 -0.11735700070858002 
v -0.030882401391863823 0.07088329643011093 -0.11735700070858002 
v -0.030882401391863823 0.08271843194961548 -0.11735700070858002 
v -0.030882401391863823 0.08271843194961548 -0.11360140889883041 
v -0.045458994805812836 -0.008862991817295551 -0.11735700070858002 
v -0.045458994805812836 0.0038175128865987062 -0.11735700070858002 
v -0.045458994805812836 0.058484580367803574 -0.11735700070858002 
v -0.045458994805812836 0.07088329643011093 -0.11735700070858002 
v -0.045458994805812836 0.08271843194961548 -0.11735700070858002 
v -0.045458994805812836 0.08271843194961548 -0.11360140889883041 
v -0.10934250801801682 -0.008862991817295551 -0.11735700070858002 
v -0.10934250801801682 0.0038175128865987062 -0.11735700070858002 
v -0.10934250801801682 0.058484580367803574 -0.11735700070858002 
v -0.10934250801801682 0.07088329643011093 -0.11735700070858002 
v -0.10934250801801682 0.08271843194961548 -0.11735700070858002 
v -0.10237109661102295 0.08271843194961548 -0.11360140889883041 
v 0.11893964558839798 -0.08522780984640121 0.008872619830071926 
v 0.08826541900634766 -0.08522780984640121 0.03098888322710991 
v 0.11893964558839798 -0.08522780984640121 0.03098888322710991 
v 0.08826541900634766 -0.08522780984640121 0.27343320846557617 
v 0.11893964558839798 -0.08522780984640121 0.27343320846557617 
v 0.11006693542003632 -0.08522780984640121 0.2945062518119812 
v 0.08382906764745712 -0.08522780984640121 0.27864930033683777 
v 0.07090026140213013 -0.08522780984640121 0.30973726511001587 
v 0.07090026140213013 -0.08522780984640121 0.2855345606803894 
v 0.06747792661190033 -0.08156455308198929 0.30973726511001587 
v 0.06747792661190033 -0.08156455308198929 0.2855345606803894 
v 0.06747792661190033 -0.025206753984093666 0.30973726511001587 
v 0.06747792661190033 -0.025206753984093666 0.2855345606803894 
v -0.10934250801801682 -0.2545830011367798 -0.11735700070858002 
v -0.045458994805812836 -0.2545830011367798 -0.11735700070858002 
v -0.10934250801801682 0.32223907113075256 -0.11735700070858002 
v -0.045458994805812836 0.32223907113075256 -0.11735700070858002 
v -0.10934250801801682 0.10328903049230576 -0.11735700070858002 
v -0.045458994805812836 0.10328903049230576 -0.11735700070858002 
v -0.10934250801801682 0.09455356746912003 -0.11735700070858002 
v -0.045458994805812836 0.09455356746912003 -0.11735700070858002 
v -0.030882401391863823 0.2748985290527344 -0.11735700070858002 
v -0.030882401391863823 0.10328903049230576 -0.11735700070858002 
v -0.030882401391863823 0.09455356746912003 -0.11735700070858002 
v 0.031226569786667824 0.2748985290527344 -0.11735700070858002 
v 0.031226569786667824 0.10328903049230576 -0.11735700070858002 
v 0.031226569786667824 0.09455356746912003 -0.11735700070858002 
v 0.04580316320061684 0.10328903049230576 -0.11735700070858002 
v 0.04580316320061684 0.09455356746912003 -0.11735700070858002 
v 0.10968667268753052 0.10328903049230576 -0.11735700070858002 
v 0.10968667268753052 0.09455356746912003 -0.11735700070858002 
v 0.10968667268753052 0.08779063820838928 -0.11735700070858002 
v 0.10968667268753052 0.32223907113075256 -0.11735700070858002 
v 0.04580316320061684 0.32223907113075256 -0.11735700070858002 
v 0.06747792661190033 -0.025206753984093666 0.2855345606803894 
v 0.07090026140213013 -0.02154349721968174 0.2855345606803894 
v 0.06747792661190033 -0.08156455308198929 0.2855345606803894 
v 0.07090026140213013 -0.08522780984640121 0.2855345606803894 
v 0.08382906764745712 -0.02154349721968174 0.27864930033683777 
v 0.08382906764745712 -0.08522780984640121 0.27864930033683777 
v 0.08826541900634766 -0.02154349721968174 0.27343320846557617 
v 0.08826541900634766 -0.08522780984640121 0.27343320846557617 
v 0.08826541900634766 -0.02154349721968174 0.03098888322710991 
v 0.08826541900634766 -0.08522780984640121 0.03098888322710991 
v 0.03933876007795334 -0.02154349721968174 0.008872619830071926 
v 0.03933876007795334 -0.08522780984640121 0.008872619830071926 
v 0.03933876007795334 -0.02154349721968174 -0.01407822035253048 
v 0.03933876007795334 -0.08522780984640121 -0.01407822035253048 
v -0.0003349279868416488 -0.02154349721968174 -0.01407822035253048 
v -0.0003349279868416488 -0.08522780984640121 -0.01407822035253048 
v -0.04013536870479584 -0.08522780984640121 -0.01407822035253048 
v -0.04013536870479584 -0.02154349721968174 -0.01407822035253048 
v -0.04013536870479584 -0.08522780984640121 0.008872619830071926 
v -0.04013536870479584 -0.02154349721968174 0.008872619830071926 
v -0.08906202763319016 -0.08522780984640121 0.03098888322710991 
v -0.08906202763319016 -0.02154349721968174 0.03098888322710991 
v -0.08906202763319016 -0.08522780984640121 0.27343320846557617 
v -0.08906202763319016 -0.02154349721968174 0.27343320846557617 
v -0.08462567627429962 -0.08522780984640121 0.27864930033683777 
v -0.08462567627429962 -0.02154349721968174 0.27864930033683777 
v -0.07169687002897263 -0.08522780984640121 0.2855345606803894 
v -0.07169687002897263 -0.02154349721968174 0.2855345606803894 
v -0.06827453523874283 -0.08156455308198929 0.2855345606803894 
v -0.06827453523874283 -0.025206753984093666 0.2855345606803894 
v 0.10968667268753052 0.08271843194961548 -0.11735700070858002 
v 0.10968667268753052 0.07088329643011093 -0.11735700070858002 
v 0.10968667268753052 0.07088329643011093 -0.06248362734913826 
v 0.10144773125648499 0.058484580367803574 -0.05518108978867531 
v 0.06937922537326813 0.0038175128865987062 -0.04537481814622879 
v 0.04580316320061684 0.0038175128865987062 -0.04537481814622879 
v 0.031226569786667824 0.0038175128865987062 -0.04537481814622879 
v -0.030882401391863823 0.0038175128865987062 -0.04537481814622879 
v -0.045458994805812836 0.0038175128865987062 -0.04537481814622879 
v -0.06903505325317383 0.0038175128865987062 -0.04537481814622879 
v -0.10110356658697128 0.0038175128865987062 -0.05518108978867531 
v -0.10110356658697128 -0.008862991817295551 -0.03348211199045181 
v -0.10934250801801682 -0.008862991817295551 -0.06248362734913826 
v -0.10934250801801682 -0.2545830011367798 -0.06248362734913826 
v -0.10934250801801682 -0.008862991817295551 -0.11735700070858002 
v -0.10934250801801682 -0.2545830011367798 -0.11735700070858002 
v -0.10110356658697128 -0.2545830011367798 -0.03348211199045181 
v -0.06903505325317383 -0.008862991817295551 -0.023675844073295593 
v -0.045458994805812836 -0.008862991817295551 -0.023675844073295593 
v -0.030882401391863823 -0.008862991817295551 -0.023675844073295593 
v 0.031226569786667824 -0.008862991817295551 -0.023675844073295593 
v 0.04580316320061684 -0.008862991817295551 -0.023675844073295593 
v 0.06937922537326813 -0.008862991817295551 -0.023675844073295593 
v 0.10144773125648499 -0.008862991817295551 -0.03348211199045181 
v 0.10144773125648499 0.0038175128865987062 -0.05518108978867531 
v 0.10968667268753052 -0.008862991817295551 -0.06248362734913826 
v 0.10968667268753052 0.0038175128865987062 -0.06248362734913826 
v 0.10968667268753052 -0.008862991817295551 -0.11735700070858002 
v 0.10968667268753052 0.0038175128865987062 -0.11735700070858002 
v -0.06903505325317383 -0.2545830011367798 -0.023675844073295593 
v -0.045458994805812836 -0.2545830011367798 -0.023675844073295593 
v -0.030882401391863823 -0.23119451105594635 -0.023675844073295593 
v 0.031226569786667824 -0.23119451105594635 -0.023675844073295593 
v 0.04580316320061684 -0.2545830011367798 -0.023675844073295593 
v 0.06937922537326813 -0.2545830011367798 -0.023675844073295593 
v 0.10144773125648499 -0.2545830011367798 -0.03348211199045181 
v 0.10968667268753052 -0.2545830011367798 -0.06248362734913826 
v 0.10968667268753052 -0.2545830011367798 -0.11735700070858002 
v -0.10934250801801682 0.0038175128865987062 -0.06248362734913826 
v -0.10934250801801682 0.0038175128865987062 -0.11735700070858002 
v 0.10968667268753052 0.058484580367803574 -0.06248362734913826 
v 0.10968667268753052 0.058484580367803574 -0.11735700070858002 
v -0.03747355565428734 -0.02154349721968174 -0.11276683211326599 
v -0.0003349279868416488 -0.02154349721968174 -0.07896650582551956 
v -0.0003349279868416488 -0.02154349721968174 -0.11276683211326599 
v 0.03667694702744484 -0.02154349721968174 -0.11276683211326599 
v -0.0003349279868416488 -0.02154349721968174 -0.01407822035253048 
v 0.03933876007795334 -0.02154349721968174 -0.01407822035253048 
v 0.03933876007795334 -0.02154349721968174 -0.07896650582551956 
v 0.11082745343446732 -0.02154349721968174 -0.11276683211326599 
v 0.11893964558839798 -0.02154349721968174 -0.07896650582551956 
v 0.12122119963169098 -0.02154349721968174 -0.09983090311288834 
v 0.12933339178562164 -0.02154349721968174 -0.0768800675868988 
v 0.11893964558839798 -0.02154349721968174 -0.01407822035253048 
v 0.11893964558839798 -0.02154349721968174 0.008872619830071926 
v 0.03933876007795334 -0.02154349721968174 0.008872619830071926 
v 0.08826541900634766 -0.02154349721968174 0.03098888322710991 
v 0.12933339178562164 -0.02154349721968174 -0.03264753520488739 
v -0.10934250801801682 0.32223907113075256 -0.11735700070858002 
v -0.10934250801801682 0.32223907113075256 -0.06248362734913826 
v -0.045458994805812836 0.32223907113075256 -0.11735700070858002 
v -0.045458994805812836 0.32223907113075256 -0.06248362734913826 
v -0.030882401391863823 0.2748985290527344 -0.11735700070858002 
v -0.030882401391863823 0.2748985290527344 -0.06248362734913826 
v 0.031226569786667824 0.2748985290527344 -0.11735700070858002 
v 0.031226569786667824 0.2748985290527344 -0.06248362734913826 
v 0.04580316320061684 0.32223907113075256 -0.11735700070858002 
v 0.04580316320061684 0.32223907113075256 -0.06248362734913826 
v 0.10968667268753052 0.32223907113075256 -0.11735700070858002 
v 0.10968667268753052 0.32223907113075256 -0.06248362734913826 
v -0.030882401391863823 0.2748985290527344 -0.03348211199045181 
v 0.031226569786667824 0.2748985290527344 -0.03348211199045181 
v 0.04580316320061684 0.32223907113075256 -0.03348211199045181 
v 0.10144773125648499 0.32223907113075256 -0.02430177666246891 
v 0.031226569786667824 0.2748985290527344 -0.014495507813990116 
v 0.04580316320061684 0.32223907113075256 -0.014495507813990116 
v 0.06937922537326813 0.32223907113075256 -0.014495507813990116 
v -0.030882401391863823 0.2748985290527344 -0.014495507813990116 
v -0.045458994805812836 0.32223907113075256 -0.03348211199045181 
v -0.045458994805812836 0.32223907113075256 -0.014495507813990116 
v -0.06903505325317383 0.32223907113075256 -0.014495507813990116 
v -0.10110356658697128 0.32223907113075256 -0.02430177666246891 
v 0.11893964558839798 -0.02154349721968174 0.03098888322710991 
v 0.11893964558839798 -0.02154349721968174 0.27343320846557617 
v 0.08826541900634766 -0.02154349721968174 0.27343320846557617 
v 0.11006693542003632 -0.02154349721968174 0.2945062518119812 
v 0.08382906764745712 -0.02154349721968174 0.27864930033683777 
v 0.07090026140213013 -0.02154349721968174 0.30973726511001587 
v 0.07090026140213013 -0.02154349721968174 0.2855345606803894 
v 0.06747792661190033 -0.025206753984093666 0.2855345606803894 
v 0.06747792661190033 -0.025206753984093666 0.30973726511001587 
v 0.10144773125648499 0.10328903049230576 -0.02430177666246891 
v 0.06937922537326813 0.09455356746912003 -0.023675844073295593 
v 0.06937922537326813 0.10328903049230576 -0.014495507813990116 
v 0.04580316320061684 0.10328903049230576 -0.014495507813990116 
v 0.04580316320061684 0.32223907113075256 -0.014495507813990116 
v 0.031226569786667824 0.2748985290527344 -0.014495507813990116 
v 0.10144773125648499 0.32223907113075256 -0.02430177666246891 
v 0.06937922537326813 0.32223907113075256 -0.014495507813990116 
v -0.10934250801801682 0.08271843194961548 -0.11735700070858002 
v -0.10934250801801682 0.08271843194961548 -0.06248362734913826 
v -0.10237109661102295 0.08271843194961548 -0.11360140889883041 
v -0.10237109661102295 0.08271843194961548 -0.0622749850153923 
v -0.10237109661102295 0.08779063820838928 -0.11360140889883041 
v -0.10237109661102295 0.08779063820838928 -0.0622749850153923 
v -0.10934250801801682 0.08779063820838928 -0.06248362734913826 
v -0.10110356658697128 0.08779063820838928 -0.03348211199045181 
v -0.10110356658697128 0.09455356746912003 -0.03348211199045181 
v -0.06903505325317383 0.09455356746912003 -0.023675844073295593 
v -0.10110356658697128 0.10328903049230576 -0.02430177666246891 
v -0.06903505325317383 0.10328903049230576 -0.014495507813990116 
v -0.06903505325317383 0.32223907113075256 -0.014495507813990116 
v -0.045458994805812836 0.10328903049230576 -0.014495507813990116 
v -0.045458994805812836 0.32223907113075256 -0.014495507813990116 
v -0.030882401391863823 0.2748985290527344 -0.014495507813990116 
v -0.045458994805812836 0.09455356746912003 -0.023675844073295593 
v -0.045458994805812836 0.08779063820838928 -0.023675844073295593 
v -0.06903505325317383 0.08779063820838928 -0.023675844073295593 
v -0.09463915973901749 0.08779063820838928 -0.03515126556158066 
v -0.030882401391863823 0.08779063820838928 -0.023675844073295593 
v 0.031226569786667824 0.08779063820838928 -0.023675844073295593 
v 0.04580316320061684 0.08779063820838928 -0.023675844073295593 
v -0.030882401391863823 0.09455356746912003 -0.023675844073295593 
v -0.030882401391863823 0.10328903049230576 -0.014495507813990116 
v 0.031226569786667824 0.10328903049230576 -0.014495507813990116 
v 0.031226569786667824 0.09455356746912003 -0.023675844073295593 
v 0.04580316320061684 0.09455356746912003 -0.023675844073295593 
v -0.10110356658697128 0.32223907113075256 -0.02430177666246891 
v -0.10934250801801682 0.10328903049230576 -0.06248362734913826 
v -0.10934250801801682 0.09455356746912003 -0.06248362734913826 
v -0.10934250801801682 0.09455356746912003 -0.11735700070858002 
v -0.10934250801801682 0.08779063820838928 -0.11735700070858002 
v -0.10934250801801682 0.10328903049230576 -0.11735700070858002 
v -0.10934250801801682 0.32223907113075256 -0.11735700070858002 
v -0.10934250801801682 0.32223907113075256 -0.06248362734913826 
v -0.10858199000358582 0.010016870684921741 -0.08668633550405502 
v -0.10858199000358582 0.011707604862749577 -0.07917514443397522 
v -0.11644067615270615 0.010016870684921741 -0.08668633550405502 
v -0.11644067615270615 0.011707604862749577 -0.07917514443397522 
v -0.12037001550197601 0.015089073218405247 -0.08668633550405502 
v -0.12037001550197601 0.016216229647397995 -0.08105294406414032 
v -0.12037001550197601 0.030023889616131783 -0.07187260687351227 
v -0.12037001550197601 0.01931590773165226 -0.07625412940979004 
v -0.12037001550197601 0.02410632185637951 -0.0731244683265686 
v -0.11644067615270615 0.01593443937599659 -0.07270718365907669 
v -0.11644067615270615 0.022415587678551674 -0.06853430718183517 
v -0.10858199000358582 0.022415587678551674 -0.06853430718183517 
v -0.10858199000358582 0.030023889616131783 -0.06686515361070633 
v -0.11644067615270615 0.011707604862749577 -0.09440615773200989 
v -0.12037001550197601 0.016216229647397995 -0.09252836555242538 
v -0.11644067615270615 0.01593443937599659 -0.10087412595748901 
v -0.12037001550197601 0.01931590773165226 -0.09732717275619507 
v -0.11644067615270615 0.022415587678551674 -0.10504700243473053 
v -0.12037001550197601 0.02410632185637951 -0.1004568338394165 
v -0.12037001550197601 0.030023889616131783 -0.10170870274305344 
v -0.12037001550197601 0.0404500812292099 -0.09732717275619507 
v -0.12037001550197601 0.04467691853642464 -0.08668633550405502 
v -0.12037001550197601 0.043549761176109314 -0.09252836555242538 
v -0.11644067615270615 0.04834017530083656 -0.09440615773200989 
v -0.11644067615270615 0.04383154958486557 -0.10087412595748901 
v -0.10858199000358582 0.04834017530083656 -0.09440615773200989 
v -0.10858199000358582 0.04383154958486557 -0.10087412595748901 
v -0.10858199000358582 0.04974912106990814 -0.08668633550405502 
v -0.11644067615270615 0.04974912106990814 -0.08668633550405502 
v -0.10858199000358582 0.04834017530083656 -0.07917514443397522 
v -0.11644067615270615 0.04834017530083656 -0.07917514443397522 
v -0.10858199000358582 0.04383154958486557 -0.07270718365907669 
v -0.11644067615270615 0.04383154958486557 -0.07270718365907669 
v -0.10858199000358582 0.03763219341635704 -0.06853430718183517 
v -0.11644067615270615 0.03763219341635704 -0.06853430718183517 
v -0.11644067615270615 0.030023889616131783 -0.06686515361070633 
v -0.12037001550197601 0.03565967082977295 -0.0731244683265686 
v -0.12037001550197601 0.0404500812292099 -0.07625412940979004 
v -0.12037001550197601 0.043549761176109314 -0.08105294406414032 
v -0.10858199000358582 0.01593443937599659 -0.07270718365907669 
v -0.10858199000358582 0.011707604862749577 -0.09440615773200989 
v -0.10858199000358582 0.01593443937599659 -0.10087412595748901 
v -0.10858199000358582 0.022415587678551674 -0.10504700243473053 
v -0.11644067615270615 0.030023889616131783 -0.10650750994682312 
v -0.10858199000358582 0.030023889616131783 -0.10650750994682312 
v -0.11644067615270615 0.03763219341635704 -0.10504700243473053 
v -0.10858199000358582 0.03763219341635704 -0.10504700243473053 
v -0.12037001550197601 0.03565967082977295 -0.1004568338394165 
v -0.10769472271203995 -0.21569611132144928 -0.10483835637569427 
v -0.11504638940095901 -0.21569611132144928 -0.10483835637569427 
v -0.10769472271203995 -0.2218954712152481 -0.09878768771886826 
v -0.11504638940095901 -0.2218954712152481 -0.09878768771886826 
v -0.11504638940095901 -0.2238679975271225 -0.09065056592226028 
v -0.11580690741539001 -0.22302262485027313 -0.09962225705385208 
v -0.11580690741539001 -0.22555872797966003 -0.09065056592226028 
v -0.11580690741539001 -0.2269676774740219 -0.09065056592226028 
v -0.11580690741539001 -0.22302262485027313 -0.08167887479066849 
v -0.11580690741539001 -0.224431574344635 -0.08084429800510406 
v -0.11580690741539001 -0.217386856675148 -0.07375040650367737 
v -0.11504638940095901 -0.2258405238389969 -0.0802183672785759 
v -0.11504638940095901 -0.21823221445083618 -0.07249853760004044 
v -0.10668069869279861 -0.21823221445083618 -0.07249853760004044 
v -0.10668069869279861 -0.20752424001693726 -0.06957752257585526 
v -0.11504638940095901 -0.2218954712152481 -0.08251345157623291 
v -0.11580690741539001 -0.21654148399829865 -0.07521091401576996 
v -0.11580690741539001 -0.20752424001693726 -0.0712466761469841 
v -0.11504638940095901 -0.20752424001693726 -0.06957752257585526 
v -0.11504638940095901 -0.197098046541214 -0.07249853760004044 
v -0.10668069869279861 -0.197098046541214 -0.07249853760004044 
v -0.10668069869279861 -0.18948973715305328 -0.0802183672785759 
v -0.11580690741539001 -0.20752424001693726 -0.07270718365907669 
v -0.11580690741539001 -0.19794340431690216 -0.07375040650367737 
v -0.11580690741539001 -0.19878877699375153 -0.07521091401576996 
v -0.11580690741539001 -0.19089868664741516 -0.08084429800510406 
v -0.11580690741539001 -0.19202584028244019 -0.08167887479066849 
v -0.11580690741539001 -0.1880808025598526 -0.09065056592226028 
v -0.11580690741539001 -0.18977153301239014 -0.09065056592226028 
v -0.11580690741539001 -0.19202584028244019 -0.09962225705385208 
v -0.11504638940095901 -0.19343478977680206 -0.09878768771886826 
v -0.11580690741539001 -0.19878877699375153 -0.10609022527933121 
v -0.11504638940095901 -0.19935235381126404 -0.10483835637569427 
v -0.11580690741539001 -0.20752424001693726 -0.10859395563602448 
v -0.11504638940095901 -0.20752424001693726 -0.10692480206489563 
v -0.10769472271203995 -0.20752424001693726 -0.10692480206489563 
v -0.11580690741539001 -0.19089868664741516 -0.1004568338394165 
v -0.11504638940095901 -0.18667185306549072 -0.09065056592226028 
v -0.11504638940095901 -0.18948973715305328 -0.0802183672785759 
v -0.10668069869279861 -0.18667185306549072 -0.09065056592226028 
v -0.10668069869279861 -0.18948973715305328 -0.10108276456594467 
v -0.11504638940095901 -0.18948973715305328 -0.10108276456594467 
v -0.11504638940095901 -0.197098046541214 -0.10880259424448013 
v -0.11580690741539001 -0.19794340431690216 -0.1075507327914238 
v -0.11580690741539001 -0.20752424001693726 -0.11005446314811707 
v -0.11580690741539001 -0.217386856675148 -0.1075507327914238 
v -0.11580690741539001 -0.21654148399829865 -0.10609022527933121 
v -0.11580690741539001 -0.224431574344635 -0.1004568338394165 
v -0.10668069869279861 -0.197098046541214 -0.10880259424448013 
v -0.11504638940095901 -0.20752424001693726 -0.11172360926866531 
v -0.11504638940095901 -0.21823221445083618 -0.10880259424448013 
v -0.10668069869279861 -0.20752424001693726 -0.11172360926866531 
v -0.10668069869279861 -0.21823221445083618 -0.10880259424448013 
v -0.10668069869279861 -0.2258405238389969 -0.10108276456594467 
v -0.11504638940095901 -0.2258405238389969 -0.10108276456594467 
v -0.10668069869279861 -0.22865840792655945 -0.09065056592226028 
v -0.11504638940095901 -0.22865840792655945 -0.09065056592226028 
v -0.10668069869279861 -0.2258405238389969 -0.0802183672785759 
v -0.10769472271203995 -0.2238679975271225 -0.09065056592226028 
v -0.10769472271203995 -0.2218954712152481 -0.08251345157623291 
v -0.10769472271203995 -0.21569611132144928 -0.0764627754688263 
v -0.11504638940095901 -0.21569611132144928 -0.0764627754688263 
v -0.11504638940095901 -0.20752424001693726 -0.07437633723020554 
v -0.11504638940095901 -0.19935235381126404 -0.0764627754688263 
v -0.11504638940095901 -0.19343478977680206 -0.08251345157623291 
v -0.11504638940095901 -0.19118046760559082 -0.09065056592226028 
v -0.10769472271203995 -0.19343478977680206 -0.08251345157623291 
v -0.10769472271203995 -0.19118046760559082 -0.09065056592226028 
v -0.10769472271203995 -0.19343478977680206 -0.09878768771886826 
v -0.10769472271203995 -0.19935235381126404 -0.10483835637569427 
v -0.10769472271203995 -0.19935235381126404 -0.0764627754688263 
v -0.10769472271203995 -0.20752424001693726 -0.07437633723020554 
v 0.03414188697934151 0.18754394352436066 0.005534315947443247 
v 0.03693045303225517 0.1731726974248886 0.00866397563368082 
v 0.03693045303225517 0.1731726974248886 0.005534315947443247 
v 0.03414188697934151 0.15880146622657776 0.00866397563368082 
v 0.03414188697934151 0.15880146622657776 0.005534315947443247 
v 0.026029696688055992 0.14668454229831696 0.00866397563368082 
v 0.026029696688055992 0.14668454229831696 0.005534315947443247 
v 0.013861408457159996 0.1387944370508194 0.00866397563368082 
v 0.013861408457159996 0.1387944370508194 0.005534315947443247 
v -0.00046168098924681544 0.13597655296325684 0.00866397563368082 
v -0.00046168098924681544 0.13597655296325684 0.005534315947443247 
v -0.014658017084002495 0.1387944370508194 0.00866397563368082 
v -0.014658017084002495 0.1387944370508194 0.005534315947443247 
v -0.02682630531489849 0.14668454229831696 0.00866397563368082 
v -0.02682630531489849 0.14668454229831696 0.005534315947443247 
v -0.034938495606184006 0.15880146622657776 0.00866397563368082 
v -0.034938495606184006 0.15880146622657776 0.005534315947443247 
v -0.03772706165909767 0.1731726974248886 0.00866397563368082 
v -0.03772706165909767 0.1731726974248886 0.005534315947443247 
v -0.034938495606184006 0.18754394352436066 0.00866397563368082 
v -0.034938495606184006 0.18754394352436066 0.005534315947443247 
v -0.02682630531489849 0.19966086745262146 0.00866397563368082 
v -0.02682630531489849 0.19966086745262146 0.005534315947443247 
v -0.014658017084002495 0.20755095779895782 0.00866397563368082 
v -0.014658017084002495 0.20755095779895782 0.005534315947443247 
v -0.00046168098924681544 0.21036885678768158 0.00866397563368082 
v -0.00046168098924681544 0.21036885678768158 0.005534315947443247 
v 0.013861408457159996 0.20755095779895782 0.00866397563368082 
v 0.013861408457159996 0.20755095779895782 0.005534315947443247 
v 0.026029696688055992 0.19966086745262146 0.00866397563368082 
v 0.026029696688055992 0.19966086745262146 0.005534315947443247 
v 0.03414188697934151 0.18754394352436066 0.00866397563368082 
v -0.012376463040709496 0.20219697058200836 0.009498552419245243 
v -0.022643456235527992 0.19543403387069702 0.009498552419245243 
v -0.029361365363001823 0.1852896362543106 0.009498552419245243 
v -0.03176967054605484 0.1731726974248886 0.009498552419245243 
v -0.029361365363001823 0.1610557734966278 0.009498552419245243 
v -0.022643456235527992 0.1509113758802414 0.009498552419245243 
v 0.021846847608685493 0.19543403387069702 0.009498552419245243 
v 0.011579854413866997 0.20219697058200836 0.009498552419245243 
v -0.00046168098924681544 0.2044512778520584 0.009498552419245243 
v -0.012376463040709496 0.14414843916893005 0.009498552419245243 
v -0.00046168098924681544 0.1418941169977188 0.009498552419245243 
v 0.011579854413866997 0.14414843916893005 0.009498552419245243 
v 0.021846847608685493 0.1509113758802414 0.009498552419245243 
v 0.03097306378185749 0.1731726974248886 0.009498552419245243 
v 0.028564756736159325 0.1852896362543106 0.009498552419245243 
v 0.028564756736159325 0.1610557734966278 0.009498552419245243 
v 0.026029696688055992 0.14668454229831696 0.005534315947443247 
v 0.013861408457159996 0.1387944370508194 0.005534315947443247 
v 0.019945552572607994 0.12414141744375229 0.005534315947443247 
v -0.00046168098924681544 0.13597655296325684 0.005534315947443247 
v -0.00046168098924681544 0.11991458386182785 0.005534315947443247 
v -0.014658017084002495 0.1387944370508194 0.005534315947443247 
v -0.020742161199450493 0.12414141744375229 0.005534315947443247 
v -0.02682630531489849 0.14668454229831696 0.005534315947443247 
v -0.037980567663908005 0.13569477200508118 0.005534315947443247 
v -0.034938495606184006 0.15880146622657776 0.005534315947443247 
v -0.04951509088277817 0.1528838872909546 0.005534315947443247 
v -0.0535711869597435 0.1731726974248886 0.005534315947443247 
v -0.0512896329164505 0.15203852951526642 0.004908383823931217 
v -0.055599234998226166 0.1731726974248886 0.004908383823931217 
v -0.0619368851184845 0.1731726974248886 -0.0013509360142052174 
v -0.05724702402949333 0.1968429833650589 -0.0013509360142052174 
v -0.05724702402949333 0.1968429833650589 -0.0238844882696867 
v -0.043937958776950836 0.2165682017803192 -0.0238844882696867 
v -0.03937485069036484 0.1342858225107193 0.004908383823931217 
v -0.021502679213881493 0.1221688911318779 0.004908383823931217 
v -0.00046168098924681544 0.11794205754995346 0.004908383823931217 
v 0.020706070587038994 0.1221688911318779 0.004908383823931217 
v 0.03857824206352234 0.1342858225107193 0.004908383823931217 
v 0.037183959037065506 0.13569477200508118 0.005534315947443247 
v 0.04871848225593567 0.1528838872909546 0.005534315947443247 
v 0.03414188697934151 0.15880146622657776 0.005534315947443247 
v 0.052774578332901 0.1731726974248886 0.005534315947443247 
v 0.03693045303225517 0.1731726974248886 0.005534315947443247 
v 0.04871848225593567 0.19346150755882263 0.005534315947443247 
v 0.03414188697934151 0.18754394352436066 0.005534315947443247 
v 0.037183959037065506 0.21065063774585724 0.005534315947443247 
v 0.026029696688055992 0.19966086745262146 0.005534315947443247 
v 0.019945552572607994 0.22220398485660553 0.005534315947443247 
v 0.013861408457159996 0.20755095779895782 0.005534315947443247 
v -0.00046168098924681544 0.21036885678768158 0.005534315947443247 
v -0.05724702402949333 0.14950242638587952 -0.0013509360142052174 
v -0.043937958776950836 0.129777193069458 -0.0013509360142052174 
v -0.05724702402949333 0.14950242638587952 -0.0238844882696867 
v -0.043937958776950836 0.129777193069458 -0.0238844882696867 
v -0.0619368851184845 0.1731726974248886 -0.0238844882696867 
v -0.03772706165909767 0.1731726974248886 0.005534315947443247 
v -0.034938495606184006 0.18754394352436066 0.005534315947443247 
v -0.04951509088277817 0.19346150755882263 0.005534315947443247 
v -0.037980567663908005 0.21065063774585724 0.005534315947443247 
v -0.03937485069036484 0.21205958724021912 0.004908383823931217 
v -0.020742161199450493 0.22220398485660553 0.005534315947443247 
v -0.021502679213881493 0.22417651116847992 0.004908383823931217 
v -0.00046168098924681544 0.22643081843852997 0.005534315947443247 
v -0.00046168098924681544 0.22840334475040436 0.004908383823931217 
v 0.020706070587038994 0.22417651116847992 0.004908383823931217 
v 0.02311437763273716 0.2300940752029419 -0.0013509360142052174 
v 0.03857824206352234 0.21205958724021912 0.004908383823931217 
v 0.04314135015010834 0.2165682017803192 -0.0013509360142052174 
v 0.05645041540265083 0.1968429833650589 -0.0013509360142052174 
v 0.05645041540265083 0.1968429833650589 -0.0238844882696867 
v 0.061140276491642 0.1731726974248886 -0.0238844882696867 
v -0.0512896329164505 0.194306880235672 0.004908383823931217 
v -0.043937958776950836 0.2165682017803192 -0.0013509360142052174 
v -0.02391098625957966 0.2300940752029419 -0.0013509360142052174 
v -0.02391098625957966 0.2300940752029419 -0.0238844882696867 
v -0.00046168098924681544 0.23460270464420319 -0.0238844882696867 
v -0.00046168098924681544 0.23460270464420319 -0.0013509360142052174 
v 0.02311437763273716 0.2300940752029419 -0.0238844882696867 
v 0.04314135015010834 0.2165682017803192 -0.0238844882696867 
v -0.02682630531489849 0.19966086745262146 0.005534315947443247 
v -0.014658017084002495 0.20755095779895782 0.005534315947443247 
v 0.050493024289608 0.194306880235672 0.004908383823931217 
v 0.0546758733689785 0.1731726974248886 0.004908383823931217 
v 0.050493024289608 0.15203852951526642 0.004908383823931217 
v 0.061140276491642 0.1731726974248886 -0.0013509360142052174 
v 0.05645041540265083 0.14950242638587952 -0.0013509360142052174 
v 0.05645041540265083 0.14950242638587952 -0.0238844882696867 
v 0.04314135015010834 0.129777193069458 -0.0238844882696867 
v 0.04314135015010834 0.129777193069458 -0.0013509360142052174 
v 0.02311437763273716 0.11625132709741592 -0.0013509360142052174 
v 0.02311437763273716 0.11625132709741592 -0.0238844882696867 
v -0.00046168098924681544 0.11174269765615463 -0.0238844882696867 
v -0.00046168098924681544 0.11174269765615463 -0.0013509360142052174 
v -0.02391098625957966 0.11625132709741592 -0.0013509360142052174 
v -0.02391098625957966 0.11625132709741592 -0.0238844882696867 
v 0.10892615467309952 0.011707604862749577 -0.09440615773200989 
v 0.11678484082221985 0.011707604862749577 -0.09440615773200989 
v 0.10892615467309952 0.010016870684921741 -0.08668633550405502 
v 0.11678484082221985 0.010016870684921741 -0.08668633550405502 
v 0.10892615467309952 0.011707604862749577 -0.07917514443397522 
v 0.11678484082221985 0.011707604862749577 -0.07917514443397522 
v 0.10892615467309952 0.01593443937599659 -0.07270718365907669 
v 0.11678484082221985 0.01593443937599659 -0.07270718365907669 
v 0.10892615467309952 0.022415587678551674 -0.06853430718183517 
v 0.11678484082221985 0.022415587678551674 -0.06853430718183517 
v 0.10892615467309952 0.030023889616131783 -0.06686515361070633 
v 0.11678484082221985 0.030023889616131783 -0.06686515361070633 
v 0.10892615467309952 0.03763219341635704 -0.06853430718183517 
v 0.11678484082221985 0.03763219341635704 -0.06853430718183517 
v 0.11678484082221985 0.04383154958486557 -0.07270718365907669 
v 0.12071418762207031 0.0404500812292099 -0.07625412940979004 
v 0.11678484082221985 0.04834017530083656 -0.07917514443397522 
v 0.12071418762207031 0.043549761176109314 -0.08105294406414032 
v 0.12071418762207031 0.04467691853642464 -0.08668633550405502 
v 0.12071418762207031 0.0404500812292099 -0.09732717275619507 
v 0.12071418762207031 0.043549761176109314 -0.09252836555242538 
v 0.11678484082221985 0.04383154958486557 -0.10087412595748901 
v 0.11678484082221985 0.04834017530083656 -0.09440615773200989 
v 0.10892615467309952 0.04834017530083656 -0.09440615773200989 
v 0.10892615467309952 0.04974912106990814 -0.08668633550405502 
v 0.12071418762207031 0.03565967082977295 -0.0731244683265686 
v 0.12071418762207031 0.030023889616131783 -0.07187260687351227 
v 0.12071418762207031 0.02410632185637951 -0.0731244683265686 
v 0.12071418762207031 0.01931590773165226 -0.07625412940979004 
v 0.12071418762207031 0.016216229647397995 -0.08105294406414032 
v 0.12071418762207031 0.015089073218405247 -0.08668633550405502 
v 0.12071418762207031 0.016216229647397995 -0.09252836555242538 
v 0.12071418762207031 0.01931590773165226 -0.09732717275619507 
v 0.11678484082221985 0.01593443937599659 -0.10087412595748901 
v 0.11678484082221985 0.022415587678551674 -0.10504700243473053 
v 0.10892615467309952 0.01593443937599659 -0.10087412595748901 
v 0.10892615467309952 0.022415587678551674 -0.10504700243473053 
v 0.12071418762207031 0.03565967082977295 -0.1004568338394165 
v 0.12071418762207031 0.030023889616131783 -0.10170870274305344 
v 0.11678484082221985 0.03763219341635704 -0.10504700243473053 
v 0.11678484082221985 0.030023889616131783 -0.10650750994682312 
v 0.10892615467309952 0.030023889616131783 -0.10650750994682312 
v 0.12071418762207031 0.02410632185637951 -0.1004568338394165 
v 0.10892615467309952 0.04383154958486557 -0.10087412595748901 
v 0.10892615467309952 0.03763219341635704 -0.10504700243473053 
v 0.10892615467309952 0.04383154958486557 -0.07270718365907669 
v 0.10892615467309952 0.04834017530083656 -0.07917514443397522 
v 0.11678484082221985 0.04974912106990814 -0.08668633550405502 
v 0.10702486336231232 -0.20752424001693726 -0.06957752257585526 
v 0.10702486336231232 -0.21823221445083618 -0.07249853760004044 
v 0.11539056152105331 -0.21823221445083618 -0.07249853760004044 
v 0.11539056152105331 -0.2258405238389969 -0.0802183672785759 
v 0.11627782881259918 -0.217386856675148 -0.07375040650367737 
v 0.11627782881259918 -0.224431574344635 -0.08084429800510406 
v 0.11627782881259918 -0.22302262485027313 -0.08167887479066849 
v 0.11627782881259918 -0.2269676774740219 -0.09065056592226028 
v 0.11627782881259918 -0.22555872797966003 -0.09065056592226028 
v 0.11627782881259918 -0.22302262485027313 -0.09962225705385208 
v 0.11539056152105331 -0.2218954712152481 -0.09878768771886826 
v 0.11627782881259918 -0.21654148399829865 -0.10609022527933121 
v 0.11539056152105331 -0.21569611132144928 -0.10483835637569427 
v 0.11627782881259918 -0.20752424001693726 -0.10859395563602448 
v 0.11539056152105331 -0.20752424001693726 -0.10692480206489563 
v 0.11539056152105331 -0.19935235381126404 -0.10483835637569427 
v 0.10803888738155365 -0.19935235381126404 -0.10483835637569427 
v 0.10803888738155365 -0.19343478977680206 -0.09878768771886826 
v 0.10803888738155365 -0.2218954712152481 -0.09878768771886826 
v 0.11539056152105331 -0.2238679975271225 -0.09065056592226028 
v 0.11539056152105331 -0.2218954712152481 -0.08251345157623291 
v 0.11627782881259918 -0.21654148399829865 -0.07521091401576996 
v 0.11627782881259918 -0.20752424001693726 -0.0712466761469841 
v 0.11539056152105331 -0.20752424001693726 -0.06957752257585526 
v 0.11539056152105331 -0.197098046541214 -0.07249853760004044 
v 0.10702486336231232 -0.197098046541214 -0.07249853760004044 
v 0.10702486336231232 -0.18948973715305328 -0.0802183672785759 
v 0.11627782881259918 -0.19794340431690216 -0.07375040650367737 
v 0.11627782881259918 -0.20752424001693726 -0.07270718365907669 
v 0.11539056152105331 -0.21569611132144928 -0.0764627754688263 
v 0.10803888738155365 -0.21569611132144928 -0.0764627754688263 
v 0.10803888738155365 -0.2218954712152481 -0.08251345157623291 
v 0.11627782881259918 -0.19878877699375153 -0.07521091401576996 
v 0.11627782881259918 -0.19089868664741516 -0.08084429800510406 
v 0.11539056152105331 -0.18948973715305328 -0.0802183672785759 
v 0.10702486336231232 -0.18667185306549072 -0.09065056592226028 
v 0.11539056152105331 -0.18667185306549072 -0.09065056592226028 
v 0.11627782881259918 -0.1880808025598526 -0.09065056592226028 
v 0.11627782881259918 -0.19202584028244019 -0.08167887479066849 
v 0.11627782881259918 -0.18977153301239014 -0.09065056592226028 
v 0.11539056152105331 -0.19118046760559082 -0.09065056592226028 
v 0.11539056152105331 -0.19343478977680206 -0.09878768771886826 
v 0.11539056152105331 -0.19343478977680206 -0.08251345157623291 
v 0.11539056152105331 -0.19935235381126404 -0.0764627754688263 
v 0.11539056152105331 -0.20752424001693726 -0.07437633723020554 
v 0.10803888738155365 -0.20752424001693726 -0.07437633723020554 
v 0.10803888738155365 -0.19935235381126404 -0.0764627754688263 
v 0.10803888738155365 -0.19343478977680206 -0.08251345157623291 
v 0.10803888738155365 -0.19118046760559082 -0.09065056592226028 
v 0.10803888738155365 -0.2238679975271225 -0.09065056592226028 
v 0.10702486336231232 -0.2258405238389969 -0.0802183672785759 
v 0.11539056152105331 -0.22865840792655945 -0.09065056592226028 
v 0.10702486336231232 -0.22865840792655945 -0.09065056592226028 
v 0.11539056152105331 -0.2258405238389969 -0.10108276456594467 
v 0.11627782881259918 -0.224431574344635 -0.1004568338394165 
v 0.11627782881259918 -0.217386856675148 -0.1075507327914238 
v 0.10702486336231232 -0.2258405238389969 -0.10108276456594467 
v 0.11539056152105331 -0.21823221445083618 -0.10880259424448013 
v 0.11627782881259918 -0.20752424001693726 -0.11005446314811707 
v 0.11627782881259918 -0.19794340431690216 -0.1075507327914238 
v 0.11627782881259918 -0.19878877699375153 -0.10609022527933121 
v 0.11627782881259918 -0.19089868664741516 -0.1004568338394165 
v 0.11627782881259918 -0.19202584028244019 -0.09962225705385208 
v 0.10702486336231232 -0.21823221445083618 -0.10880259424448013 
v 0.11539056152105331 -0.20752424001693726 -0.11172360926866531 
v 0.11539056152105331 -0.197098046541214 -0.10880259424448013 
v 0.11539056152105331 -0.18948973715305328 -0.10108276456594467 
v 0.10702486336231232 -0.20752424001693726 -0.11172360926866531 
v 0.10702486336231232 -0.197098046541214 -0.10880259424448013 
v 0.10702486336231232 -0.18948973715305328 -0.10108276456594467 
v 0.10803888738155365 -0.20752424001693726 -0.10692480206489563 
v 0.10803888738155365 -0.21569611132144928 -0.10483835637569427 
v 0.10803888738155365 0.29856881499290466 -0.09065056592226028 
v 0.10803888738155365 0.2965962886810303 -0.09878768771886826 
v 0.11539056152105331 0.29856881499290466 -0.09065056592226028 
v 0.11539056152105331 0.2965962886810303 -0.09878768771886826 
v 0.11627782881259918 0.300259530544281 -0.09065056592226028 
v 0.11627782881259918 0.2977234423160553 -0.09962225705385208 
v 0.11627782881259918 0.30195027589797974 -0.09065056592226028 
v 0.11627782881259918 0.299132376909256 -0.1004568338394165 
v 0.11539056152105331 0.30054134130477905 -0.10108276456594467 
v 0.11627782881259918 0.2920876741409302 -0.1075507327914238 
v 0.11539056152105331 0.29293301701545715 -0.10880259424448013 
v 0.11539056152105331 0.2825068235397339 -0.11172360926866531 
v 0.10702486336231232 0.2825068235397339 -0.11172360926866531 
v 0.10702486336231232 0.27179884910583496 -0.10880259424448013 
v 0.11627782881259918 0.2912423014640808 -0.10609022527933121 
v 0.11539056152105331 0.29039692878723145 -0.10483835637569427 
v 0.11539056152105331 0.2825068235397339 -0.10692480206489563 
v 0.11627782881259918 0.2825068235397339 -0.10859395563602448 
v 0.11627782881259918 0.2825068235397339 -0.11005446314811707 
v 0.11627782881259918 0.2726442217826843 -0.1075507327914238 
v 0.11539056152105331 0.27179884910583496 -0.10880259424448013 
v 0.10702486336231232 0.26419055461883545 -0.10108276456594467 
v 0.10803888738155365 0.2825068235397339 -0.10692480206489563 
v 0.11539056152105331 0.27433496713638306 -0.10483835637569427 
v 0.11627782881259918 0.2734895944595337 -0.10609022527933121 
v 0.11627782881259918 0.26559948921203613 -0.1004568338394165 
v 0.11539056152105331 0.26419055461883545 -0.10108276456594467 
v 0.10702486336231232 0.2613726556301117 -0.09065056592226028 
v 0.11539056152105331 0.26813560724258423 -0.09878768771886826 
v 0.11627782881259918 0.2670084536075592 -0.09962225705385208 
v 0.11627782881259918 0.2627815902233124 -0.09065056592226028 
v 0.11539056152105331 0.2613726556301117 -0.09065056592226028 
v 0.10702486336231232 0.26419055461883545 -0.0802183672785759 
v 0.11539056152105331 0.26419055461883545 -0.0802183672785759 
v 0.11627782881259918 0.26559948921203613 -0.08084429800510406 
v 0.11627782881259918 0.2670084536075592 -0.08167887479066849 
v 0.11627782881259918 0.2726442217826843 -0.07375040650367737 
v 0.11627782881259918 0.2734895944595337 -0.07521091401576996 
v 0.11627782881259918 0.2825068235397339 -0.0712466761469841 
v 0.11627782881259918 0.2825068235397339 -0.07270718365907669 
v 0.11627782881259918 0.2920876741409302 -0.07375040650367737 
v 0.11627782881259918 0.2912423014640808 -0.07521091401576996 
v 0.11627782881259918 0.299132376909256 -0.08084429800510406 
v 0.11627782881259918 0.2977234423160553 -0.08167887479066849 
v 0.11539056152105331 0.27179884910583496 -0.07249853760004044 
v 0.11539056152105331 0.2825068235397339 -0.06957752257585526 
v 0.11539056152105331 0.29293301701545715 -0.07249853760004044 
v 0.11539056152105331 0.30054134130477905 -0.0802183672785759 
v 0.11539056152105331 0.3033592104911804 -0.09065056592226028 
v 0.10702486336231232 0.3033592104911804 -0.09065056592226028 
v 0.10702486336231232 0.30054134130477905 -0.10108276456594467 
v 0.10702486336231232 0.30054134130477905 -0.0802183672785759 
v 0.10702486336231232 0.29293301701545715 -0.07249853760004044 
v 0.10702486336231232 0.2825068235397339 -0.06957752257585526 
v 0.10702486336231232 0.27179884910583496 -0.07249853760004044 
v 0.10803888738155365 0.27433496713638306 -0.10483835637569427 
v 0.10803888738155365 0.26813560724258423 -0.09878768771886826 
v 0.10803888738155365 0.26616308093070984 -0.09065056592226028 
v 0.11539056152105331 0.26616308093070984 -0.09065056592226028 
v 0.11539056152105331 0.26813560724258423 -0.08251345157623291 
v 0.11627782881259918 0.2644723355770111 -0.09065056592226028 
v 0.10803888738155365 0.26813560724258423 -0.08251345157623291 
v 0.10803888738155365 0.27433496713638306 -0.0764627754688263 
v 0.11539056152105331 0.27433496713638306 -0.0764627754688263 
v 0.10803888738155365 0.2825068235397339 -0.07437633723020554 
v 0.11539056152105331 0.2825068235397339 -0.07437633723020554 
v 0.11539056152105331 0.29039692878723145 -0.0764627754688263 
v 0.10702486336231232 0.29293301701545715 -0.10880259424448013 
v 0.10803888738155365 0.29039692878723145 -0.10483835637569427 
v 0.10803888738155365 0.29039692878723145 -0.0764627754688263 
v 0.10803888738155365 0.2965962886810303 -0.08251345157623291 
v 0.11539056152105331 0.2965962886810303 -0.08251345157623291 
v -0.10769472271203995 0.2965962886810303 -0.08251345157623291 
v -0.10769472271203995 0.29039692878723145 -0.0764627754688263 
v -0.11504638940095901 0.29039692878723145 -0.0764627754688263 
v -0.10769472271203995 0.2825068235397339 -0.07437633723020554 
v -0.11504638940095901 0.2825068235397339 -0.07437633723020554 
v -0.11504638940095901 0.27433496713638306 -0.0764627754688263 
v -0.11580690741539001 0.2825068235397339 -0.07270718365907669 
v -0.11580690741539001 0.2734895944595337 -0.07521091401576996 
v -0.11580690741539001 0.2825068235397339 -0.0712466761469841 
v -0.11580690741539001 0.2726442217826843 -0.07375040650367737 
v -0.11504638940095901 0.2825068235397339 -0.06957752257585526 
v -0.11504638940095901 0.27179884910583496 -0.07249853760004044 
v -0.10668069869279861 0.27179884910583496 -0.07249853760004044 
v -0.11504638940095901 0.26419055461883545 -0.0802183672785759 
v -0.10668069869279861 0.26419055461883545 -0.0802183672785759 
v -0.11504638940095901 0.2613726556301117 -0.09065056592226028 
v -0.10668069869279861 0.2613726556301117 -0.09065056592226028 
v -0.11504638940095901 0.26419055461883545 -0.10108276456594467 
v -0.10668069869279861 0.26419055461883545 -0.10108276456594467 
v -0.11504638940095901 0.27179884910583496 -0.10880259424448013 
v -0.10668069869279861 0.27179884910583496 -0.10880259424448013 
v -0.11504638940095901 0.2825068235397339 -0.11172360926866531 
v -0.10668069869279861 0.2825068235397339 -0.11172360926866531 
v -0.11504638940095901 0.29293301701545715 -0.10880259424448013 
v -0.10668069869279861 0.29293301701545715 -0.10880259424448013 
v -0.10668069869279861 0.30054134130477905 -0.10108276456594467 
v -0.10769472271203995 0.27433496713638306 -0.0764627754688263 
v -0.11504638940095901 0.26813560724258423 -0.08251345157623291 
v -0.11580690741539001 0.2670084536075592 -0.08167887479066849 
v -0.11580690741539001 0.26559948921203613 -0.08084429800510406 
v -0.11580690741539001 0.2644723355770111 -0.09065056592226028 
v -0.11580690741539001 0.2627815902233124 -0.09065056592226028 
v -0.11504638940095901 0.26616308093070984 -0.09065056592226028 
v -0.11580690741539001 0.2670084536075592 -0.09962225705385208 
v -0.11580690741539001 0.26559948921203613 -0.1004568338394165 
v -0.11580690741539001 0.2726442217826843 -0.1075507327914238 
v -0.11580690741539001 0.2825068235397339 -0.11005446314811707 
v -0.11580690741539001 0.2920876741409302 -0.1075507327914238 
v -0.11580690741539001 0.299132376909256 -0.1004568338394165 
v -0.11580690741539001 0.2912423014640808 -0.10609022527933121 
v -0.11580690741539001 0.2977234423160553 -0.09962225705385208 
v -0.11504638940095901 0.29039692878723145 -0.10483835637569427 
v -0.11504638940095901 0.2965962886810303 -0.09878768771886826 
v -0.10769472271203995 0.2965962886810303 -0.09878768771886826 
v -0.11504638940095901 0.29856881499290466 -0.09065056592226028 
v -0.10769472271203995 0.29856881499290466 -0.09065056592226028 
v -0.11504638940095901 0.2965962886810303 -0.08251345157623291 
v -0.11580690741539001 0.30195027589797974 -0.09065056592226028 
v -0.11580690741539001 0.300259530544281 -0.09065056592226028 
v -0.11580690741539001 0.2977234423160553 -0.08167887479066849 
v -0.11580690741539001 0.2912423014640808 -0.07521091401576996 
v -0.11580690741539001 0.2825068235397339 -0.10859395563602448 
v -0.11504638940095901 0.2825068235397339 -0.10692480206489563 
v -0.11504638940095901 0.27433496713638306 -0.10483835637569427 
v -0.10769472271203995 0.2825068235397339 -0.10692480206489563 
v -0.10769472271203995 0.27433496713638306 -0.10483835637569427 
v -0.11580690741539001 0.2734895944595337 -0.10609022527933121 
v -0.11504638940095901 0.26813560724258423 -0.09878768771886826 
v -0.10769472271203995 0.26813560724258423 -0.09878768771886826 
v -0.10769472271203995 0.26616308093070984 -0.09065056592226028 
v -0.10769472271203995 0.26813560724258423 -0.08251345157623291 
v -0.10668069869279861 0.2825068235397339 -0.06957752257585526 
v -0.10668069869279861 0.29293301701545715 -0.07249853760004044 
v -0.11504638940095901 0.29293301701545715 -0.07249853760004044 
v -0.10668069869279861 0.30054134130477905 -0.0802183672785759 
v -0.11504638940095901 0.30054134130477905 -0.0802183672785759 
v -0.10668069869279861 0.3033592104911804 -0.09065056592226028 
v -0.11504638940095901 0.3033592104911804 -0.09065056592226028 
v -0.11504638940095901 0.30054134130477905 -0.10108276456594467 
v -0.11580690741539001 0.299132376909256 -0.08084429800510406 
v -0.11580690741539001 0.2920876741409302 -0.07375040650367737 
v -0.10769472271203995 0.29039692878723145 -0.10483835637569427 
v 0.03845148906111717 -0.08240991830825806 -0.06060583144426346 
v -0.06827453523874283 -0.08156455308198929 0.30973726511001587 
vn 0.5779946446418762 -0.5779946446418762 -0.5760593414306641 
vn 0.7269866466522217 -0.6789581179618835 0.10250037163496017 
vn -0.3803638517856598 -0.6940755844116211 -0.6112139225006104 
vn -0.48466166853904724 -0.8746989965438843 0.002184694167226553 
vn -0.2697305679321289 -0.48231592774391174 -0.8334367275238037 
vn -0.48466166853904724 -0.8746989965438843 0.002184694167226553 
vn 0.2664231061935425 -0.484150767326355 -0.8334367275238037 
vn 0.48466166853904724 -0.8746989965438843 0.002184694167226553 
vn 0.3803638517856598 -0.6940755844116211 -0.6112139225006104 
vn 0.48466166853904724 -0.8746989965438843 0.002184694167226553 
vn -0.5779946446418762 -0.5779946446418762 -0.5760593414306641 
vn -0.7269866466522217 -0.6789581179618835 0.10250037163496017 
vn -0.48466166853904724 -0.8746989965438843 0.002184694167226553 
vn 0.48466166853904724 -0.8746989965438843 0.002184694167226553 
vn 0.48466166853904724 -0.8746989965438843 0.002184694167226553 
vn -0.5618969202041626 -0.6139009594917297 0.5544344186782837 
vn 0.2686629593372345 -0.48291143774986267 0.8334367275238037 
vn 0.38148975372314453 -0.6934573650360107 0.6112139225006104 
vn -0.11071504652500153 -0.6737249493598938 0.7306414246559143 
vn -0.2653658092021942 -0.4847310781478882 0.8334367275238037 
vn -0.48466166853904724 -0.8746989965438843 0.002184694167226553 
vn -0.3847912549972534 -0.6916308403015137 0.6112139225006104 
vn 0.10699357092380524 -0.6743259429931641 0.7306414246559143 
vn 0.5646741390228271 -0.6113473773002625 0.5544344186782837 
vn -1.0341130485562108e-13 0.999997615814209 0.002184694167226553 
vn -1.0341130485562108e-13 0.999997615814209 0.002184694167226553 
vn -1.0341130485562108e-13 0.999997615814209 0.002184694167226553 
vn -1.0341130485562108e-13 0.999997615814209 0.002184694167226553 
vn -1.0341130485562108e-13 0.999997615814209 0.002184694167226553 
vn -1.0341130485562108e-13 0.999997615814209 0.002184694167226553 
vn -1.0341130485562108e-13 0.999997615814209 0.002184694167226553 
vn -1.0341130485562108e-13 0.999997615814209 0.002184694167226553 
vn -1.0341130485562108e-13 0.999997615814209 0.002184694167226553 
vn -1.0341130485562108e-13 0.999997615814209 0.002184694167226553 
vn -1.0341130485562108e-13 0.999997615814209 0.002184694167226553 
vn -1.0341130485562108e-13 0.999997615814209 0.002184694167226553 
vn -1.0341130485562108e-13 0.999997615814209 0.002184694167226553 
vn -1.0341130485562108e-13 0.999997615814209 0.002184694167226553 
vn -1.0341130485562108e-13 0.999997615814209 0.002184694167226553 
vn -1.0341130485562108e-13 0.999997615814209 0.002184694167226553 
vn -1.0341130485562108e-13 0.999997615814209 0.002184694167226553 
vn 0.10337497293949127 0.7454862594604492 0.6584556698799133 
vn 0.4087599813938141 0.8636990785598755 0.2948545813560486 
vn -1.0341130485562108e-13 0.999997615814209 0.002184694167226553 
vn -1.0341130485562108e-13 0.999997615814209 0.002184694167226553 
vn 0.6744333505630493 0.6064161062240601 0.42118772864341736 
vn -1.0341130485562108e-13 0.999997615814209 0.002184694167226553 
vn 0.16797713935375214 0.6584745645523071 0.7336177229881287 
vn 0.00376924779266119 0.707868754863739 0.7063339352607727 
vn 0.00376924779266119 0.707868754863739 0.7063339352607727 
vn -1.0341130485562108e-13 0.999997615814209 0.002184694167226553 
vn -0.16797713935375214 0.6584745645523071 0.7336177229881287 
vn -0.6769508719444275 0.6036045551300049 0.42118772864341736 
vn -0.4087599813938141 0.8636990785598755 0.2948545813560486 
vn -1.0341130485562108e-13 0.999997615814209 0.002184694167226553 
vn -0.10710892826318741 0.7449589371681213 0.6584556698799133 
vn 0.00376924779266119 0.707868754863739 0.7063339352607727 
vn -0.16797713935375214 0.6584745645523071 0.7336177229881287 
vn 0.00376924779266119 -0.707868754863739 0.7063339352607727 
vn -0.16797713935375214 -0.6584745645523071 0.7336177229881287 
vn -0.6769508719444275 -0.6036045551300049 0.42118772864341736 
vn -0.6769508719444275 0.6036045551300049 0.42118772864341736 
vn -0.4087599813938141 -0.8636990785598755 0.2948545813560486 
vn -0.4087599813938141 0.8636990785598755 0.2948545813560486 
vn -0.10710892826318741 0.7449589371681213 0.6584556698799133 
vn -0.10710892826318741 -0.7449589371681213 0.6584556698799133 
vn 0.10337497293949127 0.7454862594604492 0.6584556698799133 
vn 0.10337497293949127 -0.7454862594604492 0.6584556698799133 
vn 0.4087599813938141 0.8636990785598755 0.2948545813560486 
vn 0.4087599813938141 -0.8636990785598755 0.2948545813560486 
vn 0.6744333505630493 -0.6064161062240601 0.42118772864341736 
vn 0.6744333505630493 0.6064161062240601 0.42118772864341736 
vn 0.16797713935375214 -0.6584745645523071 0.7336177229881287 
vn 0.16797713935375214 0.6584745645523071 0.7336177229881287 
vn 0.00376924779266119 0.707868754863739 0.7063339352607727 
vn 0.00376924779266119 -0.707868754863739 0.7063339352607727 
vn 0.00376924779266119 -0.707868754863739 0.7063339352607727 
vn 3.097898456858039e-13 -0.999997615814209 0.002184694167226553 
vn 0.16797713935375214 -0.6584745645523071 0.7336177229881287 
vn 0.6744333505630493 -0.6064161062240601 0.42118772864341736 
vn 0.4087599813938141 -0.8636990785598755 0.2948545813560486 
vn 3.097898456858039e-13 -0.999997615814209 0.002184694167226553 
vn 3.097898456858039e-13 -0.999997615814209 0.002184694167226553 
vn 3.097898456858039e-13 -0.999997615814209 0.002184694167226553 
vn 3.097898456858039e-13 -0.999997615814209 0.002184694167226553 
vn 0.10337497293949127 -0.7454862594604492 0.6584556698799133 
vn 3.097898456858039e-13 -0.999997615814209 0.002184694167226553 
vn 3.097898456858039e-13 -0.999997615814209 0.002184694167226553 
vn 3.097898456858039e-13 -0.999997615814209 0.002184694167226553 
vn 3.097898456858039e-13 -0.999997615814209 0.002184694167226553 
vn 3.097898456858039e-13 -0.999997615814209 0.002184694167226553 
vn 3.097898456858039e-13 -0.999997615814209 0.002184694167226553 
vn 3.097898456858039e-13 -0.999997615814209 0.002184694167226553 
vn 3.097898456858039e-13 -0.999997615814209 0.002184694167226553 
vn 3.097898456858039e-13 -0.999997615814209 0.002184694167226553 
vn 3.097898456858039e-13 -0.999997615814209 0.002184694167226553 
vn 3.097898456858039e-13 -0.999997615814209 0.002184694167226553 
vn 3.097898456858039e-13 -0.999997615814209 0.002184694167226553 
vn 3.097898456858039e-13 -0.999997615814209 0.002184694167226553 
vn -0.3385721445083618 0.621660053730011 -0.7063339352607727 
vn 0.0018878303235396743 0.7078762650489807 -0.7063339352607727 
vn -0.3385721445083618 -0.621660053730011 -0.7063339352607727 
vn 0.0018878303235396743 -0.7078762650489807 -0.7063339352607727 
vn 0.0018878303235396743 0.7078762650489807 -0.7063339352607727 
vn 0.0018878303235396743 -0.7078762650489807 -0.7063339352607727 
vn 0.0018878303235396743 -0.7078762650489807 -0.7063339352607727 
vn 0.0018878303235396743 0.7078762650489807 -0.7063339352607727 
vn 0.3352515697479248 -0.6234570741653442 -0.7063339352607727 
vn 0.3352515697479248 0.6234570741653442 -0.7063339352607727 
vn 0.7198992371559143 0.2874647378921509 -0.6317508816719055 
vn 0.7200681567192078 0.2870413064956665 0.6317508816719055 
vn 0.7198992371559143 -0.2874647378921509 -0.6317508816719055 
vn 0.7200681567192078 -0.2870413064956665 0.6317508816719055 
vn 0.44095996022224426 -0.741094708442688 -0.5062933564186096 
vn 0.1736384630203247 -0.7050849795341492 0.6875353455543518 
vn 0.4124775826931 -0.7496669888496399 -0.5175535082817078 
vn -0.5418446063995361 -0.6284643411636353 0.5580654144287109 
vn 0.5676597952842712 -0.7948006391525269 -0.21460255980491638 
vn -0.7322711944580078 -0.6642490029335022 0.15017375349998474 
vn -0.7071051001548767 -0.7071051001548767 0.002184694167226553 
vn 0.4410606026649475 -0.8519212603569031 0.28230419754981995 
vn -0.7071051001548767 -0.7071051001548767 0.002184694167226553 
vn 0.6679141521453857 -0.6052826046943665 0.43303996324539185 
vn -0.6181028485298157 -0.7698889970779419 0.15880759060382843 
vn 0.29877638816833496 -0.9048792123794556 0.30319350957870483 
vn 3.097898456858039e-13 -0.999997615814209 0.002184694167226553 
vn 3.097898456858039e-13 -0.999997615814209 0.002184694167226553 
vn -0.3385721445083618 -0.621660053730011 -0.7063339352607727 
vn 0.0018878303235396743 -0.7078762650489807 -0.7063339352607727 
vn 3.097898456858039e-13 -0.999997615814209 0.002184694167226553 
vn 0.00376924779266119 -0.707868754863739 0.7063339352607727 
vn 0.0018878303235396743 -0.7078762650489807 -0.7063339352607727 
vn 0.0018878303235396743 -0.7078762650489807 -0.7063339352607727 
vn 3.097898456858039e-13 -0.999997615814209 0.002184694167226553 
vn 0.3352515697479248 -0.6234570741653442 -0.7063339352607727 
vn 3.097898456858039e-13 -0.999997615814209 0.002184694167226553 
vn 0.6486907601356506 -0.6700479984283447 -0.36088213324546814 
vn 0.7290843725204468 -0.6730592846870422 -0.1242060661315918 
vn -0.30235886573791504 -0.9036884307861328 0.30319350957870483 
vn 0.6181028485298157 -0.7698889970779419 0.15880759060382843 
vn -0.6704403758049011 -0.6024832725524902 0.43303996324539185 
vn 0.7313597798347473 -0.6553012728691101 0.18892620503902435 
vn -0.3385721445083618 0.621660053730011 -0.7063339352607727 
vn -0.3385721445083618 -0.621660053730011 -0.7063339352607727 
vn -0.6486907601356506 0.6700479984283447 -0.36088213324546814 
vn -0.6486907601356506 -0.6700479984283447 -0.36088213324546814 
vn -0.7290843725204468 0.6730592846870422 -0.1242060661315918 
vn -0.7290843725204468 -0.6730592846870422 -0.1242060661315918 
vn -0.7338742017745972 -0.652484118938446 0.18892620503902435 
vn -0.7338742017745972 0.652484118938446 0.18892620503902435 
vn -0.6181028485298157 0.7698889970779419 0.15880759060382843 
vn -0.6181028485298157 -0.7698889970779419 0.15880759060382843 
vn -0.7071051001548767 -0.7071051001548767 0.002184694167226553 
vn -0.7071051001548767 0.7071051001548767 0.002184694167226553 
vn -0.7071051001548767 -0.7071051001548767 0.002184694167226553 
vn -0.7071051001548767 0.7071051001548767 0.002184694167226553 
vn -0.7322711944580078 -0.6642490029335022 0.15017375349998474 
vn -0.7322711944580078 0.6642490029335022 0.15017375349998474 
vn -0.5418446063995361 0.6284643411636353 0.5580654144287109 
vn -0.5418446063995361 -0.6284643411636353 0.5580654144287109 
vn 0.1736384630203247 0.7050849795341492 0.6875353455543518 
vn 0.1736384630203247 -0.7050849795341492 0.6875353455543518 
vn 0.7200681567192078 0.2870413064956665 0.6317508816719055 
vn -1.0341130485562108e-13 0.999997615814209 0.002184694167226553 
vn -1.0341130485562108e-13 0.999997615814209 0.002184694167226553 
vn -1.0341130485562108e-13 0.999997615814209 0.002184694167226553 
vn -1.0341130485562108e-13 0.999997615814209 0.002184694167226553 
vn -0.6486907601356506 -0.6700479984283447 -0.36088213324546814 
vn -0.7290843725204468 -0.6730592846870422 -0.1242060661315918 
vn -0.7338742017745972 -0.652484118938446 0.18892620503902435 
vn 0.3352515697479248 0.6234570741653442 -0.7063339352607727 
vn 0.6486907601356506 0.6700479984283447 -0.36088213324546814 
vn 0.3352515697479248 -0.6234570741653442 -0.7063339352607727 
vn 0.6486907601356506 -0.6700479984283447 -0.36088213324546814 
vn 0.7290843725204468 0.6730592846870422 -0.1242060661315918 
vn 0.7290843725204468 -0.6730592846870422 -0.1242060661315918 
vn 0.7313597798347473 -0.6553012728691101 0.18892620503902435 
vn 0.7313597798347473 0.6553012728691101 0.18892620503902435 
vn 0.6181028485298157 0.7698889970779419 0.15880759060382843 
vn 0.6181028485298157 -0.7698889970779419 0.15880759060382843 
vn 0.7071051001548767 -0.7071051001548767 0.002184694167226553 
vn 0.7071051001548767 0.7071051001548767 0.002184694167226553 
vn 0.7071051001548767 -0.7071051001548767 0.002184694167226553 
vn 0.7071051001548767 0.7071051001548767 0.002184694167226553 
vn 0.7297302484512329 -0.6670393943786621 0.15017375349998474 
vn 0.7297302484512329 0.6670393943786621 0.15017375349998474 
vn 0.5389817357063293 0.6309213042259216 0.5580654144287109 
vn 0.5389817357063293 -0.6309213042259216 0.5580654144287109 
vn -0.16997483372688293 0.7059770822525024 0.6875353455543518 
vn -0.16997483372688293 -0.7059770822525024 0.6875353455543518 
vn -0.7200681567192078 0.2870413064956665 0.6317508816719055 
vn -0.7200681567192078 -0.2870413064956665 0.6317508816719055 
vn -0.10710892826318741 -0.7449589371681213 0.6584556698799133 
vn 3.097898456858039e-13 -0.999997615814209 0.002184694167226553 
vn -0.4087599813938141 -0.8636990785598755 0.2948545813560486 
vn 3.097898456858039e-13 -0.999997615814209 0.002184694167226553 
vn 3.097898456858039e-13 -0.999997615814209 0.002184694167226553 
vn 3.097898456858039e-13 -0.999997615814209 0.002184694167226553 
vn 3.097898456858039e-13 -0.999997615814209 0.002184694167226553 
vn 3.097898456858039e-13 -0.999997615814209 0.002184694167226553 
vn -0.6769508719444275 -0.6036045551300049 0.42118772864341736 
vn 3.097898456858039e-13 -0.999997615814209 0.002184694167226553 
vn -0.16797713935375214 -0.6584745645523071 0.7336177229881287 
vn 0.00376924779266119 -0.707868754863739 0.7063339352607727 
vn 0.7200681567192078 0.2870413064956665 0.6317508816719055 
vn 0.7198992371559143 0.2874647378921509 -0.6317508816719055 
vn 0.1736384630203247 0.7050849795341492 0.6875353455543518 
vn 0.44095996022224426 0.741094708442688 -0.5062933564186096 
vn 0.4124775826931 0.7496669888496399 -0.5175535082817078 
vn -0.5418446063995361 0.6284643411636353 0.5580654144287109 
vn 0.5676597952842712 0.7948006391525269 -0.21460255980491638 
vn -0.7322711944580078 0.6642490029335022 0.15017375349998474 
vn 0.4410606026649475 0.8519212603569031 0.28230419754981995 
vn -0.7071051001548767 0.7071051001548767 0.002184694167226553 
vn -0.7071051001548767 0.7071051001548767 0.002184694167226553 
vn 0.6679141521453857 0.6052826046943665 0.43303996324539185 
vn 0.29877638816833496 0.9048792123794556 0.30319350957870483 
vn -0.6181028485298157 0.7698889970779419 0.15880759060382843 
vn -1.0341130485562108e-13 0.999997615814209 0.002184694167226553 
vn -1.0341130485562108e-13 0.999997615814209 0.002184694167226553 
vn -0.3385721445083618 0.621660053730011 -0.7063339352607727 
vn -0.6486907601356506 0.6700479984283447 -0.36088213324546814 
vn -0.7290843725204468 0.6730592846870422 -0.1242060661315918 
vn -0.7338742017745972 0.652484118938446 0.18892620503902435 
vn 0.5779946446418762 0.5779946446418762 -0.5760593414306641 
vn 0.7247685194015503 0.684744656085968 0.0763898640871048 
vn 0.7078787684440613 0 -0.7063339352607727 
vn 0.992760956287384 -0.007551841903477907 0.11986933648586273 
vn 0.7078787684440613 0 -0.7063339352607727 
vn 0.9905431270599365 0 0.1372016966342926 
vn 0.5802002549171448 -0.572190523147583 -0.5796254277229309 
vn 0.7372068762779236 -0.6678470373153687 0.10250037163496017 
vn 0.31140583753585815 -0.8948483467102051 -0.3198012113571167 
vn 0.6747334003448486 -0.7320762872695923 0.09380380809307098 
vn 0.31140583753585815 0.8948483467102051 -0.3198012113571167 
vn 0.6747334003448486 0.7320762872695923 0.09380380809307098 
vn 0.7372068762779236 0.6678470373153687 0.10250037163496017 
vn 0.5701937079429626 0.6062026023864746 0.5544344186782837 
vn 0.6196309328079224 -0.40636688470840454 0.6715083718299866 
vn 0.12487754970788956 -0.47697025537490845 0.8700028657913208 
vn 0.1321679949760437 -0.513852596282959 0.8476362228393555 
vn -0.001880573108792305 -0.4968397915363312 0.8678402304649353 
vn -0.001880573108792305 -0.4968397915363312 0.8678402304649353 
vn -0.001880573108792305 -0.4968397915363312 0.8678402304649353 
vn -0.001880573108792305 -0.4968397915363312 0.8678402304649353 
vn -0.001880573108792305 -0.4968397915363312 0.8678402304649353 
vn -0.001880573108792305 -0.4968397915363312 0.8678402304649353 
vn -0.001880573108792305 -0.4968397915363312 0.8678402304649353 
vn -0.001880573108792305 -0.4968397915363312 0.8678402304649353 
vn -0.1285197138786316 -0.4760017991065979 0.8700028657913208 
vn -0.1285206526517868 -0.5147769451141357 0.8476362228393555 
vn -0.6216920018196106 -0.40320664644241333 0.6715083718299866 
vn -0.61231529712677 -0.30204805731773376 0.7306414246559143 
vn -0.977949857711792 -0.06788046658039093 0.1975002884864807 
vn -0.912416398525238 -1.8870878980541822e-13 0.40926313400268555 
vn -0.7078686952590942 0.0037756471429020166 -0.7063339352607727 
vn -0.7078686952590942 0.0037756471429020166 -0.7063339352607727 
vn -0.11246158927679062 0.6570828557014465 0.7453821301460266 
vn 0.003771903458982706 0.6795519590377808 0.7336177229881287 
vn 0.003771903458982706 0.6795519590377808 0.7336177229881287 
vn 0.003771903458982706 0.6795519590377808 0.7336177229881287 
vn 0.003771903458982706 0.6795519590377808 0.7336177229881287 
vn 0.11246158927679062 0.6570828557014465 0.7453821301460266 
vn 0.400730162858963 0.8197066783905029 0.40926313400268555 
vn 0.09578923881053925 0.7167675495147705 0.6907016038894653 
vn 0.400730162858963 -0.8197066783905029 0.40926313400268555 
vn 0.5701937079429626 -0.6062026023864746 0.5544344186782837 
vn 0.7767797708511353 -0.23772630095481873 0.5831804275512695 
vn 0.11246158927679062 -0.6570828557014465 0.7453821301460266 
vn 0.09578923881053925 -0.7167675495147705 0.6907016038894653 
vn 0.003771903458982706 -0.6795519590377808 0.7336177229881287 
vn 0.003771903458982706 0.6795519590377808 0.7336177229881287 
vn 0.003771903458982706 -0.6795519590377808 0.7336177229881287 
vn 0.003771903458982706 0.6795519590377808 0.7336177229881287 
vn 0.003771903458982706 -0.6795519590377808 0.7336177229881287 
vn 0.003771903458982706 0.6795519590377808 0.7336177229881287 
vn 0.003771903458982706 -0.6795519590377808 0.7336177229881287 
vn 0.003771903458982706 0.6795519590377808 0.7336177229881287 
vn -0.09952224045991898 -0.7162587642669678 0.6907016038894653 
vn -0.09952224045991898 0.7162587642669678 0.6907016038894653 
vn -0.400730162858963 0.8197066783905029 0.40926313400268555 
vn -0.5674397945404053 0.6087812185287476 0.5544344186782837 
vn 0.5779946446418762 -0.5779946446418762 -0.5760593414306641 
vn -0.3803638517856598 -0.6940755844116211 -0.6112139225006104 
vn 0.7078787684440613 0 -0.7063339352607727 
vn -2.0682311115474694e-13 0 -1 
vn 0.7078787684440613 0 -0.7063339352607727 
vn -2.0682311115474694e-13 0 -1 
vn 0.7078787684440613 0 -0.7063339352607727 
vn -2.0682311115474694e-13 0 -1 
vn 0.7078787684440613 0 -0.7063339352607727 
vn -2.0682311115474694e-13 0 -1 
vn 0.5802002549171448 0.572190523147583 -0.5796254277229309 
vn -7.15897339239463e-14 0.6922798156738281 -0.7216291427612305 
vn 0.31140583753585815 0.8948483467102051 -0.3198012113571167 
vn -7.15897339239463e-14 0.6922798156738281 -0.7216291427612305 
vn 0.31140583753585815 -0.8948483467102051 -0.3198012113571167 
vn 2.1446176269330347e-13 -0.6922798156738281 -0.7216291427612305 
vn 2.1446176269330347e-13 -0.6922798156738281 -0.7216291427612305 
vn 2.1446176269330347e-13 -0.6922798156738281 -0.7216291427612305 
vn 2.1446176269330347e-13 -0.6922798156738281 -0.7216291427612305 
vn 2.1446176269330347e-13 -0.6922798156738281 -0.7216291427612305 
vn 2.1446176269330347e-13 -0.6922798156738281 -0.7216291427612305 
vn 2.1446176269330347e-13 -0.6922798156738281 -0.7216291427612305 
vn 2.1446176269330347e-13 -0.6922798156738281 -0.7216291427612305 
vn -0.31140583753585815 -0.8948483467102051 -0.3198012113571167 
vn -0.5802002549171448 -0.572190523147583 -0.5796254277229309 
vn -0.2697305679321289 -0.48231592774391174 -0.8334367275238037 
vn -2.0682311115474694e-13 0 -1 
vn -2.0682311115474694e-13 0 -1 
vn -2.0682311115474694e-13 0 -1 
vn -2.0682311115474694e-13 0 -1 
vn -7.15897339239463e-14 0.6922798156738281 -0.7216291427612305 
vn -7.15897339239463e-14 0.6922798156738281 -0.7216291427612305 
vn 0.2664231061935425 -0.484150767326355 -0.8334367275238037 
vn -2.0682311115474694e-13 0 -1 
vn -2.0682311115474694e-13 0 -1 
vn -2.0682311115474694e-13 0 -1 
vn -2.0682311115474694e-13 0 -1 
vn -7.15897339239463e-14 0.6922798156738281 -0.7216291427612305 
vn -7.15897339239463e-14 0.6922798156738281 -0.7216291427612305 
vn -2.0682311115474694e-13 0 -1 
vn -2.0682311115474694e-13 0 -1 
vn -2.0682311115474694e-13 0 -1 
vn -2.0682311115474694e-13 0 -1 
vn -7.15897339239463e-14 0.6922798156738281 -0.7216291427612305 
vn -7.15897339239463e-14 0.6922798156738281 -0.7216291427612305 
vn -0.7078686952590942 0.0037756471429020166 -0.7063339352607727 
vn -0.7078686952590942 0.0037756471429020166 -0.7063339352607727 
vn -0.7078686952590942 0.0037756471429020166 -0.7063339352607727 
vn -0.7078686952590942 0.0037756471429020166 -0.7063339352607727 
vn -0.5802002549171448 0.572190523147583 -0.5796254277229309 
vn -0.31140583753585815 0.8948483467102051 -0.3198012113571167 
vn 0.7071051001548767 -0.7071051001548767 0.002184694167226553 
vn -0.4377075433731079 -0.8536489009857178 0.28230419754981995 
vn 0.7071051001548767 -0.7071051001548767 0.002184694167226553 
vn -0.5645843148231506 -0.7969882488250732 -0.21460255980491638 
vn 0.7297302484512329 -0.6670393943786621 0.15017375349998474 
vn 0.5389817357063293 -0.6309213042259216 0.5580654144287109 
vn -0.4124775826931 -0.7496669888496399 -0.5175535082817078 
vn -0.16997483372688293 -0.7059770822525024 0.6875353455543518 
vn -0.4377085864543915 -0.743019700050354 -0.5062933564186096 
vn -0.7200681567192078 -0.2870413064956665 0.6317508816719055 
vn -0.7184905409812927 -0.2909677028656006 -0.6317508816719055 
vn -0.7200681567192078 0.2870413064956665 0.6317508816719055 
vn -0.7184905409812927 0.2909677028656006 -0.6317508816719055 
vn -0.5779946446418762 -0.5779946446418762 -0.5760593414306641 
vn 0.3803638517856598 -0.6940755844116211 -0.6112139225006104 
vn -0.5779946446418762 0.5779946446418762 -0.5760593414306641 
vn 0.47508612275123596 0.6494001150131226 -0.5937783122062683 
vn -0.7078686952590942 0.0037756471429020166 -0.7063339352607727 
vn -2.0682311115474694e-13 0 -1 
vn -0.7078686952590942 0.0037756471429020166 -0.7063339352607727 
vn -2.0682311115474694e-13 0 -1 
vn 0.29781588912010193 0.39769211411476135 -0.8678402304649353 
vn -2.0682311115474694e-13 0 -1 
vn -2.0682311115474694e-13 0 -1 
vn -0.2947821617126465 0.399946004152298 -0.8678402304649353 
vn -2.0682311115474694e-13 0 -1 
vn -2.0682311115474694e-13 0 -1 
vn -2.0682311115474694e-13 0 -1 
vn -2.0682311115474694e-13 0 -1 
vn 0.7078787684440613 0 -0.7063339352607727 
vn 0.7078787684440613 0 -0.7063339352607727 
vn 0.5802002549171448 -0.572190523147583 -0.5796254277229309 
vn 0.5779946446418762 0.5779946446418762 -0.5760593414306641 
vn -0.47813042998313904 0.6471619606018066 -0.5937783122062683 
vn -0.7184905409812927 0.2909677028656006 -0.6317508816719055 
vn -0.4377085864543915 0.743019700050354 -0.5062933564186096 
vn -0.7184905409812927 -0.2909677028656006 -0.6317508816719055 
vn -0.4377085864543915 -0.743019700050354 -0.5062933564186096 
vn -0.4124775826931 0.7496669888496399 -0.5175535082817078 
vn -0.4124775826931 -0.7496669888496399 -0.5175535082817078 
vn -0.5645843148231506 0.7969882488250732 -0.21460255980491638 
vn -0.5645843148231506 -0.7969882488250732 -0.21460255980491638 
vn -0.4377075433731079 0.8536489009857178 0.28230419754981995 
vn -0.4377075433731079 -0.8536489009857178 0.28230419754981995 
vn -0.6704403758049011 0.6024832725524902 0.43303996324539185 
vn -0.6704403758049011 -0.6024832725524902 0.43303996324539185 
vn -0.30235886573791504 0.9036884307861328 0.30319350957870483 
vn -0.30235886573791504 -0.9036884307861328 0.30319350957870483 
vn 0.00376924779266119 0.707868754863739 0.7063339352607727 
vn 0.00376924779266119 -0.707868754863739 0.7063339352607727 
vn 0.29877638816833496 -0.9048792123794556 0.30319350957870483 
vn 0.29877638816833496 0.9048792123794556 0.30319350957870483 
vn 0.6679141521453857 -0.6052826046943665 0.43303996324539185 
vn 0.6679141521453857 0.6052826046943665 0.43303996324539185 
vn 0.4410606026649475 -0.8519212603569031 0.28230419754981995 
vn 0.4410606026649475 0.8519212603569031 0.28230419754981995 
vn 0.5676597952842712 -0.7948006391525269 -0.21460255980491638 
vn 0.5676597952842712 0.7948006391525269 -0.21460255980491638 
vn 0.4124775826931 -0.7496669888496399 -0.5175535082817078 
vn 0.4124775826931 0.7496669888496399 -0.5175535082817078 
vn 0.44095996022224426 -0.741094708442688 -0.5062933564186096 
vn 0.44095996022224426 0.741094708442688 -0.5062933564186096 
vn 0.7198992371559143 -0.2874647378921509 -0.6317508816719055 
vn 0.7198992371559143 0.2874647378921509 -0.6317508816719055 
vn 0.5802002549171448 0.572190523147583 -0.5796254277229309 
vn 0.7078787684440613 0 -0.7063339352607727 
vn 0.977949857711792 -0.06788046658039093 0.1975002884864807 
vn 0.6139736771583557 -0.2986627221107483 0.7306414246559143 
vn 0.1321679949760437 0.513852596282959 0.8476362228393555 
vn -0.001880573108792305 0.4968397915363312 0.8678402304649353 
vn -0.001880573108792305 0.4968397915363312 0.8678402304649353 
vn -0.001880573108792305 0.4968397915363312 0.8678402304649353 
vn -0.001880573108792305 0.4968397915363312 0.8678402304649353 
vn -0.1285206526517868 0.5147769451141357 0.8476362228393555 
vn -0.61231529712677 0.30204805731773376 0.7306414246559143 
vn -0.6216920018196106 0.40320664644241333 0.6715083718299866 
vn -0.977949857711792 0.06788046658039093 0.1975002884864807 
vn -0.7269866466522217 -0.6789581179618835 0.10250037163496017 
vn -0.7078686952590942 0.0037756471429020166 -0.7063339352607727 
vn -0.5779946446418762 -0.5779946446418762 -0.5760593414306641 
vn -0.5618969202041626 -0.6139009594917297 0.5544344186782837 
vn -0.1285197138786316 0.4760017991065979 0.8700028657913208 
vn -0.001880573108792305 0.4968397915363312 0.8678402304649353 
vn -0.001880573108792305 0.4968397915363312 0.8678402304649353 
vn -0.001880573108792305 0.4968397915363312 0.8678402304649353 
vn -0.001880573108792305 0.4968397915363312 0.8678402304649353 
vn 0.12487754970788956 0.47697025537490845 0.8700028657913208 
vn 0.6196309328079224 0.40636688470840454 0.6715083718299866 
vn 0.6139736771583557 0.2986627221107483 0.7306414246559143 
vn 0.977949857711792 0.06788046658039093 0.1975002884864807 
vn 0.912416398525238 0 0.40926313400268555 
vn 0.7078787684440613 0 -0.7063339352607727 
vn 0.7078787684440613 0 -0.7063339352607727 
vn -0.11071504652500153 -0.6737249493598938 0.7306414246559143 
vn 0.38148975372314453 -0.6934573650360107 0.6112139225006104 
vn 0.2686629593372345 -0.48291143774986267 0.8334367275238037 
vn -0.2653658092021942 -0.4847310781478882 0.8334367275238037 
vn -0.3847912549972534 -0.6916308403015137 0.6112139225006104 
vn 0.10699357092380524 -0.6743259429931641 0.7306414246559143 
vn 0.5646741390228271 -0.6113473773002625 0.5544344186782837 
vn 0.7269866466522217 -0.6789581179618835 0.10250037163496017 
vn 0.5779946446418762 -0.5779946446418762 -0.5760593414306641 
vn -0.912416398525238 -1.8870878980541822e-13 0.40926313400268555 
vn -0.7078686952590942 0.0037756471429020166 -0.7063339352607727 
vn 0.912416398525238 0 0.40926313400268555 
vn 0.7078787684440613 0 -0.7063339352607727 
vn 0.0018878303235396743 0.7078762650489807 -0.7063339352607727 
vn -1.0341130485562108e-13 0.999997615814209 0.002184694167226553 
vn 0.0018878303235396743 0.7078762650489807 -0.7063339352607727 
vn 0.0018878303235396743 0.7078762650489807 -0.7063339352607727 
vn 0.00376924779266119 0.707868754863739 0.7063339352607727 
vn -0.30235886573791504 0.9036884307861328 0.30319350957870483 
vn -1.0341130485562108e-13 0.999997615814209 0.002184694167226553 
vn 0.3352515697479248 0.6234570741653442 -0.7063339352607727 
vn -1.0341130485562108e-13 0.999997615814209 0.002184694167226553 
vn 0.6486907601356506 0.6700479984283447 -0.36088213324546814 
vn 0.7290843725204468 0.6730592846870422 -0.1242060661315918 
vn 0.6181028485298157 0.7698889970779419 0.15880759060382843 
vn 0.7071051001548767 0.7071051001548767 0.002184694167226553 
vn -0.6704403758049011 0.6024832725524902 0.43303996324539185 
vn -0.4377075433731079 0.8536489009857178 0.28230419754981995 
vn 0.7313597798347473 0.6553012728691101 0.18892620503902435 
vn -0.5779946446418762 0.5779946446418762 -0.5760593414306641 
vn -0.7247685194015503 0.684744656085968 0.0763898640871048 
vn 0.47508612275123596 0.6494001150131226 -0.5937783122062683 
vn 0.5926607847213745 0.8054491877555847 0.002184694167226553 
vn 0.29781588912010193 0.39769211411476135 -0.8678402304649353 
vn 0.5926607847213745 0.8054491877555847 0.002184694167226553 
vn -0.2947821617126465 0.399946004152298 -0.8678402304649353 
vn -0.5926607847213745 0.8054491877555847 0.002184694167226553 
vn -0.47813042998313904 0.6471619606018066 -0.5937783122062683 
vn -0.5926607847213745 0.8054491877555847 0.002184694167226553 
vn 0.5779946446418762 0.5779946446418762 -0.5760593414306641 
vn 0.7247685194015503 0.684744656085968 0.0763898640871048 
vn 0.5926607847213745 0.8054491877555847 0.002184694167226553 
vn -0.5926607847213745 0.8054491877555847 0.002184694167226553 
vn -0.5926607847213745 0.8054491877555847 0.002184694167226553 
vn 0.5854539275169373 0.6081258058547974 0.5361219048500061 
vn -0.29658252000808716 0.39861273765563965 0.8678402304649353 
vn -0.4759959578514099 0.6487334966659546 0.5937783122062683 
vn 0.10699357092380524 0.6743259429931641 0.7306414246559143 
vn 0.2935565114021301 0.4008464515209198 0.8678402304649353 
vn 0.5926607847213745 0.8054491877555847 0.002184694167226553 
vn 0.4759959578514099 0.6487334966659546 0.5937783122062683 
vn -0.11071504652500153 0.6737249493598938 0.7306414246559143 
vn -0.5827304720878601 0.6107360124588013 0.5361219048500061 
vn 0.7071051001548767 0.7071051001548767 0.002184694167226553 
vn 0.7297302484512329 0.6670393943786621 0.15017375349998474 
vn -0.5645843148231506 0.7969882488250732 -0.21460255980491638 
vn 0.5389817357063293 0.6309213042259216 0.5580654144287109 
vn -0.4124775826931 0.7496669888496399 -0.5175535082817078 
vn -0.16997483372688293 0.7059770822525024 0.6875353455543518 
vn -0.4377085864543915 0.743019700050354 -0.5062933564186096 
vn -0.7184905409812927 0.2909677028656006 -0.6317508816719055 
vn -0.7200681567192078 0.2870413064956665 0.6317508816719055 
vn 0.6646718978881836 -0.2997801601886749 0.6843559741973877 
vn 0.142173171043396 -0.39857006072998047 0.9060511589050293 
vn 0.12927764654159546 -0.3735232353210449 0.9185682535171509 
vn -0.0018831010675057769 -0.38721561431884766 0.9219872951507568 
vn -0.4759959578514099 0.6487334966659546 0.5937783122062683 
vn -0.29658252000808716 0.39861273765563965 0.8678402304649353 
vn 0.5854539275169373 0.6081258058547974 0.5361219048500061 
vn 0.10699357092380524 0.6743259429931641 0.7306414246559143 
vn -0.5802002549171448 0.572190523147583 -0.5796254277229309 
vn -0.7372068762779236 0.6678470373153687 0.10250037163496017 
vn -0.31140583753585815 0.8948483467102051 -0.3198012113571167 
vn -0.6775028109550476 0.7295140624046326 0.09380380809307098 
vn -0.31140583753585815 -0.8948483467102051 -0.3198012113571167 
vn -0.6775028109550476 -0.7295140624046326 0.09380380809307098 
vn -0.7372068762779236 -0.6678470373153687 0.10250037163496017 
vn -0.5674397945404053 -0.6087812185287476 0.5544344186782837 
vn -0.7756682634353638 -0.24132834374904633 0.5831804275512695 
vn -0.13862043619155884 -0.39981958270072937 0.9060511589050293 
vn -0.6646718978881836 -0.2997801601886749 0.6843559741973877 
vn -0.12927764654159546 -0.3735232353210449 0.9185682535171509 
vn -0.11071504652500153 0.6737249493598938 0.7306414246559143 
vn -0.0018831010675057769 -0.38721561431884766 0.9219872951507568 
vn 0.4759959578514099 0.6487334966659546 0.5937783122062683 
vn 0.2935565114021301 0.4008464515209198 0.8678402304649353 
vn -0.0018831010675057769 -0.38721561431884766 0.9219872951507568 
vn 0.003771903458982706 -0.6795519590377808 0.7336177229881287 
vn -0.11246158927679062 -0.6570828557014465 0.7453821301460266 
vn -0.400730162858963 -0.8197066783905029 0.40926313400268555 
vn 0.003771903458982706 -0.6795519590377808 0.7336177229881287 
vn 0.003771903458982706 -0.6795519590377808 0.7336177229881287 
vn 0.003771903458982706 -0.6795519590377808 0.7336177229881287 
vn -0.0018831010675057769 -0.38721561431884766 0.9219872951507568 
vn -0.0018831010675057769 -0.38721561431884766 0.9219872951507568 
vn -0.0018831010675057769 -0.38721561431884766 0.9219872951507568 
vn -0.0018831010675057769 -0.38721561431884766 0.9219872951507568 
vn -0.0018831010675057769 -0.38721561431884766 0.9219872951507568 
vn -0.5827304720878601 0.6107360124588013 0.5361219048500061 
vn -0.992760956287384 -0.007551841903477907 0.11986933648586273 
vn -0.9905359745025635 0.0037719702813774347 0.1372016966342926 
vn -0.7078686952590942 0.0037756471429020166 -0.7063339352607727 
vn -0.5802002549171448 -0.572190523147583 -0.5796254277229309 
vn -0.7078686952590942 0.0037756471429020166 -0.7063339352607727 
vn -0.5779946446418762 0.5779946446418762 -0.5760593414306641 
vn -0.7247685194015503 0.684744656085968 0.0763898640871048 
vn 3.097898456858039e-13 -0.999997615814209 0.002184694167226553 
vn 0.0037719623651355505 -0.9244976043701172 0.3811691105365753 
vn -0.41728663444519043 -0.9087722897529602 0.002184694167226553 
vn -0.415386438369751 -0.840186595916748 0.34862664341926575 
vn -0.9295517206192017 -0.3686853349208832 0.002184694167226553 
vn -0.9296587705612183 -0.34015321731567383 0.1415284425020218 
vn -0.931018054485321 0.00377405877225101 0.3649536371231079 
vn -0.9315692782402039 -0.2570967972278595 0.25706008076667786 
vn -0.9308540225028992 -0.14284789562225342 0.3363112509250641 
vn -0.4120470881462097 -0.6433753371238708 0.6452018022537231 
vn -0.41599607467651367 -0.34687796235084534 0.8406086564064026 
vn 1.187080219278852e-13 -0.3831879794597626 0.9236704111099243 
vn 0 0 1 
vn -0.415386438369751 -0.840186595916748 -0.34862664341926575 
vn -0.9296587705612183 -0.34015321731567383 -0.1415284425020218 
vn -0.4163750112056732 -0.6405829191207886 -0.6452018022537231 
vn -0.9304702281951904 -0.26104652881622314 -0.25706008076667786 
vn -0.4149225354194641 -0.34816136956214905 -0.8406086564064026 
vn -0.9308540225028992 -0.14284789562225342 -0.3363112509250641 
vn -0.931018054485321 0.00377405877225101 -0.3649536371231079 
vn -0.9304702281951904 0.26104652881622314 -0.25706008076667786 
vn -0.9295517206192017 0.3686853349208832 0.002184694167226553 
vn -0.9296587705612183 0.34015321731567383 -0.1415284425020218 
vn -0.415386438369751 0.840186595916748 -0.34862664341926575 
vn -0.4163750112056732 0.6405829191207886 -0.6452018022537231 
vn 0.0018884376622736454 0.9245033860206604 -0.3811691105365753 
vn 0.0018878303235396743 0.7078762650489807 -0.7063339352607727 
vn -1.0341130485562108e-13 0.999997615814209 0.002184694167226553 
vn -0.41728663444519043 0.9087722897529602 0.002184694167226553 
vn 0.0037719623651355505 0.9244976043701172 0.3811691105365753 
vn -0.415386438369751 0.840186595916748 0.34862664341926575 
vn 0.00376924779266119 0.707868754863739 0.7063339352607727 
vn -0.4120470881462097 0.6433753371238708 0.6452018022537231 
vn -3.962606474504013e-14 0.3831879794597626 0.9236704111099243 
vn -0.41599607467651367 0.34687796235084534 0.8406086564064026 
vn -0.4152173399925232 0.003759306389838457 0.9097144603729248 
vn -0.9308540225028992 0.14284789562225342 0.3363112509250641 
vn -0.9315692782402039 0.2570967972278595 0.25706008076667786 
vn -0.9296587705612183 0.34015321731567383 0.1415284425020218 
vn 0.00376924779266119 -0.707868754863739 0.7063339352607727 
vn 0.0018884376622736454 -0.9245033860206604 -0.3811691105365753 
vn 0.0018878303235396743 -0.7078762650489807 -0.7063339352607727 
vn 0.0037855375558137894 -0.3831692636013031 -0.9236704111099243 
vn -0.4152171313762665 0.003781098872423172 -0.9097144603729248 
vn -2.0682311115474694e-13 0 -1 
vn -0.4149225354194641 0.34816136956214905 -0.8406086564064026 
vn 0.0037855375558137894 0.3831692636013031 -0.9236704111099243 
vn -0.9308540225028992 0.14284789562225342 -0.3363112509250641 
vn 0.0037625895347446203 0.5006163716316223 0.865661084651947 
vn -0.558150589466095 0.4148320257663727 0.7185974717140198 
vn 0.0037714340724051 0.8667445182800293 0.4987381398677826 
vn -0.5575881600379944 0.7199467420578003 0.41324591636657715 
vn -0.5555689334869385 0.8314676284790039 0.002184694167226553 
vn -0.9796207547187805 0.17273356020450592 0.10250037163496017 
vn -0.9792816638946533 0.20249100029468536 0.002184694167226553 
vn -0.9612131118774414 -0.2757980227470398 0.002184694167226553 
vn -0.9796207547187805 0.17273356020450592 -0.10250037163496017 
vn -0.9603545069694519 -0.2426827996969223 0.1372016966342926 
vn -0.9612464308738708 -0.135433167219162 0.2401314377784729 
vn -0.48412638902664185 -0.7580732703208923 0.43697428703308105 
vn -0.4793035387992859 -0.43934276700019836 0.7597671151161194 
vn 0.0037625895347446203 -0.5006163716316223 0.865661084651947 
vn 0 0 1 
vn -0.5575881600379944 0.7199467420578003 -0.41324591636657715 
vn -0.9791085124015808 0.10176941752433777 -0.1760382205247879 
vn -0.9605492949485779 -1.986637850753814e-13 0.2781098484992981 
vn -0.4816005229949951 -9.96061143721666e-14 0.8763908743858337 
vn -0.4793035387992859 0.43934276700019836 0.7597671151161194 
vn 0.0037625895347446203 0.5006163716316223 0.865661084651947 
vn 0.0037714340724051 0.8667445182800293 0.4987381398677826 
vn -0.9794232249259949 0.003775416174903512 -0.2017817199230194 
vn -0.9612464308738708 0.135433167219162 0.2401314377784729 
vn -0.9791085124015808 -0.10176941752433777 -0.1760382205247879 
vn -0.9603545069694519 0.2426827996969223 0.1372016966342926 
vn -0.9796207547187805 -0.17273356020450592 -0.10250037163496017 
vn -0.9612131118774414 0.2757980227470398 0.002184694167226553 
vn -0.9792816638946533 -0.20249100029468536 0.002184694167226553 
vn -0.9796207547187805 -0.17273356020450592 0.10250037163496017 
vn -0.5575881600379944 -0.7199467420578003 0.41324591636657715 
vn -0.9791085124015808 -0.10176941752433777 0.1760382205247879 
vn -0.558150589466095 -0.4148320257663727 0.7185974717140198 
vn -0.9794232249259949 0.003775416174903512 0.2017817199230194 
vn -0.5562512278556824 -1.150456140942835e-13 0.8310141563415527 
vn 0 0 1 
vn -0.9612009525299072 0.23930834233760834 -0.1372016966342926 
vn -0.48466166853904724 0.8746989965438843 0.002184694167226553 
vn -0.48412638902664185 0.7580732703208923 0.43697428703308105 
vn -1.0341130485562108e-13 0.999997615814209 0.002184694167226553 
vn 0.0018883368466049433 0.8667506575584412 -0.4987381398677826 
vn -0.4799191355705261 0.7607437968254089 -0.43697428703308105 
vn -0.48124757409095764 0.43721243739128113 -0.7597671151161194 
vn -0.9612464308738708 0.135433167219162 -0.2401314377784729 
vn -0.960541844367981 0.0037767793983221054 -0.2781098484992981 
vn -0.9612464308738708 -0.135433167219162 -0.2401314377784729 
vn -0.9791085124015808 0.10176941752433777 0.1760382205247879 
vn -0.9612009525299072 -0.23930834233760834 -0.1372016966342926 
vn -5.177098238496637e-14 0.5006305575370789 -0.865661084651947 
vn -0.4816005229949951 -9.96061143721666e-14 -0.8763908743858337 
vn -0.48124757409095764 -0.43721243739128113 -0.7597671151161194 
vn -2.0682311115474694e-13 0 -1 
vn 1.550906213350356e-13 -0.5006305575370789 -0.865661084651947 
vn 0.0018883368466049433 -0.8667506575584412 -0.4987381398677826 
vn -0.4799191355705261 -0.7607437968254089 -0.43697428703308105 
vn 3.097898456858039e-13 -0.999997615814209 0.002184694167226553 
vn -0.48466166853904724 -0.8746989965438843 0.002184694167226553 
vn 0.0037714340724051 -0.8667445182800293 0.4987381398677826 
vn -1.0341130485562108e-13 0.999997615814209 0.002184694167226553 
vn 0.0018883368466049433 0.8667506575584412 -0.4987381398677826 
vn -5.177098238496637e-14 0.5006305575370789 -0.865661084651947 
vn -0.5572317838668823 0.41606542468070984 -0.7185974717140198 
vn -0.5562512278556824 -1.150456140942835e-13 -0.8310141563415527 
vn -0.5572317838668823 -0.41606542468070984 -0.7185974717140198 
vn -0.5575881600379944 -0.7199467420578003 -0.41324591636657715 
vn -0.5555689334869385 -0.8314676284790039 0.002184694167226553 
vn 0.0018883368466049433 -0.8667506575584412 -0.4987381398677826 
vn 3.097898456858039e-13 -0.999997615814209 0.002184694167226553 
vn 0.0037714340724051 -0.8667445182800293 0.4987381398677826 
vn 0.0037625895347446203 -0.5006163716316223 0.865661084651947 
vn 1.550906213350356e-13 -0.5006305575370789 -0.865661084651947 
vn -2.0682311115474694e-13 0 -1 
vn 0.6073530912399292 0.25004273653030396 0.7540562748908997 
vn 0.7833857536315918 0 0.6215357780456543 
vn 0.6568098068237305 0 0.7540562748908997 
vn 0.7232120633125305 -0.30109402537345886 0.6215357780456543 
vn 0.6073530912399292 -0.25004273653030396 0.7540562748908997 
vn 0.5519350171089172 -0.5559325218200684 0.6215357780456543 
vn 0.4664309024810791 -0.46242982149124146 0.7540562748908997 
vn 0.30283284187316895 -0.7224856615066528 0.6215357780456543 
vn 0.24829760193824768 -0.6080686450004578 0.7540562748908997 
vn 0.0018844384467229247 -0.7833834886550903 0.6215357780456543 
vn -0.0018861298449337482 -0.6568071246147156 0.7540562748908997 
vn -0.2993534505367279 -0.7239342331886292 0.6215357780456543 
vn -0.2517858147621155 -0.6066325306892395 0.7540562748908997 
vn -0.5546032190322876 -0.5532707571983337 0.6215357780456543 
vn -0.4637673497200012 -0.46510106325149536 0.7540562748908997 
vn -0.7246522307395935 -0.29761114716529846 0.6215357780456543 
vn -0.6059070229530334 -0.25352680683135986 0.7540562748908997 
vn -0.7833766937255859 0.0037688659504055977 0.6215357780456543 
vn -0.6567990183830261 0.0037722443230450153 0.7540562748908997 
vn -0.7246522307395935 0.29761114716529846 0.6215357780456543 
vn -0.6059070229530334 0.25352680683135986 0.7540562748908997 
vn -0.5546032190322876 0.5532707571983337 0.6215357780456543 
vn -0.4637673497200012 0.46510106325149536 0.7540562748908997 
vn -0.2993534505367279 0.7239342331886292 0.6215357780456543 
vn -0.2517858147621155 0.6066325306892395 0.7540562748908997 
vn 0.0018844384467229247 0.7833834886550903 0.6215357780456543 
vn -0.0018861298449337482 0.6568071246147156 0.7540562748908997 
vn 0.30283284187316895 0.7224856615066528 0.6215357780456543 
vn 0.24829760193824768 0.6080686450004578 0.7540562748908997 
vn 0.5519350171089172 0.5559325218200684 0.6215357780456543 
vn 0.4664309024810791 0.46242982149124146 0.7540562748908997 
vn 0.7232120633125305 0.30109402537345886 0.6215357780456543 
vn -0.03052218072116375 0.06764409691095352 0.9972425103187561 
vn -0.05440078675746918 0.0504765510559082 0.9972425103187561 
vn -0.06973587721586227 0.02538178488612175 0.9972425103187561 
vn -0.07411912083625793 0.003699131542816758 0.9972425103187561 
vn -0.06973587721586227 -0.02538178488612175 0.9972425103187561 
vn -0.05440078675746918 -0.0504765510559082 0.9972425103187561 
vn 0.05181711167097092 0.05312545970082283 0.9972425103187561 
vn 0.027112457901239395 0.06908141821622849 0.9972425103187561 
vn -0.0018501408630982041 0.07418830692768097 0.9972425103187561 
vn -0.03052218072116375 -0.06764409691095352 0.9972425103187561 
vn -0.0018501408630982041 -0.07418830692768097 0.9972425103187561 
vn 0.027112457901239395 -0.06908141821622849 0.9972425103187561 
vn 0.05181711167097092 -0.05312545970082283 0.9972425103187561 
vn 0.07421137392520905 0 0.9972425103187561 
vn 0.06838401407003403 0.028826279565691948 0.9972425103187561 
vn 0.06838401407003403 -0.028826279565691948 0.9972425103187561 
vn 0.4664309024810791 -0.46242982149124146 0.7540562748908997 
vn 0.24829760193824768 -0.6080686450004578 0.7540562748908997 
vn 0.07448802888393402 -0.17128470540046692 0.9824016690254211 
vn -0.0018861298449337482 -0.6568071246147156 0.7540562748908997 
vn 0.0018687201663851738 -0.18677105009555817 0.9824016690254211 
vn -0.2517858147621155 -0.6066325306892395 0.7540562748908997 
vn -0.07104591280221939 -0.17274083197116852 0.9824016690254211 
vn -0.4637673497200012 -0.46510106325149536 0.7540562748908997 
vn -0.13273273408412933 -0.1314113289117813 0.9824016690254211 
vn -0.6059070229530334 -0.25352680683135986 0.7540562748908997 
vn -0.1734429895877838 -0.06931410729885101 0.9824016690254211 
vn -0.18674300611019135 0.0037372533697634935 0.9824016690254211 
vn -0.5011301040649414 -0.20553748309612274 0.8406086564064026 
vn -0.5416429042816162 -1.1202426790021813e-13 0.8406086564064026 
vn -0.9277932643890381 0.0037707174196839333 0.37307560443878174 
vn -0.8566341996192932 0.3563600182533264 0.37307560443878174 
vn -0.9238772988319397 0.38268253207206726 0.002184694167226553 
vn -0.7071051001548767 0.7071051001548767 0.002184694167226553 
vn -0.38032814860343933 -0.3856521248817444 0.8406086564064026 
vn -0.20553748309612274 -0.5011301040649414 0.8406086564064026 
vn 1.6827694565482026e-13 -0.5416429042816162 0.8406086564064026 
vn 0.20553748309612274 -0.5011301040649414 0.8406086564064026 
vn 0.3856521248817444 -0.38032814860343933 0.8406086564064026 
vn 0.13007678091526031 -0.13404084742069244 0.9824016690254211 
vn 0.17202137410640717 -0.0727706179022789 0.9824016690254211 
vn 0.6073530912399292 -0.25004273653030396 0.7540562748908997 
vn 0.1867803931236267 0 0.9824016690254211 
vn 0.6568098068237305 0 0.7540562748908997 
vn 0.17202137410640717 0.0727706179022789 0.9824016690254211 
vn 0.6073530912399292 0.25004273653030396 0.7540562748908997 
vn 0.13007678091526031 0.13404084742069244 0.9824016690254211 
vn 0.4664309024810791 0.46242982149124146 0.7540562748908997 
vn 0.07448802888393402 0.17128470540046692 0.9824016690254211 
vn 0.24829760193824768 0.6080686450004578 0.7540562748908997 
vn -0.0018861298449337482 0.6568071246147156 0.7540562748908997 
vn -0.8566341996192932 -0.3563600182533264 0.37307560443878174 
vn -0.6567205786705017 -0.6553874015808105 0.37307560443878174 
vn -0.9238772988319397 -0.38268253207206726 0.002184694167226553 
vn -0.7071051001548767 -0.7071051001548767 0.002184694167226553 
vn -0.999997615814209 -2.0682260971124217e-13 0.002184694167226553 
vn -0.6567990183830261 0.0037722443230450153 0.7540562748908997 
vn -0.6059070229530334 0.25352680683135986 0.7540562748908997 
vn -0.1734429895877838 0.06931410729885101 0.9824016690254211 
vn -0.13273273408412933 0.1314113289117813 0.9824016690254211 
vn -0.38032814860343933 0.3856521248817444 0.8406086564064026 
vn -0.07104591280221939 0.17274083197116852 0.9824016690254211 
vn -0.20553748309612274 0.5011301040649414 0.8406086564064026 
vn 0.0018687201663851738 0.18677105009555817 0.9824016690254211 
vn -5.6012133950109066e-14 0.5416429042816162 0.8406086564064026 
vn 0.20553748309612274 0.5011301040649414 0.8406086564064026 
vn 0.35461854934692383 0.8573565483093262 0.37307560443878174 
vn 0.3856521248817444 0.38032814860343933 0.8406086564064026 
vn 0.6540515422821045 0.6580510139465332 0.37307560443878174 
vn 0.8580753803253174 0.35287559032440186 0.37307560443878174 
vn 0.9238772988319397 0.38268253207206726 0.002184694167226553 
vn 0.999997615814209 0 0.002184694167226553 
vn -0.5011301040649414 0.20553748309612274 0.8406086564064026 
vn -0.6567205786705017 0.6553874015808105 0.37307560443878174 
vn -0.358100026845932 0.8559082746505737 0.37307560443878174 
vn -0.38268253207206726 0.9238772988319397 0.002184694167226553 
vn -1.0341130485562108e-13 0.999997615814209 0.002184694167226553 
vn 0.0018853626679629087 0.9277990460395813 0.37307560443878174 
vn 0.38268253207206726 0.9238772988319397 0.002184694167226553 
vn 0.7071051001548767 0.7071051001548767 0.002184694167226553 
vn -0.4637673497200012 0.46510106325149536 0.7540562748908997 
vn -0.2517858147621155 0.6066325306892395 0.7540562748908997 
vn 0.5011301040649414 0.20553748309612274 0.8406086564064026 
vn 0.5416429042816162 0 0.8406086564064026 
vn 0.5011301040649414 -0.20553748309612274 0.8406086564064026 
vn 0.9278009533882141 0 0.37307560443878174 
vn 0.8580753803253174 -0.35287559032440186 0.37307560443878174 
vn 0.9238772988319397 -0.38268253207206726 0.002184694167226553 
vn 0.7071051001548767 -0.7071051001548767 0.002184694167226553 
vn 0.6540515422821045 -0.6580510139465332 0.37307560443878174 
vn 0.35461854934692383 -0.8573565483093262 0.37307560443878174 
vn 0.38268253207206726 -0.9238772988319397 0.002184694167226553 
vn 3.097898456858039e-13 -0.999997615814209 0.002184694167226553 
vn 0.0018853626679629087 -0.9277990460395813 0.37307560443878174 
vn -0.358100026845932 -0.8559082746505737 0.37307560443878174 
vn -0.38268253207206726 -0.9238772988319397 0.002184694167226553 
vn 0.0018884376622736454 -0.9245033860206604 -0.3811691105365753 
vn 0.415386438369751 -0.840186595916748 -0.34862664341926575 
vn 3.097898456858039e-13 -0.999997615814209 0.002184694167226553 
vn 0.41728663444519043 -0.9087722897529602 0.002184694167226553 
vn 0.0037719623651355505 -0.9244976043701172 0.3811691105365753 
vn 0.415386438369751 -0.840186595916748 0.34862664341926575 
vn 0.00376924779266119 -0.707868754863739 0.7063339352607727 
vn 0.4152151048183441 -0.6413353681564331 0.6452018022537231 
vn 1.187080219278852e-13 -0.3831879794597626 0.9236704111099243 
vn 0.41599607467651367 -0.34687796235084534 0.8406086564064026 
vn 0 0 1 
vn 0.41523435711860657 0 0.9097144603729248 
vn -3.962606474504013e-14 0.3831879794597626 0.9236704111099243 
vn 0.41599607467651367 0.34687796235084534 0.8406086564064026 
vn 0.4152151048183441 0.6413353681564331 0.6452018022537231 
vn 0.9305588603019714 0.2607303559780121 0.25706008076667786 
vn 0.415386438369751 0.840186595916748 0.34862664341926575 
vn 0.9296587705612183 0.34015321731567383 0.1415284425020218 
vn 0.9295517206192017 0.3686853349208832 0.002184694167226553 
vn 0.9304702281951904 0.26104652881622314 -0.25706008076667786 
vn 0.9296587705612183 0.34015321731567383 -0.1415284425020218 
vn 0.413200706243515 0.6426350474357605 -0.6452018022537231 
vn 0.415386438369751 0.840186595916748 -0.34862664341926575 
vn 0.0018884376622736454 0.9245033860206604 -0.3811691105365753 
vn -1.0341130485562108e-13 0.999997615814209 0.002184694167226553 
vn 0.9308540225028992 0.14284789562225342 0.3363112509250641 
vn 0.9310256838798523 0 0.3649536371231079 
vn 0.9308540225028992 -0.14284789562225342 0.3363112509250641 
vn 0.9305588603019714 -0.2607303559780121 0.25706008076667786 
vn 0.9296587705612183 -0.34015321731567383 0.1415284425020218 
vn 0.9295517206192017 -0.3686853349208832 0.002184694167226553 
vn 0.9296587705612183 -0.34015321731567383 -0.1415284425020218 
vn 0.9304702281951904 -0.26104652881622314 -0.25706008076667786 
vn 0.413200706243515 -0.6426350474357605 -0.6452018022537231 
vn 0.4149225354194641 -0.34816136956214905 -0.8406086564064026 
vn 0.0018878303235396743 -0.7078762650489807 -0.7063339352607727 
vn 0.0037855375558137894 -0.3831692636013031 -0.9236704111099243 
vn 0.9308540225028992 0.14284789562225342 -0.3363112509250641 
vn 0.9310256838798523 0 -0.3649536371231079 
vn 0.4149225354194641 0.34816136956214905 -0.8406086564064026 
vn 0.41523435711860657 0 -0.9097144603729248 
vn -2.0682311115474694e-13 0 -1 
vn 0.9308540225028992 -0.14284789562225342 -0.3363112509250641 
vn 0.0018878303235396743 0.7078762650489807 -0.7063339352607727 
vn 0.0037855375558137894 0.3831692636013031 -0.9236704111099243 
vn 0.00376924779266119 0.707868754863739 0.7063339352607727 
vn 0.0037719623651355505 0.9244976043701172 0.3811691105365753 
vn 0.41728663444519043 0.9087722897529602 0.002184694167226553 
vn 0 0 1 
vn 0.0037625895347446203 -0.5006163716316223 0.865661084651947 
vn 0.4793035387992859 -0.43934276700019836 0.7597671151161194 
vn 0.4809424877166748 -0.7600972056388855 0.43697428703308105 
vn 0.9612464308738708 -0.135433167219162 0.2401314377784729 
vn 0.9612716436386108 -0.23902402818202972 0.1372016966342926 
vn 0.9796207547187805 0.17273356020450592 -0.10250037163496017 
vn 0.9612131118774414 -0.2757980227470398 0.002184694167226553 
vn 0.9792816638946533 0.20249100029468536 0.002184694167226553 
vn 0.9796207547187805 0.17273356020450592 0.10250037163496017 
vn 0.5575881600379944 0.7199467420578003 0.41324591636657715 
vn 0.9794917106628418 0.09801293164491653 0.1760382205247879 
vn 0.558150589466095 0.4148320257663727 0.7185974717140198 
vn 0.9794304966926575 0 0.2017817199230194 
vn 0.5562512278556824 0 0.8310141563415527 
vn 0.558150589466095 -0.4148320257663727 0.7185974717140198 
vn 0.0037625895347446203 -0.5006163716316223 0.865661084651947 
vn 0.0037714340724051 -0.8667445182800293 0.4987381398677826 
vn 0.0037714340724051 0.8667445182800293 0.4987381398677826 
vn 0.5555689334869385 0.8314676284790039 0.002184694167226553 
vn 0.5575881600379944 0.7199467420578003 -0.41324591636657715 
vn 0.9794917106628418 0.09801293164491653 -0.1760382205247879 
vn 0.9605492949485779 0 0.2781098484992981 
vn 0.4816005229949951 0 0.8763908743858337 
vn 0.4793035387992859 0.43934276700019836 0.7597671151161194 
vn 0.0037625895347446203 0.5006163716316223 0.865661084651947 
vn 0.0037714340724051 0.8667445182800293 0.4987381398677826 
vn 0.9612464308738708 0.135433167219162 0.2401314377784729 
vn 0.9794304966926575 0 -0.2017817199230194 
vn 0.5572317838668823 0.41606542468070984 -0.7185974717140198 
vn -5.177098238496637e-14 0.5006305575370789 -0.865661084651947 
vn 0.0018883368466049433 0.8667506575584412 -0.4987381398677826 
vn 0.9794917106628418 -0.09801293164491653 -0.1760382205247879 
vn 0.9612716436386108 0.23902402818202972 0.1372016966342926 
vn 0.4809424877166748 0.7600972056388855 0.43697428703308105 
vn -1.0341130485562108e-13 0.999997615814209 0.002184694167226553 
vn 0.48466166853904724 0.8746989965438843 0.002184694167226553 
vn 0.9612131118774414 0.2757980227470398 0.002184694167226553 
vn 0.9796207547187805 -0.17273356020450592 -0.10250037163496017 
vn 0.9792816638946533 -0.20249100029468536 0.002184694167226553 
vn 0.5555689334869385 -0.8314676284790039 0.002184694167226553 
vn 0.5575881600379944 -0.7199467420578003 0.41324591636657715 
vn 0.5575881600379944 -0.7199467420578003 -0.41324591636657715 
vn 0.5572317838668823 -0.41606542468070984 -0.7185974717140198 
vn 0.5562512278556824 0 -0.8310141563415527 
vn -2.0682311115474694e-13 0 -1 
vn 1.550906213350356e-13 -0.5006305575370789 -0.865661084651947 
vn 0.0018883368466049433 -0.8667506575584412 -0.4987381398677826 
vn 3.097898456858039e-13 -0.999997615814209 0.002184694167226553 
vn -1.0341130485562108e-13 0.999997615814209 0.002184694167226553 
vn 0.0037714340724051 -0.8667445182800293 0.4987381398677826 
vn 0.48466166853904724 -0.8746989965438843 0.002184694167226553 
vn 3.097898456858039e-13 -0.999997615814209 0.002184694167226553 
vn 0.4799191355705261 -0.7607437968254089 -0.43697428703308105 
vn 0.9612009525299072 -0.23930834233760834 -0.1372016966342926 
vn 0.9612464308738708 -0.135433167219162 -0.2401314377784729 
vn 0.0018883368466049433 -0.8667506575584412 -0.4987381398677826 
vn 0.47870054841041565 -0.43999966979026794 -0.7597671151161194 
vn 0.9605492949485779 0 -0.2781098484992981 
vn 0.9612464308738708 0.135433167219162 -0.2401314377784729 
vn 0.9794917106628418 -0.09801293164491653 0.1760382205247879 
vn 0.9612009525299072 0.23930834233760834 -0.1372016966342926 
vn 0.9796207547187805 -0.17273356020450592 0.10250037163496017 
vn 1.550906213350356e-13 -0.5006305575370789 -0.865661084651947 
vn 0.4816005229949951 0 -0.8763908743858337 
vn 0.47870054841041565 0.43999966979026794 -0.7597671151161194 
vn 0.4799191355705261 0.7607437968254089 -0.43697428703308105 
vn -2.0682311115474694e-13 0 -1 
vn -5.177098238496637e-14 0.5006305575370789 -0.865661084651947 
vn 0.0018883368466049433 0.8667506575584412 -0.4987381398677826 
vn 0 0 1 
vn 0.0037625895347446203 0.5006163716316223 0.865661084651947 
vn 3.097898456858039e-13 -0.999997615814209 0.002184694167226553 
vn 0.0037714340724051 -0.8667445182800293 0.4987381398677826 
vn 0.5555689334869385 -0.8314676284790039 0.002184694167226553 
vn 0.5575881600379944 -0.7199467420578003 0.41324591636657715 
vn 0.9792816638946533 -0.20249100029468536 0.002184694167226553 
vn 0.9796207547187805 -0.17273356020450592 0.10250037163496017 
vn 0.9612131118774414 0.2757980227470398 0.002184694167226553 
vn 0.9612009525299072 0.23930834233760834 -0.1372016966342926 
vn 0.4799191355705261 0.7607437968254089 -0.43697428703308105 
vn 0.9612464308738708 0.135433167219162 -0.2401314377784729 
vn 0.47870054841041565 0.43999966979026794 -0.7597671151161194 
vn 0.4816005229949951 0 -0.8763908743858337 
vn -2.0682311115474694e-13 0 -1 
vn 1.550906213350356e-13 -0.5006305575370789 -0.865661084651947 
vn 0.9794917106628418 -0.09801293164491653 0.1760382205247879 
vn 0.558150589466095 -0.4148320257663727 0.7185974717140198 
vn 0.5562512278556824 0 0.8310141563415527 
vn 0.9794304966926575 0 0.2017817199230194 
vn 0.9605492949485779 0 -0.2781098484992981 
vn 0.9612464308738708 -0.135433167219162 -0.2401314377784729 
vn 0.47870054841041565 -0.43999966979026794 -0.7597671151161194 
vn 0.0018883368466049433 -0.8667506575584412 -0.4987381398677826 
vn 0 0 1 
vn 0.558150589466095 0.4148320257663727 0.7185974717140198 
vn 0.9794917106628418 0.09801293164491653 0.1760382205247879 
vn 0.9612009525299072 -0.23930834233760834 -0.1372016966342926 
vn 0.4799191355705261 -0.7607437968254089 -0.43697428703308105 
vn 3.097898456858039e-13 -0.999997615814209 0.002184694167226553 
vn 0.5575881600379944 0.7199467420578003 0.41324591636657715 
vn 0.9796207547187805 0.17273356020450592 0.10250037163496017 
vn 0.9612131118774414 -0.2757980227470398 0.002184694167226553 
vn 0.48466166853904724 -0.8746989965438843 0.002184694167226553 
vn 0.0037714340724051 -0.8667445182800293 0.4987381398677826 
vn 0.4809424877166748 -0.7600972056388855 0.43697428703308105 
vn 0.9612716436386108 -0.23902402818202972 0.1372016966342926 
vn 0.9796207547187805 0.17273356020450592 -0.10250037163496017 
vn 0.9612464308738708 -0.135433167219162 0.2401314377784729 
vn 0.9794917106628418 0.09801293164491653 -0.1760382205247879 
vn 0.9605492949485779 0 0.2781098484992981 
vn 0.9794304966926575 0 -0.2017817199230194 
vn 0.9612464308738708 0.135433167219162 0.2401314377784729 
vn 0.9794917106628418 -0.09801293164491653 -0.1760382205247879 
vn 0.9612716436386108 0.23902402818202972 0.1372016966342926 
vn 0.9796207547187805 -0.17273356020450592 -0.10250037163496017 
vn 0.4793035387992859 -0.43934276700019836 0.7597671151161194 
vn 0.4816005229949951 0 0.8763908743858337 
vn 0.4793035387992859 0.43934276700019836 0.7597671151161194 
vn 0.4809424877166748 0.7600972056388855 0.43697428703308105 
vn 0.48466166853904724 0.8746989965438843 0.002184694167226553 
vn -1.0341130485562108e-13 0.999997615814209 0.002184694167226553 
vn 0.0018883368466049433 0.8667506575584412 -0.4987381398677826 
vn 0.0037714340724051 0.8667445182800293 0.4987381398677826 
vn 0.0037625895347446203 0.5006163716316223 0.865661084651947 
vn 0 0 1 
vn 0.0037625895347446203 -0.5006163716316223 0.865661084651947 
vn 0.0037625895347446203 0.5006163716316223 0.865661084651947 
vn 0.0037714340724051 0.8667445182800293 0.4987381398677826 
vn -1.0341130485562108e-13 0.999997615814209 0.002184694167226553 
vn 0.5555689334869385 0.8314676284790039 0.002184694167226553 
vn 0.5575881600379944 0.7199467420578003 -0.41324591636657715 
vn 0.9792816638946533 0.20249100029468536 0.002184694167226553 
vn 0.0018883368466049433 0.8667506575584412 -0.4987381398677826 
vn -5.177098238496637e-14 0.5006305575370789 -0.865661084651947 
vn 0.5572317838668823 0.41606542468070984 -0.7185974717140198 
vn -2.0682311115474694e-13 0 -1 
vn 0.5562512278556824 0 -0.8310141563415527 
vn 0.5572317838668823 -0.41606542468070984 -0.7185974717140198 
vn -5.177098238496637e-14 0.5006305575370789 -0.865661084651947 
vn 0.0037625895347446203 -0.5006163716316223 0.865661084651947 
vn 1.550906213350356e-13 -0.5006305575370789 -0.865661084651947 
vn 0.0018883368466049433 -0.8667506575584412 -0.4987381398677826 
vn 0.5575881600379944 -0.7199467420578003 -0.41324591636657715 
vn 0.0018883368466049433 -0.8667506575584412 -0.4987381398677826 
vn 1.550906213350356e-13 -0.5006305575370789 -0.865661084651947 
vn -0.5572317838668823 -0.41606542468070984 -0.7185974717140198 
vn -2.0682311115474694e-13 0 -1 
vn -0.5562512278556824 -1.150456140942835e-13 -0.8310141563415527 
vn -0.5572317838668823 0.41606542468070984 -0.7185974717140198 
vn -0.9794232249259949 0.003775416174903512 -0.2017817199230194 
vn -0.9791085124015808 0.10176941752433777 -0.1760382205247879 
vn -0.9605492949485779 -1.986637850753814e-13 0.2781098484992981 
vn -0.9612464308738708 -0.135433167219162 0.2401314377784729 
vn -0.4816005229949951 -9.96061143721666e-14 0.8763908743858337 
vn -0.4793035387992859 -0.43934276700019836 0.7597671151161194 
vn 0.0037625895347446203 -0.5006163716316223 0.865661084651947 
vn -0.48412638902664185 -0.7580732703208923 0.43697428703308105 
vn 0.0037714340724051 -0.8667445182800293 0.4987381398677826 
vn -0.48466166853904724 -0.8746989965438843 0.002184694167226553 
vn 3.097898456858039e-13 -0.999997615814209 0.002184694167226553 
vn -0.4799191355705261 -0.7607437968254089 -0.43697428703308105 
vn 0.0018883368466049433 -0.8667506575584412 -0.4987381398677826 
vn -0.48124757409095764 -0.43721243739128113 -0.7597671151161194 
vn 1.550906213350356e-13 -0.5006305575370789 -0.865661084651947 
vn -0.4816005229949951 -9.96061143721666e-14 -0.8763908743858337 
vn -2.0682311115474694e-13 0 -1 
vn -0.48124757409095764 0.43721243739128113 -0.7597671151161194 
vn -5.177098238496637e-14 0.5006305575370789 -0.865661084651947 
vn 0.0018883368466049433 0.8667506575584412 -0.4987381398677826 
vn -5.177098238496637e-14 0.5006305575370789 -0.865661084651947 
vn -0.5575881600379944 0.7199467420578003 -0.41324591636657715 
vn -0.9796207547187805 0.17273356020450592 -0.10250037163496017 
vn -0.9603545069694519 -0.2426827996969223 0.1372016966342926 
vn -0.9792816638946533 0.20249100029468536 0.002184694167226553 
vn -0.9612131118774414 -0.2757980227470398 0.002184694167226553 
vn -0.5555689334869385 0.8314676284790039 0.002184694167226553 
vn -0.9796207547187805 0.17273356020450592 0.10250037163496017 
vn -0.9612009525299072 -0.23930834233760834 -0.1372016966342926 
vn -0.9612464308738708 -0.135433167219162 -0.2401314377784729 
vn -0.960541844367981 0.0037767793983221054 -0.2781098484992981 
vn -0.9612464308738708 0.135433167219162 -0.2401314377784729 
vn -0.9612009525299072 0.23930834233760834 -0.1372016966342926 
vn -0.9791085124015808 -0.10176941752433777 0.1760382205247879 
vn -0.9796207547187805 -0.17273356020450592 0.10250037163496017 
vn -0.558150589466095 -0.4148320257663727 0.7185974717140198 
vn -0.5575881600379944 -0.7199467420578003 0.41324591636657715 
vn 0.0037714340724051 -0.8667445182800293 0.4987381398677826 
vn -0.5555689334869385 -0.8314676284790039 0.002184694167226553 
vn 3.097898456858039e-13 -0.999997615814209 0.002184694167226553 
vn -0.5575881600379944 -0.7199467420578003 -0.41324591636657715 
vn -0.9612131118774414 0.2757980227470398 0.002184694167226553 
vn -0.9792816638946533 -0.20249100029468536 0.002184694167226553 
vn -0.9796207547187805 -0.17273356020450592 -0.10250037163496017 
vn -0.9791085124015808 -0.10176941752433777 -0.1760382205247879 
vn -0.9794232249259949 0.003775416174903512 0.2017817199230194 
vn -0.5562512278556824 -1.150456140942835e-13 0.8310141563415527 
vn -0.558150589466095 0.4148320257663727 0.7185974717140198 
vn 0 0 1 
vn 0.0037625895347446203 0.5006163716316223 0.865661084651947 
vn -0.9791085124015808 0.10176941752433777 0.1760382205247879 
vn -0.5575881600379944 0.7199467420578003 0.41324591636657715 
vn 0.0037714340724051 0.8667445182800293 0.4987381398677826 
vn -1.0341130485562108e-13 0.999997615814209 0.002184694167226553 
vn 0.0018883368466049433 0.8667506575584412 -0.4987381398677826 
vn 0 0 1 
vn 0.0037625895347446203 0.5006163716316223 0.865661084651947 
vn -0.4793035387992859 0.43934276700019836 0.7597671151161194 
vn 0.0037714340724051 0.8667445182800293 0.4987381398677826 
vn -0.48412638902664185 0.7580732703208923 0.43697428703308105 
vn -1.0341130485562108e-13 0.999997615814209 0.002184694167226553 
vn -0.48466166853904724 0.8746989965438843 0.002184694167226553 
vn -0.4799191355705261 0.7607437968254089 -0.43697428703308105 
vn -0.9603545069694519 0.2426827996969223 0.1372016966342926 
vn -0.9612464308738708 0.135433167219162 0.2401314377784729 
vn 0.0037625895347446203 -0.5006163716316223 0.865661084651947 
vn 3.097898456858039e-13 -0.999997615814209 0.002184694167226553 
vn 0.7200681567192078 -0.2870413064956665 0.6317508816719055 
vt 0.9451491236686707 0.4207252860069275 
vt 0.9300509095191956 0.4207252860069275 
vt 0.9451491236686707 0.4032061696052551 
vt 0.9300509095191956 0.4032061696052551 
vt 0.9451491236686707 0.3956819474697113 
vt 0.9300509095191956 0.3956819474697113 
vt 0.9451491236686707 0.3787243366241455 
vt 0.9300509095191956 0.3787243366241455 
vt 0.9451491236686707 0.3712001144886017 
vt 0.9300509095191956 0.3712001144886017 
vt 0.9451491236686707 0.3536809980869293 
vt 0.9300509095191956 0.3536809980869293 
vt 0.9221364855766296 0.3956819474697113 
vt 0.9221364855766296 0.3787243366241455 
vt 0.9221364855766296 0.3712001144886017 
vt 0.9221364855766296 0.355927050113678 
vt 0.9194577932357788 0.3787243366241455 
vt 0.9194577932357788 0.3712001144886017 
vt 0.9194577932357788 0.3646865785121918 
vt 0.9194577932357788 0.3956819474697113 
vt 0.9221364855766296 0.4032061696052551 
vt 0.9194577932357788 0.4032061696052551 
vt 0.9194577932357788 0.40971970558166504 
vt 0.9221364855766296 0.4184792637825012 
vt 0.48915794491767883 0.9979575872421265 
vt 0.48915794491767883 0.9794277548789978 
vt 0.4919584095478058 0.9979575872421265 
vt 0.4919584095478058 0.9794277548789978 
vt 0.4971941113471985 0.9979575872421265 
vt 0.4971941113471985 0.9794277548789978 
vt 0.5024297833442688 0.9979575872421265 
vt 0.5024297833442688 0.9794277548789978 
vt 0.5077872276306152 0.9979575872421265 
vt 0.5077872276306152 0.9794277548789978 
vt 0.5104659199714661 0.9979575872421265 
vt 0.5104659199714661 0.9794277548789978 
vt 0.4932977855205536 0.9774063229560852 
vt 0.5063260793685913 0.9774063229560852 
vt 0.5193544030189514 0.9730265140533447 
vt 0.5260512232780457 0.9730265140533447 
vt 0.4802694618701935 0.9730265140533447 
vt 0.4932977855205536 0.9708927869796753 
vt 0.4802694618701935 0.9665130376815796 
vt 0.47357267141342163 0.9730265140533447 
vt 0.47357267141342163 0.9665130376815796 
vt 0.4802694618701935 0.9634808301925659 
vt 0.47357267141342163 0.9634808301925659 
vt 0.47625139355659485 0.9615716934204102 
vt 0.47357267141342163 0.9615716934204102 
vt 0.5260512232780457 0.9615716934204102 
vt 0.5260512232780457 0.9634808301925659 
vt 0.52337247133255 0.9615716934204102 
vt 0.5193544030189514 0.9634808301925659 
vt 0.5193544030189514 0.9665130376815796 
vt 0.5260512232780457 0.9665130376815796 
vt 0.5063260793685913 0.9708927869796753 
vt 0.14920401573181152 0.9986313581466675 
vt 0.14676882326602936 0.9986313581466675 
vt 0.14920401573181152 0.9848182201385498 
vt 0.14676882326602936 0.9848182201385498 
vt 0.1426289826631546 0.9848182201385498 
vt 0.1426289826631546 0.9986313581466675 
vt 0.13995026051998138 0.9848182201385498 
vt 0.13995026051998138 0.9986313581466675 
vt 0.12716546654701233 0.9986313581466675 
vt 0.12716546654701233 0.9848182201385498 
vt 0.11511121690273285 0.9986313581466675 
vt 0.11511121690273285 0.9848182201385498 
vt 0.10244818031787872 0.9986313581466675 
vt 0.10244818031787872 0.9848182201385498 
vt 0.0997694581747055 0.9848182201385498 
vt 0.0997694581747055 0.9986313581466675 
vt 0.09562961757183075 0.9848182201385498 
vt 0.09562961757183075 0.9986313581466675 
vt 0.09319441765546799 0.9986313581466675 
vt 0.09319441765546799 0.9848182201385498 
vt 0.0015091400127857924 0.9808876514434814 
vt 0.0015091400127857924 0.9788662195205688 
vt 0.004187860060483217 0.9808876514434814 
vt 0.008205940015614033 0.9788662195205688 
vt 0.008205940015614033 0.9758340716362 
vt 0.0015091400127857924 0.9758340716362 
vt 0.008205940015614033 0.9692082405090332 
vt 0.0015091400127857924 0.9692082405090332 
vt 0.017337940633296967 0.9628070592880249 
vt 0.021477779373526573 0.9714543223381042 
vt 0.021477779373526573 0.9648284912109375 
vt 0.03474961966276169 0.9648284912109375 
vt 0.025374099612236023 0.9628070592880249 
vt 0.03073154017329216 0.9628070592880249 
vt 0.025374099612236023 0.9440526366233826 
vt 0.03073154017329216 0.9440526366233826 
vt 0.020016660913825035 0.9628070592880249 
vt 0.017337940633296967 0.9440526366233826 
vt 0.020138420164585114 0.9440526366233826 
vt 0.9978712201118469 0.8916075825691223 
vt 0.9978712201118469 0.9984067678451538 
vt 0.9125174880027771 0.8916075825691223 
vt 0.9125174880027771 0.9984067678451538 
vt 0.5781645178794861 0.5220217108726501 
vt 0.5781645178794861 0.49989819526672363 
vt 0.5971590876579285 0.5220217108726501 
vt 0.5971590876579285 0.49989819526672363 
vt 0.5781645178794861 0.48878028988838196 
vt 0.5971590876579285 0.48878028988838196 
vt 0.5971590876579285 0.47766241431236267 
vt 0.5781645178794861 0.47766241431236267 
vt 0.5971590876579285 0.4554266035556793 
vt 0.5781645178794861 0.4554266035556793 
vt 0.9151961803436279 0.4353245496749878 
vt 0.9151961803436279 0.4431856870651245 
vt 0.8968104124069214 0.4353245496749878 
vt 0.8968104124069214 0.4431856870651245 
vt 0.89510577917099 0.4353245496749878 
vt 0.89510577917099 0.4431856870651245 
vt 0.8909659385681152 0.43307849764823914 
vt 0.8823210000991821 0.438132107257843 
vt 0.8895047903060913 0.43139398097991943 
vt 0.8795204758644104 0.43139398097991943 
vt 0.8795204758644104 0.35210877656936646 
vt 0.8895047903060913 0.35210877656936646 
vt 0.8795204758644104 0.34492143988609314 
vt 0.9054553508758545 0.34492143988609314 
vt 0.8795204758644104 0.3373972177505493 
vt 0.9054553508758545 0.3373972177505493 
vt 0.8795204758644104 0.31617212295532227 
vt 0.9054553508758545 0.31617212295532227 
vt 0.8820774555206299 0.3051665425300598 
vt 0.9063076972961426 0.3051665425300598 
vt 0.9184836745262146 0.31617212295532227 
vt 0.9184836745262146 0.3373972177505493 
vt 0.9184836745262146 0.3051665425300598 
vt 0.9305379390716553 0.3051665425300598 
vt 0.9315119981765747 0.31617212295532227 
vt 0.954768180847168 0.3051665425300598 
vt 0.9574468731880188 0.31617212295532227 
vt 0.9581774473190308 0.3094339966773987 
vt 0.9608561992645264 0.3169582486152649 
vt 0.9315119981765747 0.3373972177505493 
vt 0.9574468731880188 0.3373972177505493 
vt 0.9315119981765747 0.34492143988609314 
vt 0.9608561992645264 0.33133289217948914 
vt 0.9831382632255554 0.715518057346344 
vt 0.9984800219535828 0.715518057346344 
vt 0.9831382632255554 0.7195609211921692 
vt 0.9984800219535828 0.7195609211921692 
vt 0.9831382632255554 0.7255129218101501 
vt 0.9984800219535828 0.7255129218101501 
vt 0.9984800219535828 0.7361816167831421 
vt 0.9831382632255554 0.7361816167831421 
vt 0.9831382632255554 0.7413474917411804 
vt 0.9984800219535828 0.7413474917411804 
vt 0.9984800219535828 0.746850311756134 
vt 0.9831382632255554 0.746850311756134 
vt 0.9984800219535828 0.752240777015686 
vt 0.9831382632255554 0.752240777015686 
vt 0.9984800219535828 0.8108624219894409 
vt 0.9831382632255554 0.8108624219894409 
vt 0.9831382632255554 0.8163652420043945 
vt 0.9984800219535828 0.8163652420043945 
vt 0.9831382632255554 0.8265846967697144 
vt 0.9984800219535828 0.8265846967697144 
vt 0.9839906096458435 0.827370822429657 
vt 0.9106910824775696 0.8914952874183655 
vt 0.9106910824775696 0.998294472694397 
vt 0.825337290763855 0.8914952874183655 
vt 0.825337290763855 0.998294472694397 
vt 0.8786681890487671 0.3094339966773987 
vt 0.8761112093925476 0.3169582486152649 
vt 0.8761112093925476 0.33133289217948914 
vt 0.9988452792167664 0.5901889801025391 
vt 0.9988452792167664 0.5946810841560364 
vt 0.9816771149635315 0.5901889801025391 
vt 0.9816771149635315 0.5946810841560364 
vt 0.9988452792167664 0.6011946201324463 
vt 0.9816771149635315 0.6011946201324463 
vt 0.9816771149635315 0.613210916519165 
vt 0.9988452792167664 0.613210916519165 
vt 0.9988452792167664 0.6189383268356323 
vt 0.9816771149635315 0.6189383268356323 
vt 0.9816771149635315 0.6252272129058838 
vt 0.9988452792167664 0.6252272129058838 
vt 0.9816771149635315 0.6311792135238647 
vt 0.9988452792167664 0.6311792135238647 
vt 0.9816771149635315 0.6967636346817017 
vt 0.9988452792167664 0.6967636346817017 
vt 0.9988452792167664 0.7028279304504395 
vt 0.9816771149635315 0.7028279304504395 
vt 0.9988452792167664 0.7141703963279724 
vt 0.9816771149635315 0.7141703963279724 
vt 0.9978712201118469 0.7151811122894287 
vt 0.9826512336730957 0.7151811122894287 
vt 0.03474961966276169 0.9714543223381042 
vt 0.047899700701236725 0.9692082405090332 
vt 0.047899700701236725 0.9758340716362 
vt 0.0547182597219944 0.9692082405090332 
vt 0.0547182597219944 0.9758340716362 
vt 0.0360889807343483 0.9628070592880249 
vt 0.0360889807343483 0.9440526366233826 
vt 0.038889460265636444 0.9628070592880249 
vt 0.047899700701236725 0.9788662195205688 
vt 0.0547182597219944 0.9788662195205688 
vt 0.05191778019070625 0.9808876514434814 
vt 0.0547182597219944 0.9808876514434814 
vt 0.955620527267456 0.5797449350357056 
vt 0.955620527267456 0.5721083879470825 
vt 0.9572033882141113 0.5797449350357056 
vt 0.9572033882141113 0.5721083879470825 
vt 0.96122145652771 0.5699746608734131 
vt 0.9693793654441833 0.5749159455299377 
vt 0.9625608325004578 0.5684024095535278 
vt 0.9721798896789551 0.5684024095535278 
vt 0.9625608325004578 0.492261677980423 
vt 0.9721798896789551 0.492261677980423 
vt 0.9721798896789551 0.48541125655174255 
vt 0.9472190737724304 0.48541125655174255 
vt 0.9472190737724304 0.4781116247177124 
vt 0.9721798896789551 0.4781116247177124 
vt 0.9472190737724304 0.4577849507331848 
vt 0.9721798896789551 0.4577849507331848 
vt 0.9696229100227356 0.44711625576019287 
vt 0.9729104042053223 0.4512714445590973 
vt 0.9754673838615417 0.4584587514400482 
vt 0.9754673838615417 0.4722719192504883 
vt 0.7634832262992859 0.7992953062057495 
vt 0.7634832262992859 0.8168144226074219 
vt 0.6991939544677734 0.7992953062057495 
vt 0.6991939544677734 0.8168144226074219 
vt 0.695906400680542 0.7992953062057495 
vt 0.695906400680542 0.8168144226074219 
vt 0.693836510181427 0.7992953062057495 
vt 0.693836510181427 0.8168144226074219 
vt 0.6921318769454956 0.7992953062057495 
vt 0.6921318769454956 0.8168144226074219 
vt 0.6905489563941956 0.7992953062057495 
vt 0.6905489563941956 0.8168144226074219 
vt 0.6888443231582642 0.8168144226074219 
vt 0.6888443231582642 0.8256862759590149 
vt 0.6849480271339417 0.8256862759590149 
vt 0.6849480271339417 0.8370288014411926 
vt 0.6792253255844116 0.8370288014411926 
vt 0.6849480271339417 0.8442161083221436 
vt 0.6792253255844116 0.8442161083221436 
vt 0.6849480271339417 0.8487082123756409 
vt 0.6792253255844116 0.8487082123756409 
vt 0.6849480271339417 0.868136465549469 
vt 0.6792253255844116 0.868136465549469 
vt 0.6849480271339417 0.8726285099983215 
vt 0.6792253255844116 0.8726285099983215 
vt 0.6849480271339417 0.8800404667854309 
vt 0.6792253255844116 0.8800404667854309 
vt 0.6849480271339417 0.8913829922676086 
vt 0.6792253255844116 0.8913829922676086 
vt 0.6849480271339417 0.9002548456192017 
vt 0.6792253255844116 0.9002548456192017 
vt 0.6849480271339417 0.9178862571716309 
vt 0.6792253255844116 0.9178862571716309 
vt 0.6888443231582642 0.8800404667854309 
vt 0.6888443231582642 0.8726285099983215 
vt 0.6888443231582642 0.868136465549469 
vt 0.6888443231582642 0.8487082123756409 
vt 0.6888443231582642 0.8442161083221436 
vt 0.6888443231582642 0.8370288014411926 
vt 0.6905489563941956 0.8256862759590149 
vt 0.6905489563941956 0.8370288014411926 
vt 0.6921318769454956 0.8256862759590149 
vt 0.693836510181427 0.8256862759590149 
vt 0.695906400680542 0.8256862759590149 
vt 0.693836510181427 0.8370288014411926 
vt 0.6921318769454956 0.8370288014411926 
vt 0.6921318769454956 0.8442161083221436 
vt 0.6905489563941956 0.8442161083221436 
vt 0.6921318769454956 0.8487082123756409 
vt 0.6905489563941956 0.8487082123756409 
vt 0.6921318769454956 0.868136465549469 
vt 0.6905489563941956 0.868136465549469 
vt 0.6921318769454956 0.8726285099983215 
vt 0.6905489563941956 0.8726285099983215 
vt 0.6921318769454956 0.8800404667854309 
vt 0.6905489563941956 0.8800404667854309 
vt 0.6905489563941956 0.8913829922676086 
vt 0.6888443231582642 0.8913829922676086 
vt 0.6767901182174683 0.919009268283844 
vt 0.6767901182174683 0.9300148487091064 
vt 0.6347829103469849 0.919009268283844 
vt 0.6347829103469849 0.9300148487091064 
vt 0.6327129602432251 0.919009268283844 
vt 0.6327129602432251 0.9300148487091064 
vt 0.62333744764328 0.919009268283844 
vt 0.62333744764328 0.9300148487091064 
vt 0.6211457848548889 0.919009268283844 
vt 0.6211457848548889 0.9300148487091064 
vt 0.6191976070404053 0.919009268283844 
vt 0.6191976070404053 0.9300148487091064 
vt 0.6185888051986694 0.920244574546814 
vt 0.6185888051986694 0.9300148487091064 
vt 0.6177365183830261 0.920244574546814 
vt 0.6177365183830261 0.9300148487091064 
vt 0.6171277165412903 0.9300148487091064 
vt 0.6177365183830261 0.9324855208396912 
vt 0.6171277165412903 0.9324855208396912 
vt 0.6177365183830261 0.9430419206619263 
vt 0.6171277165412903 0.9430419206619263 
vt 0.6177365183830261 0.945624828338623 
vt 0.6171277165412903 0.945624828338623 
vt 0.6177365183830261 0.9552828073501587 
vt 0.6171277165412903 0.9565181136131287 
vt 0.6727719902992249 0.9324855208396912 
vt 0.6347829103469849 0.9324855208396912 
vt 0.6327129602432251 0.9324855208396912 
vt 0.62333744764328 0.9324855208396912 
vt 0.6211457848548889 0.9324855208396912 
vt 0.6191976070404053 0.9324855208396912 
vt 0.6185888051986694 0.9324855208396912 
vt 0.6727719902992249 0.9430419206619263 
vt 0.6347829103469849 0.9430419206619263 
vt 0.6327129602432251 0.9430419206619263 
vt 0.62333744764328 0.9430419206619263 
vt 0.6211457848548889 0.9430419206619263 
vt 0.6191976070404053 0.9430419206619263 
vt 0.6185888051986694 0.9430419206619263 
vt 0.6347829103469849 0.945624828338623 
vt 0.6327129602432251 0.945624828338623 
vt 0.62333744764328 0.945624828338623 
vt 0.6211457848548889 0.945624828338623 
vt 0.6191976070404053 0.945624828338623 
vt 0.6185888051986694 0.945624828338623 
vt 0.6347829103469849 0.9565181136131287 
vt 0.6327129602432251 0.9565181136131287 
vt 0.62333744764328 0.9565181136131287 
vt 0.6211457848548889 0.9565181136131287 
vt 0.6191976070404053 0.9565181136131287 
vt 0.6185888051986694 0.9552828073501587 
vt 0.9574468731880188 0.34492143988609314 
vt 0.9474625587463379 0.35210877656936646 
vt 0.9574468731880188 0.35210877656936646 
vt 0.9474625587463379 0.43139398097991943 
vt 0.9574468731880188 0.43139398097991943 
vt 0.9545246362686157 0.438132107257843 
vt 0.9460014700889587 0.43307849764823914 
vt 0.9417398571968079 0.4431856870651245 
vt 0.9417398571968079 0.4353245496749878 
vt 0.9401569962501526 0.4431856870651245 
vt 0.9401569962501526 0.4353245496749878 
vt 0.9216494560241699 0.4431856870651245 
vt 0.9216494560241699 0.4353245496749878 
vt 0.6767901182174683 0.9565181136131287 
vt 0.6767901182174683 0.945624828338623 
vt 0.5770686864852905 0.9565181136131287 
vt 0.5770686864852905 0.945624828338623 
vt 0.6144489645957947 0.9565181136131287 
vt 0.6144489645957947 0.945624828338623 
vt 0.6160318851470947 0.9565181136131287 
vt 0.6160318851470947 0.945624828338623 
vt 0.5852265954017639 0.9430419206619263 
vt 0.6144489645957947 0.9430419206619263 
vt 0.6160318851470947 0.9430419206619263 
vt 0.5852265954017639 0.9324855208396912 
vt 0.6144489645957947 0.9324855208396912 
vt 0.6160318851470947 0.9324855208396912 
vt 0.6144489645957947 0.9300148487091064 
vt 0.6160318851470947 0.9300148487091064 
vt 0.6144489645957947 0.919009268283844 
vt 0.6160318851470947 0.919009268283844 
vt 0.6171277165412903 0.919009268283844 
vt 0.5770686864852905 0.919009268283844 
vt 0.5770686864852905 0.9300148487091064 
vt 0.9800942540168762 0.6472384333610535 
vt 0.9809466004371643 0.6480245590209961 
vt 0.9668224453926086 0.6472384333610535 
vt 0.9659700989723206 0.6480245590209961 
vt 0.9809466004371643 0.6515058875083923 
vt 0.9659700989723206 0.6515058875083923 
vt 0.9809466004371643 0.6530781388282776 
vt 0.9659700989723206 0.6530781388282776 
vt 0.9809466004371643 0.710239827632904 
vt 0.9659700989723206 0.710239827632904 
vt 0.9809466004371643 0.7228176593780518 
vt 0.9659700989723206 0.7228176593780518 
vt 0.9809466004371643 0.7283204793930054 
vt 0.9659700989723206 0.7283204793930054 
vt 0.9809466004371643 0.7376415133476257 
vt 0.9659700989723206 0.7376415133476257 
vt 0.9659700989723206 0.7469626069068909 
vt 0.9809466004371643 0.7469626069068909 
vt 0.9659700989723206 0.7523530721664429 
vt 0.9809466004371643 0.7523530721664429 
vt 0.9659700989723206 0.7650431990623474 
vt 0.9809466004371643 0.7650431990623474 
vt 0.9659700989723206 0.8222049474716187 
vt 0.9809466004371643 0.8222049474716187 
vt 0.9659700989723206 0.8237771391868591 
vt 0.9809466004371643 0.8237771391868591 
vt 0.9659700989723206 0.8272585272789001 
vt 0.9809466004371643 0.8272585272789001 
vt 0.9668224453926086 0.8280446529388428 
vt 0.9800942540168762 0.8280446529388428 
vt 0.6888443231582642 0.7992953062057495 
vt 0.6849480271339417 0.7992953062057495 
vt 0.6849480271339417 0.8168144226074219 
vt 0.6792253255844116 0.8256862759590149 
vt 0.6596219539642334 0.8370288014411926 
vt 0.6596219539642334 0.8442161083221436 
vt 0.6596219539642334 0.8487082123756409 
vt 0.6596219539642334 0.868136465549469 
vt 0.6596219539642334 0.8726285099983215 
vt 0.6596219539642334 0.8800404667854309 
vt 0.6596219539642334 0.8913829922676086 
vt 0.6537774801254272 0.8913829922676086 
vt 0.6537774801254272 0.9002548456192017 
vt 0.5762163400650024 0.9002548456192017 
vt 0.6537774801254272 0.9178862571716309 
vt 0.5762163400650024 0.9178862571716309 
vt 0.5762163400650024 0.8913829922676086 
vt 0.6537774801254272 0.8800404667854309 
vt 0.6537774801254272 0.8726285099983215 
vt 0.6537774801254272 0.868136465549469 
vt 0.6537774801254272 0.8487082123756409 
vt 0.6537774801254272 0.8442161083221436 
vt 0.6537774801254272 0.8370288014411926 
vt 0.6537774801254272 0.8256862759590149 
vt 0.6596219539642334 0.8256862759590149 
vt 0.6537774801254272 0.8168144226074219 
vt 0.6596219539642334 0.8168144226074219 
vt 0.6537774801254272 0.7992953062057495 
vt 0.6596219539642334 0.7992953062057495 
vt 0.5762163400650024 0.8800404667854309 
vt 0.5762163400650024 0.8726285099983215 
vt 0.5825478434562683 0.868136465549469 
vt 0.5826696157455444 0.8487082123756409 
vt 0.5762163400650024 0.8442161083221436 
vt 0.5762163400650024 0.8370288014411926 
vt 0.5762163400650024 0.8256862759590149 
vt 0.5762163400650024 0.8168144226074219 
vt 0.5762163400650024 0.7992953062057495 
vt 0.6596219539642334 0.9002548456192017 
vt 0.6596219539642334 0.9178862571716309 
vt 0.6792253255844116 0.8168144226074219 
vt 0.6792253255844116 0.7992953062057495 
vt 0.9463667273521423 0.44711625576019287 
vt 0.9347995519638062 0.4577849507331848 
vt 0.9347995519638062 0.44711625576019287 
vt 0.9231106042861938 0.44711625576019287 
vt 0.9347995519638062 0.4781116247177124 
vt 0.9222582578659058 0.4781116247177124 
vt 0.9222582578659058 0.4577849507331848 
vt 0.8998544216156006 0.44711625576019287 
vt 0.8972974419593811 0.4577849507331848 
vt 0.8965669274330139 0.4512714445590973 
vt 0.8941317200660706 0.4584587514400482 
vt 0.8972974419593811 0.4781116247177124 
vt 0.8972974419593811 0.48541125655174255 
vt 0.9222582578659058 0.48541125655174255 
vt 0.9069164991378784 0.492261677980423 
vt 0.8941317200660706 0.4722719192504883 
vt 0.9199448227882385 0.10560587793588638 
vt 0.9199448227882385 0.09123121947050095 
vt 0.9366259574890137 0.10560587793588638 
vt 0.9366259574890137 0.09123121947050095 
vt 0.9495325088500977 0.10560587793588638 
vt 0.9495325088500977 0.09123121947050095 
vt 0.9658483266830444 0.10560587793588638 
vt 0.9658483266830444 0.09123121947050095 
vt 0.9787548780441284 0.10560587793588638 
vt 0.9787548780441284 0.09123121947050095 
vt 0.9954360127449036 0.10560587793588638 
vt 0.9954360127449036 0.09123121947050095 
vt 0.9495325088500977 0.08370698988437653 
vt 0.9658483266830444 0.08370698988437653 
vt 0.9787548780441284 0.08370698988437653 
vt 0.9933661222457886 0.08134864270687103 
vt 0.9658483266830444 0.07876569777727127 
vt 0.9787548780441284 0.07876569777727127 
vt 0.9849646687507629 0.07876569777727127 
vt 0.9495325088500977 0.07876569777727127 
vt 0.9366259574890137 0.08370698988437653 
vt 0.9366259574890137 0.07876569777727127 
vt 0.9304161667823792 0.07876569777727127 
vt 0.9221364855766296 0.08134864270687103 
vt 0.8972974419593811 0.492261677980423 
vt 0.8972974419593811 0.5684024095535278 
vt 0.9069164991378784 0.5684024095535278 
vt 0.9000979661941528 0.5749159455299377 
vt 0.9083776473999023 0.5699746608734131 
vt 0.912395715713501 0.5797449350357056 
vt 0.912395715713501 0.5721083879470825 
vt 0.9139785766601562 0.5721083879470825 
vt 0.9139785766601562 0.5797449350357056 
vt 0.6991939544677734 0.8256862759590149 
vt 0.695906400680542 0.8370288014411926 
vt 0.6991939544677734 0.8370288014411926 
vt 0.6991939544677734 0.8442161083221436 
vt 0.7634832262992859 0.8442161083221436 
vt 0.7496025562286377 0.8487082123756409 
vt 0.7634832262992859 0.8256862759590149 
vt 0.7634832262992859 0.8370288014411926 
vt 0.6888443231582642 0.9178862571716309 
vt 0.6888443231582642 0.9002548456192017 
vt 0.6905489563941956 0.9178862571716309 
vt 0.6905489563941956 0.9002548456192017 
vt 0.6921318769454956 0.9178862571716309 
vt 0.6921318769454956 0.9002548456192017 
vt 0.693836510181427 0.9002548456192017 
vt 0.693836510181427 0.8913829922676086 
vt 0.695906400680542 0.8913829922676086 
vt 0.695906400680542 0.8800404667854309 
vt 0.6991939544677734 0.8913829922676086 
vt 0.6991939544677734 0.8800404667854309 
vt 0.7634832262992859 0.8800404667854309 
vt 0.6991939544677734 0.8726285099983215 
vt 0.7634832262992859 0.8726285099983215 
vt 0.7496025562286377 0.868136465549469 
vt 0.695906400680542 0.8726285099983215 
vt 0.693836510181427 0.8726285099983215 
vt 0.693836510181427 0.8800404667854309 
vt 0.6921318769454956 0.8913829922676086 
vt 0.693836510181427 0.868136465549469 
vt 0.693836510181427 0.8487082123756409 
vt 0.693836510181427 0.8442161083221436 
vt 0.695906400680542 0.868136465549469 
vt 0.6991939544677734 0.868136465549469 
vt 0.6991939544677734 0.8487082123756409 
vt 0.695906400680542 0.8487082123756409 
vt 0.695906400680542 0.8442161083221436 
vt 0.7634832262992859 0.8913829922676086 
vt 0.6991939544677734 0.9002548456192017 
vt 0.695906400680542 0.9002548456192017 
vt 0.695906400680542 0.9178862571716309 
vt 0.693836510181427 0.9178862571716309 
vt 0.6991939544677734 0.9178862571716309 
vt 0.7634832262992859 0.9178862571716309 
vt 0.7634832262992859 0.9002548456192017 
vt 0.8294771313667297 0.7170902490615845 
vt 0.8319123387336731 0.7232668995857239 
vt 0.8350781202316284 0.7160795331001282 
vt 0.8367827534675598 0.7201223969459534 
vt 0.8384873867034912 0.7152934074401855 
vt 0.8395832180976868 0.7182132601737976 
vt 0.847619354724884 0.721470057964325 
vt 0.8417748808860779 0.7203470468521118 
vt 0.8445754051208496 0.721470057964325 
vt 0.8399484753608704 0.7232668995857239 
vt 0.8439666032791138 0.7248390913009644 
vt 0.8427489995956421 0.7304542064666748 
vt 0.8493240475654602 0.7304542064666748 
vt 0.8350781202316284 0.7116997838020325 
vt 0.8384873867034912 0.7122612595558167 
vt 0.8366609811782837 0.7076569199562073 
vt 0.8395832180976868 0.7094537615776062 
vt 0.8397049903869629 0.7045124173164368 
vt 0.8417748808860779 0.707319974899292 
vt 0.8445754051208496 0.7061969637870789 
vt 0.8502981066703796 0.707319974899292 
vt 0.8535856008529663 0.7122612595558167 
vt 0.8524897694587708 0.7094537615776062 
vt 0.8552902340888977 0.7074322700500488 
vt 0.8521245121955872 0.7044001221656799 
vt 0.8601606488227844 0.7044001221656799 
vt 0.8554120063781738 0.6996834874153137 
vt 0.8625958561897278 0.7105767726898193 
vt 0.8569949269294739 0.7114751935005188 
vt 0.8625958561897278 0.7170902490615845 
vt 0.8569949269294739 0.7158549427986145 
vt 0.8601606488227844 0.7232668995857239 
vt 0.8554120063781738 0.7200101017951965 
vt 0.8554120063781738 0.7278712391853333 
vt 0.8523679971694946 0.723154604434967 
vt 0.848349928855896 0.7248390913009644 
vt 0.8504198789596558 0.7203470468521118 
vt 0.8524897694587708 0.7182132601737976 
vt 0.8535856008529663 0.7152934074401855 
vt 0.8366609811782837 0.7279835343360901 
vt 0.8294771313667297 0.7104644775390625 
vt 0.8319123387336731 0.7044001221656799 
vt 0.8366609811782837 0.6996834874153137 
vt 0.8437230587005615 0.7028279304504395 
vt 0.8427489995956421 0.697212815284729 
vt 0.8481064438819885 0.7028279304504395 
vt 0.8493240475654602 0.697212815284729 
vt 0.8474976420402527 0.7061969637870789 
vt 0.4371664226055145 0.22307376563549042 
vt 0.43643584847450256 0.2206031233072281 
vt 0.43521827459335327 0.22419679164886475 
vt 0.43327009677886963 0.22239996492862701 
vt 0.43156546354293823 0.22565671801567078 
vt 0.4327830672264099 0.22195075452327728 
vt 0.43083488941192627 0.2254321128129959 
vt 0.4301043450832367 0.22531980276107788 
vt 0.43083488941192627 0.2294749766588211 
vt 0.43022608757019043 0.22969958186149597 
vt 0.43253955245018005 0.2335178554058075 
vt 0.42937377095222473 0.22992418706417084 
vt 0.4319307506084442 0.23407936096191406 
vt 0.4283997118473053 0.23744842410087585 
vt 0.43473121523857117 0.24115438759326935 
vt 0.43156546354293823 0.22936268150806427 
vt 0.43302658200263977 0.23295634984970093 
vt 0.43643584847450256 0.23565159738063812 
vt 0.4361923336982727 0.23643770813941956 
vt 0.4410627484321594 0.23632541298866272 
vt 0.442158579826355 0.24115438759326935 
vt 0.44849011301994324 0.23744842410087585 
vt 0.4365576207637787 0.23497778177261353 
vt 0.44081923365592957 0.2355392873287201 
vt 0.4405756890773773 0.2348654866218567 
vt 0.44459378719329834 0.23329325020313263 
vt 0.44410672783851624 0.2328440397977829 
vt 0.4465419352054596 0.2294749766588211 
vt 0.44593313336372375 0.22936268150806427 
vt 0.44581139087677 0.22531980276107788 
vt 0.44508081674575806 0.22554440796375275 
vt 0.4438632130622864 0.22183844447135925 
vt 0.44325441122055054 0.22239996492862701 
vt 0.4402104318141937 0.21981701254844666 
vt 0.4400886595249176 0.2206031233072281 
vt 0.43935808539390564 0.22318607568740845 
vt 0.44642019271850586 0.22520750761032104 
vt 0.4473942518234253 0.22969958186149597 
vt 0.44508081674575806 0.2338547557592392 
vt 0.4521428942680359 0.23104721307754517 
vt 0.452264666557312 0.22352297604084015 
vt 0.44715073704719543 0.22498290240764618 
vt 0.4448373019695282 0.22071543335914612 
vt 0.4443502724170685 0.22138923406600952 
vt 0.4404539465904236 0.21914319694042206 
vt 0.43607059121131897 0.2192555069923401 
vt 0.4361923336982727 0.2199293076992035 
vt 0.4322960078716278 0.22150154411792755 
vt 0.44800305366516113 0.21745866537094116 
vt 0.4405756890773773 0.21835708618164062 
vt 0.4358270466327667 0.21846938133239746 
vt 0.44203680753707886 0.2138650119304657 
vt 0.43473121523857117 0.21375270187854767 
vt 0.4283997118473053 0.21734637022018433 
vt 0.43168720602989197 0.22082772850990295 
vt 0.42462512850761414 0.22363528609275818 
vt 0.42937377095222473 0.2250952124595642 
vt 0.42462512850761414 0.23104721307754517 
vt 0.4341224133968353 0.22621822357177734 
vt 0.43424418568611145 0.2284642606973648 
vt 0.435340017080307 0.2304857075214386 
vt 0.4335136115550995 0.2325071394443512 
vt 0.4366793930530548 0.23430396616458893 
vt 0.4404539465904236 0.2341916710138321 
vt 0.4434979259967804 0.23228253424167633 
vt 0.4452025890350342 0.2291380763053894 
vt 0.44154977798461914 0.2304857075214386 
vt 0.4426456093788147 0.22857657074928284 
vt 0.4426456093788147 0.22633053362369537 
vt 0.4413062632083893 0.2244213968515396 
vt 0.4396016299724579 0.23160871863365173 
vt 0.43728819489479065 0.23160871863365173 
vt 0.708812952041626 0.9602240920066833 
vt 0.7052819132804871 0.9551705121994019 
vt 0.7063778042793274 0.9543843865394592 
vt 0.7011420726776123 0.9510153532028198 
vt 0.7018726468086243 0.9498923420906067 
vt 0.6957846879959106 0.9487692713737488 
vt 0.6960281729698181 0.947421669960022 
vt 0.6899401545524597 0.9487692713737488 
vt 0.6896966695785522 0.947421669960022 
vt 0.6845827102661133 0.9510153532028198 
vt 0.6838521957397461 0.9498923420906067 
vt 0.6805646419525146 0.955058217048645 
vt 0.679347038269043 0.9543843865394592 
vt 0.6782512068748474 0.960448682308197 
vt 0.6769118309020996 0.9602240920066833 
vt 0.6782512068748474 0.9662883877754211 
vt 0.6769118309020996 0.9665130376815796 
vt 0.6804429292678833 0.9716789126396179 
vt 0.679347038269043 0.9724650382995605 
vt 0.6845827102661133 0.9757217764854431 
vt 0.6838521957397461 0.9769570827484131 
vt 0.6899401545524597 0.9779677987098694 
vt 0.6896966695785522 0.979315459728241 
vt 0.6957846879959106 0.9779677987098694 
vt 0.6960281729698181 0.979315459728241 
vt 0.7011420726776123 0.9757217764854431 
vt 0.7018726468086243 0.9769570827484131 
vt 0.7052819132804871 0.9716789126396179 
vt 0.7063778042793274 0.9724650382995605 
vt 0.707473635673523 0.9662883877754211 
vt 0.708812952041626 0.9665130376815796 
vt 0.707473635673523 0.9605609774589539 
vt 0.6952975988388062 0.9756094813346863 
vt 0.6904272437095642 0.9756094813346863 
vt 0.6859220862388611 0.9737003445625305 
vt 0.6825128197669983 0.9703312516212463 
vt 0.6806864142417908 0.965726912021637 
vt 0.6806864142417908 0.9608979225158691 
vt 0.7050384283065796 0.9658392071723938 
vt 0.7032120227813721 0.9703312516212463 
vt 0.6998027563095093 0.9738126397132874 
vt 0.6825128197669983 0.9564058184623718 
vt 0.6860438585281372 0.9530367851257324 
vt 0.6904272437095642 0.9511276483535767 
vt 0.6952975988388062 0.9511276483535767 
vt 0.7032120227813721 0.9565181136131287 
vt 0.7050384283065796 0.961010217666626 
vt 0.6998027563095093 0.9530367851257324 
vt 0.921771228313446 0.6435324549674988 
vt 0.9184836745262146 0.6402757167816162 
vt 0.9212841987609863 0.636232852935791 
vt 0.9143438339233398 0.6385911703109741 
vt 0.915317952632904 0.6337621808052063 
vt 0.9098387360572815 0.6385911703109741 
vt 0.9088646769523621 0.6338744759559631 
vt 0.9056988954544067 0.640388011932373 
vt 0.9028984308242798 0.6363451480865479 
vt 0.9025331139564514 0.6435324549674988 
vt 0.8983932733535767 0.6408371925354004 
vt 0.8959581255912781 0.6467891931533813 
vt 0.8979062438011169 0.6405003070831299 
vt 0.8953493237495422 0.6466768980026245 
vt 0.8925487995147705 0.6462277173995972 
vt 0.8925487995147705 0.653976559638977 
vt 0.8834168314933777 0.6556610465049744 
vt 0.8878001570701599 0.6662174463272095 
vt 0.9025331139564514 0.6357836127281189 
vt 0.9087429046630859 0.6332006454467773 
vt 0.9154397249221802 0.6332006454467773 
vt 0.9216494560241699 0.6356713175773621 
vt 0.9262763261795044 0.640388011932373 
vt 0.9257892966270447 0.6407248973846436 
vt 0.928224503993988 0.6466768980026245 
vt 0.9234758615493774 0.6476876139640808 
vt 0.9283462762832642 0.6530781388282776 
vt 0.9234758615493774 0.6521797180175781 
vt 0.9259110689163208 0.6590301394462585 
vt 0.921771228313446 0.6563348770141602 
vt 0.9214059114456177 0.6636345386505127 
vt 0.9186054468154907 0.6595916152000427 
vt 0.9154397249221802 0.6661051511764526 
vt 0.914465606212616 0.6612761616706848 
vt 0.9099605083465576 0.6612761616706848 
vt 0.8954710364341736 0.6389280557632446 
vt 0.9009502530097961 0.6334252953529358 
vt 0.8878001570701599 0.6336498856544495 
vt 0.895836353302002 0.6255641579627991 
vt 0.8834168314933777 0.6442062854766846 
vt 0.90082848072052 0.6477999091148376 
vt 0.90082848072052 0.652292013168335 
vt 0.8959581255912781 0.6533027291297913 
vt 0.8985150456428528 0.6591424345970154 
vt 0.8979062438011169 0.6595916152000427 
vt 0.9030202031135559 0.6637468338012695 
vt 0.9026548862457275 0.6641960144042969 
vt 0.9089864492416382 0.6661051511764526 
vt 0.9088646769523621 0.6667789816856384 
vt 0.9155614376068115 0.6667789816856384 
vt 0.9161702394485474 0.6695865392684937 
vt 0.921771228313446 0.6641960144042969 
vt 0.9233540892601013 0.6665543913841248 
vt 0.9288333058357239 0.6609392762184143 
vt 0.9365041851997375 0.6662174463272095 
vt 0.9408875107765198 0.6556610465049744 
vt 0.8953493237495422 0.6534150242805481 
vt 0.8955928087234497 0.661163866519928 
vt 0.9011937975883484 0.6666666865348816 
vt 0.895836353302002 0.6743032336235046 
vt 0.9064294695854187 0.6786829829216003 
vt 0.9083776473999023 0.6695865392684937 
vt 0.9178748726844788 0.6786829829216003 
vt 0.9284680485725403 0.6743032336235046 
vt 0.9025331139564514 0.656447172164917 
vt 0.9056988954544067 0.6595916152000427 
vt 0.9263980984687805 0.659367024898529 
vt 0.928955078125 0.6531904339790344 
vt 0.928955078125 0.6465646028518677 
vt 0.931755542755127 0.6537519693374634 
vt 0.931755542755127 0.6458907723426819 
vt 0.9408875107765198 0.6442062854766846 
vt 0.9365041851997375 0.6336498856544495 
vt 0.9287115335464478 0.638703465461731 
vt 0.9231106042861938 0.633313000202179 
vt 0.9284680485725403 0.6255641579627991 
vt 0.9178748726844788 0.6211843490600586 
vt 0.9159267544746399 0.6302807927131653 
vt 0.9081341028213501 0.6303931474685669 
vt 0.9064294695854187 0.6211843490600586 
vt 0.8294771313667297 0.7104644775390625 
vt 0.8350781202316284 0.7116997838020325 
vt 0.8294771313667297 0.7170902490615845 
vt 0.8350781202316284 0.7160795331001282 
vt 0.8319123387336731 0.7232668995857239 
vt 0.8367827534675598 0.7201223969459534 
vt 0.8366609811782837 0.7279835343360901 
vt 0.8399484753608704 0.7232668995857239 
vt 0.8427489995956421 0.7304542064666748 
vt 0.8439666032791138 0.7248390913009644 
vt 0.8493240475654602 0.7304542064666748 
vt 0.848349928855896 0.7248390913009644 
vt 0.8554120063781738 0.7278712391853333 
vt 0.8523679971694946 0.723154604434967 
vt 0.8554120063781738 0.7200101017951965 
vt 0.8524897694587708 0.7182132601737976 
vt 0.8569949269294739 0.7158549427986145 
vt 0.8535856008529663 0.7152934074401855 
vt 0.8535856008529663 0.7122612595558167 
vt 0.8502981066703796 0.707319974899292 
vt 0.8524897694587708 0.7094537615776062 
vt 0.8521245121955872 0.7044001221656799 
vt 0.8552902340888977 0.7074322700500488 
vt 0.8601606488227844 0.7044001221656799 
vt 0.8625958561897278 0.7105767726898193 
vt 0.8504198789596558 0.7203470468521118 
vt 0.847619354724884 0.721470057964325 
vt 0.8445754051208496 0.721470057964325 
vt 0.8417748808860779 0.7203470468521118 
vt 0.8395832180976868 0.7182132601737976 
vt 0.8384873867034912 0.7152934074401855 
vt 0.8384873867034912 0.7122612595558167 
vt 0.8395832180976868 0.7094537615776062 
vt 0.8366609811782837 0.7076569199562073 
vt 0.8397049903869629 0.7045124173164368 
vt 0.8319123387336731 0.7044001221656799 
vt 0.8366609811782837 0.6996834874153137 
vt 0.8474976420402527 0.7061969637870789 
vt 0.8445754051208496 0.7061969637870789 
vt 0.8481064438819885 0.7028279304504395 
vt 0.8437230587005615 0.7028279304504395 
vt 0.8427489995956421 0.697212815284729 
vt 0.8417748808860779 0.707319974899292 
vt 0.8554120063781738 0.6996834874153137 
vt 0.8493240475654602 0.697212815284729 
vt 0.8601606488227844 0.7232668995857239 
vt 0.8625958561897278 0.7170902490615845 
vt 0.8569949269294739 0.7114751935005188 
vt 0.43473121523857117 0.24115438759326935 
vt 0.4283997118473053 0.23744842410087585 
vt 0.4319307506084442 0.23407936096191406 
vt 0.42937377095222473 0.22992418706417084 
vt 0.43253955245018005 0.2335178554058075 
vt 0.43022608757019043 0.22969958186149597 
vt 0.43083488941192627 0.2294749766588211 
vt 0.4301043450832367 0.22531980276107788 
vt 0.43083488941192627 0.2254321128129959 
vt 0.4327830672264099 0.22195075452327728 
vt 0.43327009677886963 0.22239996492862701 
vt 0.4361923336982727 0.2199293076992035 
vt 0.43643584847450256 0.2206031233072281 
vt 0.4402104318141937 0.21981701254844666 
vt 0.4400886595249176 0.2206031233072281 
vt 0.44325441122055054 0.22239996492862701 
vt 0.4413062632083893 0.2244213968515396 
vt 0.4426456093788147 0.22633053362369537 
vt 0.43521827459335327 0.22419679164886475 
vt 0.43156546354293823 0.22565671801567078 
vt 0.43156546354293823 0.22936268150806427 
vt 0.43302658200263977 0.23295634984970093 
vt 0.43643584847450256 0.23565159738063812 
vt 0.4361923336982727 0.23643770813941956 
vt 0.4410627484321594 0.23632541298866272 
vt 0.442158579826355 0.24115438759326935 
vt 0.44849011301994324 0.23744842410087585 
vt 0.44081923365592957 0.2355392873287201 
vt 0.4365576207637787 0.23497778177261353 
vt 0.4335136115550995 0.2325071394443512 
vt 0.435340017080307 0.2304857075214386 
vt 0.43424418568611145 0.2284642606973648 
vt 0.4405756890773773 0.2348654866218567 
vt 0.44459378719329834 0.23329325020313263 
vt 0.44508081674575806 0.2338547557592392 
vt 0.4521428942680359 0.23104721307754517 
vt 0.4473942518234253 0.22969958186149597 
vt 0.4465419352054596 0.2294749766588211 
vt 0.44410672783851624 0.2328440397977829 
vt 0.44593313336372375 0.22936268150806427 
vt 0.4452025890350342 0.2291380763053894 
vt 0.44508081674575806 0.22554440796375275 
vt 0.4434979259967804 0.23228253424167633 
vt 0.4404539465904236 0.2341916710138321 
vt 0.4366793930530548 0.23430396616458893 
vt 0.43728819489479065 0.23160871863365173 
vt 0.4396016299724579 0.23160871863365173 
vt 0.44154977798461914 0.2304857075214386 
vt 0.4426456093788147 0.22857657074928284 
vt 0.4341224133968353 0.22621822357177734 
vt 0.42462512850761414 0.23104721307754517 
vt 0.42937377095222473 0.2250952124595642 
vt 0.42462512850761414 0.22363528609275818 
vt 0.43168720602989197 0.22082772850990295 
vt 0.4322960078716278 0.22150154411792755 
vt 0.43607059121131897 0.2192555069923401 
vt 0.4283997118473053 0.21734637022018433 
vt 0.4358270466327667 0.21846938133239746 
vt 0.4404539465904236 0.21914319694042206 
vt 0.4443502724170685 0.22138923406600952 
vt 0.4438632130622864 0.22183844447135925 
vt 0.44642019271850586 0.22520750761032104 
vt 0.44581139087677 0.22531980276107788 
vt 0.43473121523857117 0.21375270187854767 
vt 0.4405756890773773 0.21835708618164062 
vt 0.4448373019695282 0.22071543335914612 
vt 0.44715073704719543 0.22498290240764618 
vt 0.44203680753707886 0.2138650119304657 
vt 0.44800305366516113 0.21745866537094116 
vt 0.452264666557312 0.22352297604084015 
vt 0.43935808539390564 0.22318607568740845 
vt 0.4371664226055145 0.22307376563549042 
vt 0.4426456093788147 0.22857657074928284 
vt 0.4426456093788147 0.22633053362369537 
vt 0.4452025890350342 0.2291380763053894 
vt 0.44508081674575806 0.22554440796375275 
vt 0.44593313336372375 0.22936268150806427 
vt 0.44581139087677 0.22531980276107788 
vt 0.4465419352054596 0.2294749766588211 
vt 0.44642019271850586 0.22520750761032104 
vt 0.44715073704719543 0.22498290240764618 
vt 0.4443502724170685 0.22138923406600952 
vt 0.4448373019695282 0.22071543335914612 
vt 0.4405756890773773 0.21835708618164062 
vt 0.44203680753707886 0.2138650119304657 
vt 0.43473121523857117 0.21375270187854767 
vt 0.4438632130622864 0.22183844447135925 
vt 0.44325441122055054 0.22239996492862701 
vt 0.4400886595249176 0.2206031233072281 
vt 0.4402104318141937 0.21981701254844666 
vt 0.4404539465904236 0.21914319694042206 
vt 0.43607059121131897 0.2192555069923401 
vt 0.4358270466327667 0.21846938133239746 
vt 0.4283997118473053 0.21734637022018433 
vt 0.43935808539390564 0.22318607568740845 
vt 0.43643584847450256 0.2206031233072281 
vt 0.4361923336982727 0.2199293076992035 
vt 0.4322960078716278 0.22150154411792755 
vt 0.43168720602989197 0.22082772850990295 
vt 0.42462512850761414 0.22363528609275818 
vt 0.43327009677886963 0.22239996492862701 
vt 0.4327830672264099 0.22195075452327728 
vt 0.4301043450832367 0.22531980276107788 
vt 0.42937377095222473 0.2250952124595642 
vt 0.42462512850761414 0.23104721307754517 
vt 0.42937377095222473 0.22992418706417084 
vt 0.43022608757019043 0.22969958186149597 
vt 0.43083488941192627 0.2294749766588211 
vt 0.43253955245018005 0.2335178554058075 
vt 0.43302658200263977 0.23295634984970093 
vt 0.43643584847450256 0.23565159738063812 
vt 0.4365576207637787 0.23497778177261353 
vt 0.44081923365592957 0.2355392873287201 
vt 0.4405756890773773 0.2348654866218567 
vt 0.44459378719329834 0.23329325020313263 
vt 0.44410672783851624 0.2328440397977829 
vt 0.4319307506084442 0.23407936096191406 
vt 0.4361923336982727 0.23643770813941956 
vt 0.4410627484321594 0.23632541298866272 
vt 0.44508081674575806 0.2338547557592392 
vt 0.4473942518234253 0.22969958186149597 
vt 0.4521428942680359 0.23104721307754517 
vt 0.452264666557312 0.22352297604084015 
vt 0.44849011301994324 0.23744842410087585 
vt 0.442158579826355 0.24115438759326935 
vt 0.43473121523857117 0.24115438759326935 
vt 0.4283997118473053 0.23744842410087585 
vt 0.4371664226055145 0.22307376563549042 
vt 0.43521827459335327 0.22419679164886475 
vt 0.4341224133968353 0.22621822357177734 
vt 0.43156546354293823 0.22565671801567078 
vt 0.43156546354293823 0.22936268150806427 
vt 0.43083488941192627 0.2254321128129959 
vt 0.43424418568611145 0.2284642606973648 
vt 0.435340017080307 0.2304857075214386 
vt 0.4335136115550995 0.2325071394443512 
vt 0.43728819489479065 0.23160871863365173 
vt 0.4366793930530548 0.23430396616458893 
vt 0.4404539465904236 0.2341916710138321 
vt 0.44800305366516113 0.21745866537094116 
vt 0.4413062632083893 0.2244213968515396 
vt 0.4396016299724579 0.23160871863365173 
vt 0.44154977798461914 0.2304857075214386 
vt 0.4434979259967804 0.23228253424167633 
vt 0.44154977798461914 0.2304857075214386 
vt 0.4396016299724579 0.23160871863365173 
vt 0.4404539465904236 0.2341916710138321 
vt 0.43728819489479065 0.23160871863365173 
vt 0.4366793930530548 0.23430396616458893 
vt 0.4335136115550995 0.2325071394443512 
vt 0.4365576207637787 0.23497778177261353 
vt 0.43302658200263977 0.23295634984970093 
vt 0.43643584847450256 0.23565159738063812 
vt 0.43253955245018005 0.2335178554058075 
vt 0.4361923336982727 0.23643770813941956 
vt 0.4319307506084442 0.23407936096191406 
vt 0.4283997118473053 0.23744842410087585 
vt 0.42937377095222473 0.22992418706417084 
vt 0.42462512850761414 0.23104721307754517 
vt 0.42937377095222473 0.2250952124595642 
vt 0.42462512850761414 0.22363528609275818 
vt 0.43168720602989197 0.22082772850990295 
vt 0.4283997118473053 0.21734637022018433 
vt 0.4358270466327667 0.21846938133239746 
vt 0.43473121523857117 0.21375270187854767 
vt 0.4405756890773773 0.21835708618164062 
vt 0.44203680753707886 0.2138650119304657 
vt 0.4448373019695282 0.22071543335914612 
vt 0.44800305366516113 0.21745866537094116 
vt 0.452264666557312 0.22352297604084015 
vt 0.435340017080307 0.2304857075214386 
vt 0.43156546354293823 0.22936268150806427 
vt 0.43083488941192627 0.2294749766588211 
vt 0.43022608757019043 0.22969958186149597 
vt 0.43083488941192627 0.2254321128129959 
vt 0.4301043450832367 0.22531980276107788 
vt 0.43156546354293823 0.22565671801567078 
vt 0.4327830672264099 0.22195075452327728 
vt 0.4322960078716278 0.22150154411792755 
vt 0.43607059121131897 0.2192555069923401 
vt 0.4404539465904236 0.21914319694042206 
vt 0.4443502724170685 0.22138923406600952 
vt 0.44642019271850586 0.22520750761032104 
vt 0.4438632130622864 0.22183844447135925 
vt 0.44581139087677 0.22531980276107788 
vt 0.44325441122055054 0.22239996492862701 
vt 0.44508081674575806 0.22554440796375275 
vt 0.4426456093788147 0.22633053362369537 
vt 0.4452025890350342 0.2291380763053894 
vt 0.4426456093788147 0.22857657074928284 
vt 0.4434979259967804 0.23228253424167633 
vt 0.4465419352054596 0.2294749766588211 
vt 0.44593313336372375 0.22936268150806427 
vt 0.44410672783851624 0.2328440397977829 
vt 0.4405756890773773 0.2348654866218567 
vt 0.4402104318141937 0.21981701254844666 
vt 0.4400886595249176 0.2206031233072281 
vt 0.43643584847450256 0.2206031233072281 
vt 0.43935808539390564 0.22318607568740845 
vt 0.4371664226055145 0.22307376563549042 
vt 0.4361923336982727 0.2199293076992035 
vt 0.43327009677886963 0.22239996492862701 
vt 0.43521827459335327 0.22419679164886475 
vt 0.4341224133968353 0.22621822357177734 
vt 0.43424418568611145 0.2284642606973648 
vt 0.43473121523857117 0.24115438759326935 
vt 0.442158579826355 0.24115438759326935 
vt 0.4410627484321594 0.23632541298866272 
vt 0.44849011301994324 0.23744842410087585 
vt 0.44508081674575806 0.2338547557592392 
vt 0.4521428942680359 0.23104721307754517 
vt 0.4473942518234253 0.22969958186149597 
vt 0.44715073704719543 0.22498290240764618 
vt 0.44459378719329834 0.23329325020313263 
vt 0.44081923365592957 0.2355392873287201 
vt 0.4413062632083893 0.2244213968515396 
vt 0.038889460265636444 0.9440526366233826 
vt 0.9976276755332947 0.827370822429657 
s on 
f 1/1/1 2/2/2 3/3/3 
f 2/2/2 4/4/4 3/3/3 
f 3/3/3 4/4/4 5/5/5 
f 4/4/4 6/6/6 5/5/5 
f 5/5/5 6/6/6 7/7/7 
f 6/6/6 8/8/8 7/7/7 
f 7/7/7 8/8/8 9/9/9 
f 8/8/8 10/10/10 9/9/9 
f 9/9/9 10/10/10 11/11/11 
f 10/10/10 12/12/12 11/11/11 
f 11/11/11 12/12/12 12/12/12 
f 12/12/12 4/4/4 12/12/12 
f 12/12/12 4/4/4 4/4/4 
f 4/4/4 13/13/13 4/4/4 
f 4/4/4 13/13/13 6/6/6 
f 13/13/13 14/14/14 6/6/6 
f 6/6/6 14/14/14 8/8/8 
f 14/14/14 15/15/15 8/8/8 
f 8/8/8 15/15/15 10/10/10 
f 15/15/15 16/16/16 10/10/10 
f 10/10/10 16/16/16 12/12/12 
f 16/16/16 12/12/12 12/12/12 
f 12/12/12 12/12/12 13/13/13 
f 12/12/12 13/13/13 13/13/13 
f 13/13/13 13/13/13 13/13/13 
f 13/13/13 17/17/17 13/13/13 
f 13/13/13 17/17/17 14/14/14 
f 17/17/17 18/18/18 14/14/14 
f 14/14/14 18/18/18 15/15/15 
f 18/18/18 19/19/19 15/15/15 
f 15/15/15 19/19/19 16/16/16 
f 19/19/19 16/16/16 16/16/16 
f 16/16/16 16/16/16 17/17/17 
f 16/16/16 17/17/17 17/17/17 
f 17/17/17 17/17/17 17/17/17 
f 17/17/17 13/13/13 17/17/17 
f 17/17/17 13/13/13 20/20/20 
f 13/13/13 21/21/21 20/20/20 
f 20/20/20 21/21/21 22/22/22 
f 21/21/21 23/23/23 22/22/22 
f 22/22/22 23/23/23 23/23/23 
f 23/23/23 21/21/21 23/23/23 
f 23/23/23 21/21/21 24/24/24 
f 21/21/21 4/4/4 24/24/24 
f 24/24/24 4/4/4 2/2/2 
f 4/4/4 2/2/2 2/2/2 
f 2/2/2 2/2/2 25/25/25 
f 2/2/2 25/25/25 25/25/25 
f 25/25/25 25/25/25 25/25/25 
f 25/25/25 26/26/26 25/25/25 
f 25/25/25 26/26/26 27/27/27 
f 26/26/26 28/28/28 27/27/27 
f 27/27/27 28/28/28 29/29/29 
f 28/28/28 30/30/30 29/29/29 
f 29/29/29 30/30/30 31/31/31 
f 30/30/30 32/32/32 31/31/31 
f 31/31/31 32/32/32 33/33/33 
f 32/32/32 34/34/34 33/33/33 
f 33/33/33 34/34/34 35/35/35 
f 34/34/34 36/36/36 35/35/35 
f 35/35/35 36/36/36 36/36/36 
f 36/36/36 30/30/30 36/36/36 
f 36/36/36 30/30/30 30/30/30 
f 30/30/30 37/37/37 30/30/30 
f 30/30/30 37/37/37 32/32/32 
f 37/37/37 38/38/38 32/32/32 
f 32/32/32 38/38/38 34/34/34 
f 38/38/38 39/39/39 34/34/34 
f 34/34/34 39/39/39 36/36/36 
f 39/39/39 40/40/40 36/36/36 
f 36/36/36 40/40/40 40/40/40 
f 40/40/40 30/30/30 40/40/40 
f 40/40/40 30/30/30 30/30/30 
f 30/30/30 28/28/28 30/30/30 
f 30/30/30 28/28/28 37/37/37 
f 28/28/28 41/41/41 37/37/37 
f 37/37/37 41/41/41 42/42/42 
f 41/41/41 43/43/43 42/42/42 
f 42/42/42 43/43/43 43/43/43 
f 43/43/43 28/28/28 43/43/43 
f 43/43/43 28/28/28 28/28/28 
f 28/28/28 26/26/26 28/28/28 
f 28/28/28 26/26/26 41/41/41 
f 26/26/26 44/44/44 41/41/41 
f 41/41/41 44/44/44 43/43/43 
f 44/44/44 45/45/45 43/43/43 
f 43/43/43 45/45/45 46/46/46 
f 45/45/45 47/47/47 46/46/46 
f 46/46/46 47/47/47 48/48/48 
f 47/47/47 49/49/49 48/48/48 
f 48/48/48 49/49/49 49/49/49 
f 49/49/49 50/50/50 49/49/49 
f 49/49/49 50/50/50 50/50/50 
f 50/50/50 51/51/51 50/50/50 
f 50/50/50 51/51/51 52/52/52 
f 51/51/51 53/53/53 52/52/52 
f 52/52/52 53/53/53 53/53/53 
f 53/53/53 51/51/51 53/53/53 
f 53/53/53 51/51/51 54/54/54 
f 51/51/51 55/55/55 54/54/54 
f 54/54/54 55/55/55 39/39/39 
f 55/55/55 40/40/40 39/39/39 
f 39/39/39 40/40/40 40/40/40 
f 40/40/40 54/54/54 40/40/40 
f 40/40/40 54/54/54 54/54/54 
f 54/54/54 39/39/39 54/54/54 
f 54/54/54 39/39/39 56/56/56 
f 39/39/39 38/38/38 56/56/56 
f 56/56/56 38/38/38 37/37/37 
f 38/38/38 37/37/37 37/37/37 
f 37/37/37 37/37/37 57/57/57 
f 37/37/37 57/57/57 57/57/57 
f 57/57/57 57/57/57 57/57/57 
f 57/57/57 58/58/58 57/57/57 
f 57/57/57 58/58/58 59/59/59 
f 58/58/58 60/60/60 59/59/59 
f 59/59/59 60/60/60 60/60/60 
f 60/60/60 58/58/58 60/60/60 
f 60/60/60 58/58/58 61/61/61 
f 58/58/58 62/62/62 61/61/61 
f 61/61/61 62/62/62 63/63/63 
f 62/62/62 64/64/64 63/63/63 
f 63/63/63 64/64/64 65/65/65 
f 64/64/64 65/65/65 65/65/65 
f 65/65/65 65/65/65 63/63/63 
f 65/65/65 63/63/63 63/63/63 
f 63/63/63 63/63/63 63/63/63 
f 63/63/63 65/65/65 63/63/63 
f 63/63/63 65/65/65 66/66/66 
f 65/65/65 67/67/67 66/66/66 
f 66/66/66 67/67/67 68/68/68 
f 67/67/67 69/69/69 68/68/68 
f 68/68/68 69/69/69 70/70/70 
f 69/69/69 71/71/71 70/70/70 
f 70/70/70 71/71/71 71/71/71 
f 71/71/71 69/69/69 71/71/71 
f 71/71/71 69/69/69 69/69/69 
f 69/69/69 72/72/72 69/69/69 
f 69/69/69 72/72/72 71/71/71 
f 72/72/72 73/73/73 71/71/71 
f 71/71/71 73/73/73 73/73/73 
f 73/73/73 72/72/72 73/73/73 
f 73/73/73 72/72/72 72/72/72 
f 72/72/72 74/74/74 72/72/72 
f 72/72/72 74/74/74 73/73/73 
f 74/74/74 75/75/75 73/73/73 
f 73/73/73 75/75/75 76/76/76 
f 75/75/75 76/76/76 76/76/76 
f 76/76/76 76/76/76 77/77/77 
f 76/76/76 77/77/77 77/77/77 
f 77/77/77 77/77/77 77/77/77 
f 77/77/77 78/78/78 77/77/77 
f 77/77/77 78/78/78 79/79/79 
f 78/78/78 80/80/80 79/79/79 
f 79/79/79 80/80/80 80/80/80 
f 80/80/80 78/78/78 80/80/80 
f 80/80/80 78/78/78 81/81/81 
f 78/78/78 82/82/82 81/81/81 
f 81/81/81 82/82/82 83/83/83 
f 82/82/82 84/84/84 83/83/83 
f 83/83/83 84/84/84 85/85/85 
f 84/84/84 85/85/85 85/85/85 
f 85/85/85 85/85/85 81/81/81 
f 85/85/85 81/81/81 81/81/81 
f 81/81/81 81/81/81 81/81/81 
f 81/81/81 83/83/83 81/81/81 
f 81/81/81 83/83/83 86/86/86 
f 83/83/83 87/87/87 86/86/86 
f 86/86/86 87/87/87 88/88/88 
f 87/87/87 89/89/89 88/88/88 
f 88/88/88 89/89/89 90/90/90 
f 89/89/89 91/91/91 90/90/90 
f 90/90/90 91/91/91 92/92/92 
f 91/91/91 92/92/92 92/92/92 
f 92/92/92 92/92/92 89/89/89 
f 92/92/92 89/89/89 89/89/89 
f 89/89/89 89/89/89 89/89/89 
f 89/89/89 87/87/87 89/89/89 
f 89/89/89 87/87/87 93/93/93 
f 87/87/87 83/83/83 93/93/93 
f 93/93/93 83/83/83 85/85/85 
f 83/83/83 85/85/85 85/85/85 
f 85/85/85 85/85/85 85/85/85 
f 85/85/85 94/94/94 85/85/85 
f 85/85/85 94/94/94 93/93/93 
f 94/94/94 95/95/95 93/93/93 
f 93/93/93 95/95/95 89/89/89 
f 95/95/95 91/91/91 89/89/89 
f 89/89/89 91/91/91 91/91/91 
f 91/91/91 96/96/96 91/91/91 
f 91/91/91 96/96/96 96/96/96 
f 96/96/96 97/97/97 96/96/96 
f 96/96/96 97/97/97 98/98/98 
f 97/97/97 99/99/99 98/98/98 
f 98/98/98 99/99/99 99/99/99 
f 99/99/99 100/100/100 99/99/99 
f 99/99/99 100/100/100 100/100/100 
f 100/100/100 101/101/101 100/100/100 
f 100/100/100 101/101/101 102/102/102 
f 101/101/101 103/103/103 102/102/102 
f 102/102/102 103/103/103 103/103/103 
f 103/103/103 101/101/101 103/103/103 
f 103/103/103 101/101/101 101/101/101 
f 101/101/101 104/104/104 101/101/101 
f 101/101/101 104/104/104 103/103/103 
f 104/104/104 105/105/105 103/103/103 
f 103/103/103 105/105/105 105/105/105 
f 105/105/105 104/104/104 105/105/105 
f 105/105/105 104/104/104 106/106/106 
f 104/104/104 107/107/107 106/106/106 
f 106/106/106 107/107/107 108/108/108 
f 107/107/107 109/109/109 108/108/108 
f 108/108/108 109/109/109 109/109/109 
f 109/109/109 110/110/110 109/109/109 
f 109/109/109 110/110/110 110/110/110 
f 110/110/110 111/111/111 110/110/110 
f 110/110/110 111/111/111 112/112/112 
f 111/111/111 113/113/113 112/112/112 
f 112/112/112 113/113/113 114/114/114 
f 113/113/113 115/115/115 114/114/114 
f 114/114/114 115/115/115 116/116/116 
f 115/115/115 117/117/117 116/116/116 
f 116/116/116 117/117/117 118/118/118 
f 117/117/117 119/119/119 118/118/118 
f 118/118/118 119/119/119 120/120/120 
f 119/119/119 120/120/120 120/120/120 
f 120/120/120 120/120/120 118/118/118 
f 120/120/120 118/118/118 118/118/118 
f 118/118/118 118/118/118 118/118/118 
f 118/118/118 120/120/120 118/118/118 
f 118/118/118 120/120/120 121/121/121 
f 120/120/120 122/122/122 121/121/121 
f 121/121/121 122/122/122 123/123/123 
f 122/122/122 124/124/124 123/123/123 
f 123/123/123 124/124/124 125/125/125 
f 124/124/124 126/126/126 125/125/125 
f 125/125/125 126/126/126 127/127/127 
f 126/126/126 128/128/128 127/127/127 
f 127/127/127 128/128/128 129/129/129 
f 128/128/128 129/129/129 129/129/129 
f 129/129/129 129/129/129 129/129/129 
f 129/129/129 130/130/130 129/129/129 
f 129/129/129 130/130/130 127/127/127 
f 130/130/130 131/131/131 127/127/127 
f 127/127/127 131/131/131 125/125/125 
f 131/131/131 125/125/125 125/125/125 
f 125/125/125 125/125/125 129/129/129 
f 125/125/125 129/129/129 129/129/129 
f 129/129/129 129/129/129 129/129/129 
f 129/129/129 132/132/132 129/129/129 
f 129/129/129 132/132/132 130/130/130 
f 132/132/132 133/133/133 130/130/130 
f 130/130/130 133/133/133 134/134/134 
f 133/133/133 135/135/135 134/134/134 
f 134/134/134 135/135/135 136/136/136 
f 135/135/135 137/137/137 136/136/136 
f 136/136/136 137/137/137 138/138/138 
f 137/137/137 138/138/138 138/138/138 
f 138/138/138 138/138/138 136/136/136 
f 138/138/138 136/136/136 136/136/136 
f 136/136/136 136/136/136 136/136/136 
f 136/136/136 139/139/139 136/136/136 
f 136/136/136 139/139/139 134/134/134 
f 139/139/139 131/131/131 134/134/134 
f 134/134/134 131/131/131 130/130/130 
f 131/131/131 130/130/130 130/130/130 
f 130/130/130 130/130/130 136/136/136 
f 130/130/130 136/136/136 136/136/136 
f 136/136/136 136/136/136 136/136/136 
f 136/136/136 140/140/140 136/136/136 
f 136/136/136 140/140/140 139/139/139 
f 140/140/140 141/141/141 139/139/139 
f 139/139/139 141/141/141 141/141/141 
f 141/141/141 140/140/140 141/141/141 
f 141/141/141 140/140/140 140/140/140 
f 140/140/140 136/136/136 140/140/140 
f 140/140/140 136/136/136 142/142/142 
f 136/136/136 138/138/138 142/142/142 
f 142/142/142 138/138/138 138/138/138 
f 138/138/138 143/143/143 138/138/138 
f 138/138/138 143/143/143 143/143/143 
f 143/143/143 144/144/144 143/143/143 
f 143/143/143 144/144/144 145/145/145 
f 144/144/144 146/146/146 145/145/145 
f 145/145/145 146/146/146 147/147/147 
f 146/146/146 148/148/148 147/147/147 
f 147/147/147 148/148/148 149/149/149 
f 148/148/148 149/149/149 149/149/149 
f 149/149/149 149/149/149 147/147/147 
f 149/149/149 147/147/147 147/147/147 
f 147/147/147 147/147/147 147/147/147 
f 147/147/147 149/149/149 147/147/147 
f 147/147/147 149/149/149 150/150/150 
f 149/149/149 151/151/151 150/150/150 
f 150/150/150 151/151/151 151/151/151 
f 151/151/151 149/149/149 151/151/151 
f 151/151/151 149/149/149 149/149/149 
f 149/149/149 152/152/152 149/149/149 
f 149/149/149 152/152/152 151/151/151 
f 152/152/152 153/153/153 151/151/151 
f 151/151/151 153/153/153 154/154/154 
f 153/153/153 155/155/155 154/154/154 
f 154/154/154 155/155/155 156/156/156 
f 155/155/155 157/157/157 156/156/156 
f 156/156/156 157/157/157 158/158/158 
f 157/157/157 159/159/159 158/158/158 
f 158/158/158 159/159/159 159/159/159 
f 159/159/159 157/157/157 159/159/159 
f 159/159/159 157/157/157 157/157/157 
f 157/157/157 160/160/160 157/157/157 
f 157/157/157 160/160/160 159/159/159 
f 160/160/160 161/161/161 159/159/159 
f 159/159/159 161/161/161 161/161/161 
f 161/161/161 160/160/160 161/161/161 
f 161/161/161 160/160/160 160/160/160 
f 160/160/160 162/162/162 160/160/160 
f 160/160/160 162/162/162 161/161/161 
f 162/162/162 163/163/163 161/161/161 
f 161/161/161 163/163/163 163/163/163 
f 163/163/163 164/164/164 163/163/163 
f 163/163/163 164/164/164 164/164/164 
f 164/164/164 165/165/165 164/164/164 
f 164/164/164 165/165/165 166/166/166 
f 165/165/165 167/167/167 166/166/166 
f 166/166/166 167/167/167 167/167/167 
f 167/167/167 128/128/128 167/167/167 
f 167/167/167 128/128/128 128/128/128 
f 128/128/128 126/126/126 128/128/128 
f 128/128/128 126/126/126 168/168/168 
f 126/126/126 169/169/169 168/168/168 
f 168/168/168 169/169/169 169/169/169 
f 169/169/169 126/126/126 169/169/169 
f 169/169/169 126/126/126 170/170/170 
f 126/126/126 124/124/124 170/170/170 
f 170/170/170 124/124/124 124/124/124 
f 124/124/124 171/171/171 124/124/124 
f 124/124/124 171/171/171 171/171/171 
f 171/171/171 172/172/172 171/171/171 
f 171/171/171 172/172/172 173/173/173 
f 172/172/172 174/174/174 173/173/173 
f 173/173/173 174/174/174 174/174/174 
f 174/174/174 172/172/172 174/174/174 
f 174/174/174 172/172/172 172/172/172 
f 172/172/172 175/175/175 172/172/172 
f 172/172/172 175/175/175 174/174/174 
f 175/175/175 176/176/176 174/174/174 
f 174/174/174 176/176/176 176/176/176 
f 176/176/176 175/175/175 176/176/176 
f 176/176/176 175/175/175 177/177/177 
f 175/175/175 178/178/178 177/177/177 
f 177/177/177 178/178/178 179/179/179 
f 178/178/178 179/179/179 179/179/179 
f 179/179/179 179/179/179 177/177/177 
f 179/179/179 177/177/177 177/177/177 
f 177/177/177 177/177/177 177/177/177 
f 177/177/177 179/179/179 177/177/177 
f 177/177/177 179/179/179 180/180/180 
f 179/179/179 181/181/181 180/180/180 
f 180/180/180 181/181/181 181/181/181 
f 181/181/181 179/179/179 181/181/181 
f 181/181/181 179/179/179 179/179/179 
f 179/179/179 182/182/182 179/179/179 
f 179/179/179 182/182/182 181/181/181 
f 182/182/182 183/183/183 181/181/181 
f 181/181/181 183/183/183 183/183/183 
f 183/183/183 182/182/182 183/183/183 
f 183/183/183 182/182/182 182/182/182 
f 182/182/182 184/184/184 182/182/182 
f 182/182/182 184/184/184 183/183/183 
f 184/184/184 185/185/185 183/183/183 
f 183/183/183 185/185/185 185/185/185 
f 185/185/185 184/184/184 185/185/185 
f 185/185/185 184/184/184 184/184/184 
f 184/184/184 186/186/186 184/184/184 
f 184/184/184 186/186/186 185/185/185 
f 186/186/186 187/187/187 185/185/185 
f 185/185/185 187/187/187 188/188/188 
f 187/187/187 189/189/189 188/188/188 
f 188/188/188 189/189/189 190/190/190 
f 189/189/189 191/191/191 190/190/190 
f 190/190/190 191/191/191 192/192/192 
f 191/191/191 192/192/192 192/192/192 
f 192/192/192 192/192/192 86/86/86 
f 192/192/192 86/86/86 86/86/86 
f 86/86/86 86/86/86 86/86/86 
f 86/86/86 88/88/88 86/86/86 
f 86/86/86 88/88/88 193/193/193 
f 88/88/88 194/194/194 193/193/193 
f 193/193/193 194/194/194 195/195/195 
f 194/194/194 196/196/196 195/195/195 
f 195/195/195 196/196/196 197/197/197 
f 196/196/196 197/197/197 197/197/197 
f 197/197/197 197/197/197 194/194/194 
f 197/197/197 194/194/194 194/194/194 
f 194/194/194 194/194/194 194/194/194 
f 194/194/194 88/88/88 194/194/194 
f 194/194/194 88/88/88 198/198/198 
f 88/88/88 90/90/90 198/198/198 
f 198/198/198 90/90/90 92/92/92 
f 90/90/90 92/92/92 92/92/92 
f 92/92/92 92/92/92 92/92/92 
f 92/92/92 199/199/199 92/92/92 
f 92/92/92 199/199/199 198/198/198 
f 199/199/199 200/200/200 198/198/198 
f 198/198/198 200/200/200 194/194/194 
f 200/200/200 196/196/196 194/194/194 
f 194/194/194 196/196/196 196/196/196 
f 196/196/196 195/195/195 196/196/196 
f 196/196/196 195/195/195 195/195/195 
f 195/195/195 197/197/197 195/195/195 
f 195/195/195 197/197/197 201/201/201 
f 197/197/197 202/202/202 201/201/201 
f 201/201/201 202/202/202 203/203/203 
f 202/202/202 204/204/204 203/203/203 
f 203/203/203 204/204/204 204/204/204 
f 204/204/204 205/205/205 204/204/204 
f 204/204/204 205/205/205 205/205/205 
f 205/205/205 206/206/206 205/205/205 
f 205/205/205 206/206/206 207/207/207 
f 206/206/206 208/208/208 207/207/207 
f 207/207/207 208/208/208 209/209/209 
f 208/208/208 209/209/209 209/209/209 
f 209/209/209 209/209/209 207/207/207 
f 209/209/209 207/207/207 207/207/207 
f 207/207/207 207/207/207 207/207/207 
f 207/207/207 209/209/209 207/207/207 
f 207/207/207 209/209/209 210/210/210 
f 209/209/209 211/211/211 210/210/210 
f 210/210/210 211/211/211 212/212/212 
f 211/211/211 213/213/213 212/212/212 
f 212/212/212 213/213/213 214/214/214 
f 213/213/213 215/215/215 214/214/214 
f 214/214/214 215/215/215 215/215/215 
f 215/215/215 213/213/213 215/215/215 
f 215/215/215 213/213/213 213/213/213 
f 213/213/213 216/216/216 213/213/213 
f 213/213/213 216/216/216 215/215/215 
f 216/216/216 217/217/217 215/215/215 
f 215/215/215 217/217/217 218/218/218 
f 217/217/217 219/219/219 218/218/218 
f 218/218/218 219/219/219 220/220/220 
f 219/219/219 221/221/221 220/220/220 
f 220/220/220 221/221/221 222/222/222 
f 221/221/221 222/222/222 222/222/222 
f 222/222/222 222/222/222 222/222/222 
f 222/222/222 223/223/223 222/222/222 
f 222/222/222 223/223/223 220/220/220 
f 223/223/223 224/224/224 220/220/220 
f 220/220/220 224/224/224 218/218/218 
f 224/224/224 218/218/218 218/218/218 
f 218/218/218 218/218/218 225/225/225 
f 218/218/218 225/225/225 225/225/225 
f 225/225/225 225/225/225 225/225/225 
f 225/225/225 226/226/226 225/225/225 
f 225/225/225 226/226/226 227/227/227 
f 226/226/226 228/228/228 227/227/227 
f 227/227/227 228/228/228 229/229/229 
f 228/228/228 230/230/230 229/229/229 
f 229/229/229 230/230/230 231/231/231 
f 230/230/230 232/232/232 231/231/231 
f 231/231/231 232/232/232 233/233/233 
f 232/232/232 234/234/234 233/233/233 
f 233/233/233 234/234/234 235/235/235 
f 234/234/234 236/236/236 235/235/235 
f 235/235/235 236/236/236 237/237/237 
f 236/236/236 238/238/238 237/237/237 
f 237/237/237 238/238/238 239/239/239 
f 238/238/238 240/240/240 239/239/239 
f 239/239/239 240/240/240 241/241/241 
f 240/240/240 242/242/242 241/241/241 
f 241/241/241 242/242/242 243/243/243 
f 242/242/242 244/244/244 243/243/243 
f 243/243/243 244/244/244 245/245/245 
f 244/244/244 246/246/246 245/245/245 
f 245/245/245 246/246/246 247/247/247 
f 246/246/246 248/248/248 247/247/247 
f 247/247/247 248/248/248 249/249/249 
f 248/248/248 250/250/250 249/249/249 
f 249/249/249 250/250/250 251/251/251 
f 250/250/250 252/252/252 251/251/251 
f 251/251/251 252/252/252 253/253/253 
f 252/252/252 254/254/254 253/253/253 
f 253/253/253 254/254/254 255/255/255 
f 254/254/254 256/256/256 255/255/255 
f 255/255/255 256/256/256 257/257/257 
f 256/256/256 257/257/257 257/257/257 
f 257/257/257 257/257/257 252/252/252 
f 257/257/257 252/252/252 252/252/252 
f 252/252/252 252/252/252 252/252/252 
f 252/252/252 250/250/250 252/252/252 
f 252/252/252 250/250/250 258/258/258 
f 250/250/250 248/248/248 258/258/258 
f 258/258/258 248/248/248 259/259/259 
f 248/248/248 246/246/246 259/259/259 
f 259/259/259 246/246/246 260/260/260 
f 246/246/246 244/244/244 260/260/260 
f 260/260/260 244/244/244 261/261/261 
f 244/244/244 242/242/242 261/261/261 
f 261/261/261 242/242/242 262/262/262 
f 242/242/242 240/240/240 262/262/262 
f 262/262/262 240/240/240 263/263/263 
f 240/240/240 238/238/238 263/263/263 
f 263/263/263 238/238/238 264/264/264 
f 238/238/238 236/236/236 264/264/264 
f 264/264/264 236/236/236 234/234/234 
f 236/236/236 234/234/234 234/234/234 
f 234/234/234 234/234/234 262/262/262 
f 234/234/234 262/262/262 262/262/262 
f 262/262/262 262/262/262 262/262/262 
f 262/262/262 263/263/263 262/262/262 
f 262/262/262 263/263/263 265/265/265 
f 263/263/263 264/264/264 265/265/265 
f 265/265/265 264/264/264 266/266/266 
f 264/264/264 234/234/234 266/266/266 
f 266/266/266 234/234/234 267/267/267 
f 234/234/234 232/232/232 267/267/267 
f 267/267/267 232/232/232 230/230/230 
f 232/232/232 230/230/230 230/230/230 
f 230/230/230 230/230/230 230/230/230 
f 230/230/230 268/268/268 230/230/230 
f 230/230/230 268/268/268 267/267/267 
f 268/268/268 269/269/269 267/267/267 
f 267/267/267 269/269/269 266/266/266 
f 269/269/269 270/270/270 266/266/266 
f 266/266/266 270/270/270 265/265/265 
f 270/270/270 271/271/271 265/265/265 
f 265/265/265 271/271/271 272/272/272 
f 271/271/271 273/273/273 272/272/272 
f 272/272/272 273/273/273 274/274/274 
f 273/273/273 275/275/275 274/274/274 
f 274/274/274 275/275/275 276/276/276 
f 275/275/275 277/277/277 276/276/276 
f 276/276/276 277/277/277 278/278/278 
f 277/277/277 279/279/279 278/278/278 
f 278/278/278 279/279/279 280/280/280 
f 279/279/279 281/281/281 280/280/280 
f 280/280/280 281/281/281 258/258/258 
f 281/281/281 282/282/282 258/258/258 
f 258/258/258 282/282/282 252/252/252 
f 282/282/282 254/254/254 252/252/252 
f 252/252/252 254/254/254 254/254/254 
f 254/254/254 265/265/265 254/254/254 
f 254/254/254 265/265/265 265/265/265 
f 265/265/265 272/272/272 265/265/265 
f 265/265/265 272/272/272 262/262/262 
f 272/272/272 274/274/274 262/262/262 
f 262/262/262 274/274/274 261/261/261 
f 274/274/274 276/276/276 261/261/261 
f 261/261/261 276/276/276 260/260/260 
f 276/276/276 278/278/278 260/260/260 
f 260/260/260 278/278/278 259/259/259 
f 278/278/278 280/280/280 259/259/259 
f 259/259/259 280/280/280 258/258/258 
f 280/280/280 258/258/258 258/258/258 
f 258/258/258 258/258/258 283/283/283 
f 258/258/258 283/283/283 283/283/283 
f 283/283/283 283/283/283 283/283/283 
f 283/283/283 284/284/284 283/283/283 
f 283/283/283 284/284/284 285/285/285 
f 284/284/284 286/286/286 285/285/285 
f 285/285/285 286/286/286 287/287/287 
f 286/286/286 288/288/288 287/287/287 
f 287/287/287 288/288/288 289/289/289 
f 288/288/288 290/290/290 289/289/289 
f 289/289/289 290/290/290 291/291/291 
f 290/290/290 292/292/292 291/291/291 
f 291/291/291 292/292/292 293/293/293 
f 292/292/292 294/294/294 293/293/293 
f 293/293/293 294/294/294 295/295/295 
f 294/294/294 296/296/296 295/295/295 
f 295/295/295 296/296/296 297/297/297 
f 296/296/296 298/298/298 297/297/297 
f 297/297/297 298/298/298 299/299/299 
f 298/298/298 300/300/300 299/299/299 
f 299/299/299 300/300/300 301/301/301 
f 300/300/300 302/302/302 301/301/301 
f 301/301/301 302/302/302 303/303/303 
f 302/302/302 304/304/304 303/303/303 
f 303/303/303 304/304/304 305/305/305 
f 304/304/304 306/306/306 305/305/305 
f 305/305/305 306/306/306 307/307/307 
f 306/306/306 307/307/307 307/307/307 
f 307/307/307 307/307/307 284/284/284 
f 307/307/307 284/284/284 284/284/284 
f 284/284/284 284/284/284 284/284/284 
f 284/284/284 308/308/308 284/284/284 
f 284/284/284 308/308/308 286/286/286 
f 308/308/308 309/309/309 286/286/286 
f 286/286/286 309/309/309 288/288/288 
f 309/309/309 310/310/310 288/288/288 
f 288/288/288 310/310/310 290/290/290 
f 310/310/310 311/311/311 290/290/290 
f 290/290/290 311/311/311 292/292/292 
f 311/311/311 312/312/312 292/292/292 
f 292/292/292 312/312/312 294/294/294 
f 312/312/312 313/313/313 294/294/294 
f 294/294/294 313/313/313 296/296/296 
f 313/313/313 314/314/314 296/296/296 
f 296/296/296 314/314/314 298/298/298 
f 314/314/314 300/300/300 298/298/298 
f 298/298/298 300/300/300 300/300/300 
f 300/300/300 308/308/308 300/300/300 
f 300/300/300 308/308/308 308/308/308 
f 308/308/308 315/315/315 308/308/308 
f 308/308/308 315/315/315 309/309/309 
f 315/315/315 316/316/316 309/309/309 
f 309/309/309 316/316/316 310/310/310 
f 316/316/316 317/317/317 310/310/310 
f 310/310/310 317/317/317 311/311/311 
f 317/317/317 318/318/318 311/311/311 
f 311/311/311 318/318/318 312/312/312 
f 318/318/318 319/319/319 312/312/312 
f 312/312/312 319/319/319 313/313/313 
f 319/319/319 320/320/320 313/313/313 
f 313/313/313 320/320/320 314/314/314 
f 320/320/320 321/321/321 314/314/314 
f 314/314/314 321/321/321 300/300/300 
f 321/321/321 302/302/302 300/300/300 
f 300/300/300 302/302/302 302/302/302 
f 302/302/302 316/316/316 302/302/302 
f 302/302/302 316/316/316 316/316/316 
f 316/316/316 322/322/322 316/316/316 
f 316/316/316 322/322/322 317/317/317 
f 322/322/322 323/323/323 317/317/317 
f 317/317/317 323/323/323 318/318/318 
f 323/323/323 324/324/324 318/318/318 
f 318/318/318 324/324/324 319/319/319 
f 324/324/324 325/325/325 319/319/319 
f 319/319/319 325/325/325 320/320/320 
f 325/325/325 326/326/326 320/320/320 
f 320/320/320 326/326/326 321/321/321 
f 326/326/326 327/327/327 321/321/321 
f 321/321/321 327/327/327 302/302/302 
f 327/327/327 304/304/304 302/302/302 
f 302/302/302 304/304/304 304/304/304 
f 304/304/304 322/322/322 304/304/304 
f 304/304/304 322/322/322 322/322/322 
f 322/322/322 328/328/328 322/322/322 
f 322/322/322 328/328/328 323/323/323 
f 328/328/328 329/329/329 323/323/323 
f 323/323/323 329/329/329 324/324/324 
f 329/329/329 330/330/330 324/324/324 
f 324/324/324 330/330/330 325/325/325 
f 330/330/330 331/331/331 325/325/325 
f 325/325/325 331/331/331 326/326/326 
f 331/331/331 332/332/332 326/326/326 
f 326/326/326 332/332/332 333/333/333 
f 332/332/332 333/333/333 333/333/333 
f 333/333/333 333/333/333 326/326/326 
f 333/333/333 326/326/326 326/326/326 
f 326/326/326 326/326/326 326/326/326 
f 326/326/326 333/333/333 326/326/326 
f 326/326/326 333/333/333 327/327/327 
f 333/333/333 304/304/304 327/327/327 
f 327/327/327 304/304/304 304/304/304 
f 304/304/304 140/140/140 304/304/304 
f 304/304/304 140/140/140 140/140/140 
f 140/140/140 334/334/334 140/140/140 
f 140/140/140 334/334/334 141/141/141 
f 334/334/334 335/335/335 141/141/141 
f 141/141/141 335/335/335 335/335/335 
f 335/335/335 334/334/334 335/335/335 
f 335/335/335 334/334/334 334/334/334 
f 334/334/334 336/336/336 334/334/334 
f 334/334/334 336/336/336 335/335/335 
f 336/336/336 337/337/337 335/335/335 
f 335/335/335 337/337/337 337/337/337 
f 337/337/337 336/336/336 337/337/337 
f 337/337/337 336/336/336 336/336/336 
f 336/336/336 338/338/338 336/336/336 
f 336/336/336 338/338/338 337/337/337 
f 338/338/338 339/339/339 337/337/337 
f 337/337/337 339/339/339 340/340/340 
f 339/339/339 341/341/341 340/340/340 
f 340/340/340 341/341/341 342/342/342 
f 341/341/341 343/343/343 342/342/342 
f 342/342/342 343/343/343 344/344/344 
f 343/343/343 345/345/345 344/344/344 
f 344/344/344 345/345/345 346/346/346 
f 345/345/345 346/346/346 346/346/346 
f 346/346/346 346/346/346 328/328/328 
f 346/346/346 328/328/328 328/328/328 
f 328/328/328 328/328/328 328/328/328 
f 328/328/328 322/322/322 328/328/328 
f 328/328/328 322/322/322 347/347/347 
f 322/322/322 348/348/348 347/347/347 
f 347/347/347 348/348/348 348/348/348 
f 348/348/348 322/322/322 348/348/348 
f 348/348/348 322/322/322 315/315/315 
f 322/322/322 316/316/316 315/315/315 
f 315/315/315 316/316/316 316/316/316 
f 316/316/316 349/349/349 316/316/316 
f 316/316/316 349/349/349 349/349/349 
f 349/349/349 350/350/350 349/349/349 
f 349/349/349 350/350/350 351/351/351 
f 350/350/350 352/352/352 351/351/351 
f 351/351/351 352/352/352 353/353/353 
f 352/352/352 354/354/354 353/353/353 
f 353/353/353 354/354/354 307/307/307 
f 354/354/354 305/305/305 307/307/307 
f 307/307/307 305/305/305 305/305/305 
f 305/305/305 350/350/350 305/305/305 
f 305/305/305 350/350/350 350/350/350 
f 350/350/350 355/355/355 350/350/350 
f 350/350/350 355/355/355 352/352/352 
f 355/355/355 356/356/356 352/352/352 
f 352/352/352 356/356/356 354/354/354 
f 356/356/356 357/357/357 354/354/354 
f 354/354/354 357/357/357 305/305/305 
f 357/357/357 303/303/303 305/305/305 
f 305/305/305 303/303/303 303/303/303 
f 303/303/303 355/355/355 303/303/303 
f 303/303/303 355/355/355 355/355/355 
f 355/355/355 358/358/358 355/355/355 
f 355/355/355 358/358/358 356/356/356 
f 358/358/358 359/359/359 356/356/356 
f 356/356/356 359/359/359 357/357/357 
f 359/359/359 360/360/360 357/357/357 
f 357/357/357 360/360/360 303/303/303 
f 360/360/360 301/301/301 303/303/303 
f 303/303/303 301/301/301 301/301/301 
f 301/301/301 359/359/359 301/301/301 
f 301/301/301 359/359/359 359/359/359 
f 359/359/359 361/361/361 359/359/359 
f 359/359/359 361/361/361 360/360/360 
f 361/361/361 362/362/362 360/360/360 
f 360/360/360 362/362/362 301/301/301 
f 362/362/362 299/299/299 301/301/301 
f 301/301/301 299/299/299 299/299/299 
f 299/299/299 361/361/361 299/299/299 
f 299/299/299 361/361/361 361/361/361 
f 361/361/361 363/363/363 361/361/361 
f 361/361/361 363/363/363 362/362/362 
f 363/363/363 364/364/364 362/362/362 
f 362/362/362 364/364/364 299/299/299 
f 364/364/364 365/365/365 299/299/299 
f 299/299/299 365/365/365 297/297/297 
f 365/365/365 297/297/297 297/297/297 
f 297/297/297 297/297/297 363/363/363 
f 297/297/297 363/363/363 363/363/363 
f 363/363/363 363/363/363 363/363/363 
f 363/363/363 361/361/361 363/363/363 
f 363/363/363 361/361/361 366/366/366 
f 361/361/361 367/367/367 366/366/366 
f 366/366/366 367/367/367 367/367/367 
f 367/367/367 361/361/361 367/367/367 
f 367/367/367 361/361/361 358/358/358 
f 361/361/361 359/359/359 358/358/358 
f 358/358/358 359/359/359 359/359/359 
f 359/359/359 368/368/368 359/359/359 
f 359/359/359 368/368/368 368/368/368 
f 368/368/368 369/369/369 368/368/368 
f 368/368/368 369/369/369 370/370/370 
f 369/369/369 371/371/371 370/370/370 
f 370/370/370 371/371/371 371/371/371 
f 371/371/371 369/369/369 371/371/371 
f 371/371/371 369/369/369 369/369/369 
f 369/369/369 372/372/372 369/369/369 
f 369/369/369 372/372/372 371/371/371 
f 372/372/372 373/373/373 371/371/371 
f 371/371/371 373/373/373 373/373/373 
f 373/373/373 372/372/372 373/373/373 
f 373/373/373 372/372/372 372/372/372 
f 372/372/372 374/374/374 372/372/372 
f 372/372/372 374/374/374 373/373/373 
f 374/374/374 375/375/375 373/373/373 
f 373/373/373 375/375/375 375/375/375 
f 375/375/375 374/374/374 375/375/375 
f 375/375/375 374/374/374 374/374/374 
f 374/374/374 376/376/376 374/374/374 
f 374/374/374 376/376/376 375/375/375 
f 376/376/376 377/377/377 375/375/375 
f 375/375/375 377/377/377 377/377/377 
f 377/377/377 376/376/376 377/377/377 
f 377/377/377 376/376/376 376/376/376 
f 376/376/376 378/378/378 376/376/376 
f 376/376/376 378/378/378 377/377/377 
f 378/378/378 379/379/379 377/377/377 
f 377/377/377 379/379/379 379/379/379 
f 379/379/379 378/378/378 379/379/379 
f 379/379/379 378/378/378 378/378/378 
f 378/378/378 380/380/380 378/378/378 
f 378/378/378 380/380/380 379/379/379 
f 380/380/380 381/381/381 379/379/379 
f 379/379/379 381/381/381 381/381/381 
f 381/381/381 380/380/380 381/381/381 
f 381/381/381 380/380/380 380/380/380 
f 380/380/380 382/382/382 380/380/380 
f 380/380/380 382/382/382 381/381/381 
f 382/382/382 383/383/383 381/381/381 
f 381/381/381 383/383/383 383/383/383 
f 383/383/383 382/382/382 383/383/383 
f 383/383/383 382/382/382 384/384/384 
f 382/382/382 385/385/385 384/384/384 
f 384/384/384 385/385/385 386/386/386 
f 385/385/385 387/387/387 386/386/386 
f 386/386/386 387/387/387 388/388/388 
f 387/387/387 389/389/389 388/388/388 
f 388/388/388 389/389/389 390/390/390 
f 389/389/389 391/391/391 390/390/390 
f 390/390/390 391/391/391 392/392/392 
f 391/391/391 393/393/393 392/392/392 
f 392/392/392 393/393/393 394/394/394 
f 393/393/393 395/395/395 394/394/394 
f 394/394/394 395/395/395 396/396/396 
f 395/395/395 397/397/397 396/396/396 
f 396/396/396 397/397/397 397/397/397 
f 397/397/397 235/235/235 397/397/397 
f 397/397/397 235/235/235 235/235/235 
f 235/235/235 237/237/237 235/235/235 
f 235/235/235 237/237/237 398/398/398 
f 237/237/237 399/399/399 398/398/398 
f 398/398/398 399/399/399 399/399/399 
f 399/399/399 237/237/237 399/399/399 
f 399/399/399 237/237/237 400/400/400 
f 237/237/237 239/239/239 400/400/400 
f 400/400/400 239/239/239 401/401/401 
f 239/239/239 241/241/241 401/401/401 
f 401/401/401 241/241/241 402/402/402 
f 241/241/241 243/243/243 402/402/402 
f 402/402/402 243/243/243 403/403/403 
f 243/243/243 245/245/245 403/403/403 
f 403/403/403 245/245/245 404/404/404 
f 245/245/245 247/247/247 404/404/404 
f 404/404/404 247/247/247 405/405/405 
f 247/247/247 249/249/249 405/405/405 
f 405/405/405 249/249/249 406/406/406 
f 249/249/249 251/251/251 406/406/406 
f 406/406/406 251/251/251 407/407/407 
f 251/251/251 408/408/408 407/407/407 
f 407/407/407 408/408/408 409/409/409 
f 408/408/408 410/410/410 409/409/409 
f 409/409/409 410/410/410 411/411/411 
f 410/410/410 412/412/412 411/411/411 
f 411/411/411 412/412/412 413/413/413 
f 412/412/412 413/413/413 413/413/413 
f 413/413/413 413/413/413 411/411/411 
f 413/413/413 411/411/411 411/411/411 
f 411/411/411 411/411/411 411/411/411 
f 411/411/411 414/414/414 411/411/411 
f 411/411/411 414/414/414 409/409/409 
f 414/414/414 415/415/415 409/409/409 
f 409/409/409 415/415/415 407/407/407 
f 415/415/415 416/416/416 407/407/407 
f 407/407/407 416/416/416 406/406/406 
f 416/416/416 417/417/417 406/406/406 
f 406/406/406 417/417/417 405/405/405 
f 417/417/417 418/418/418 405/405/405 
f 405/405/405 418/418/418 404/404/404 
f 418/418/418 419/419/419 404/404/404 
f 404/404/404 419/419/419 403/403/403 
f 419/419/419 420/420/420 403/403/403 
f 403/403/403 420/420/420 402/402/402 
f 420/420/420 421/421/421 402/402/402 
f 402/402/402 421/421/421 422/422/422 
f 421/421/421 423/423/423 422/422/422 
f 422/422/422 423/423/423 424/424/424 
f 423/423/423 425/425/425 424/424/424 
f 424/424/424 425/425/425 426/426/426 
f 425/425/425 426/426/426 426/426/426 
f 426/426/426 426/426/426 414/414/414 
f 426/426/426 414/414/414 414/414/414 
f 414/414/414 414/414/414 414/414/414 
f 414/414/414 427/427/427 414/414/414 
f 414/414/414 427/427/427 415/415/415 
f 427/427/427 428/428/428 415/415/415 
f 415/415/415 428/428/428 416/416/416 
f 428/428/428 429/429/429 416/416/416 
f 416/416/416 429/429/429 417/417/417 
f 429/429/429 430/430/430 417/417/417 
f 417/417/417 430/430/430 418/418/418 
f 430/430/430 419/419/419 418/418/418 
f 418/418/418 419/419/419 419/419/419 
f 419/419/419 430/430/430 419/419/419 
f 419/419/419 430/430/430 430/430/430 
f 430/430/430 431/431/431 430/430/430 
f 430/430/430 431/431/431 419/419/419 
f 431/431/431 432/432/432 419/419/419 
f 419/419/419 432/432/432 420/420/420 
f 432/432/432 421/421/421 420/420/420 
f 420/420/420 421/421/421 421/421/421 
f 421/421/421 432/432/432 421/421/421 
f 421/421/421 432/432/432 432/432/432 
f 432/432/432 433/433/433 432/432/432 
f 432/432/432 433/433/433 421/421/421 
f 433/433/433 423/423/423 421/421/421 
f 421/421/421 423/423/423 423/423/423 
f 423/423/423 433/433/433 423/423/423 
f 423/423/423 433/433/433 433/433/433 
f 433/433/433 434/434/434 433/433/433 
f 433/433/433 434/434/434 423/423/423 
f 434/434/434 435/435/435 423/423/423 
f 423/423/423 435/435/435 425/425/425 
f 435/435/435 425/425/425 425/425/425 
f 425/425/425 425/425/425 251/251/251 
f 425/425/425 251/251/251 251/251/251 
f 251/251/251 251/251/251 251/251/251 
f 251/251/251 253/253/253 251/251/251 
f 251/251/251 253/253/253 408/408/408 
f 253/253/253 436/436/436 408/408/408 
f 408/408/408 436/436/436 410/410/410 
f 436/436/436 437/437/437 410/410/410 
f 410/410/410 437/437/437 412/412/412 
f 437/437/437 412/412/412 412/412/412 
f 412/412/412 412/412/412 253/253/253 
f 412/412/412 253/253/253 253/253/253 
f 253/253/253 253/253/253 253/253/253 
f 253/253/253 255/255/255 253/253/253 
f 253/253/253 255/255/255 436/436/436 
f 255/255/255 257/257/257 436/436/436 
f 436/436/436 257/257/257 437/437/437 
f 257/257/257 437/437/437 437/437/437 
f 437/437/437 437/437/437 402/402/402 
f 437/437/437 402/402/402 402/402/402 
f 402/402/402 402/402/402 402/402/402 
f 402/402/402 422/422/422 402/402/402 
f 402/402/402 422/422/422 401/401/401 
f 422/422/422 438/438/438 401/401/401 
f 401/401/401 438/438/438 400/400/400 
f 438/438/438 439/439/439 400/400/400 
f 400/400/400 439/439/439 399/399/399 
f 439/439/439 399/399/399 399/399/399 
f 399/399/399 399/399/399 422/422/422 
f 399/399/399 422/422/422 422/422/422 
f 422/422/422 422/422/422 422/422/422 
f 422/422/422 424/424/424 422/422/422 
f 422/422/422 424/424/424 438/438/438 
f 424/424/424 426/426/426 438/438/438 
f 438/438/438 426/426/426 439/439/439 
f 426/426/426 439/439/439 439/439/439 
f 439/439/439 439/439/439 221/221/221 
f 439/439/439 221/221/221 221/221/221 
f 221/221/221 221/221/221 221/221/221 
f 221/221/221 219/219/219 221/221/221 
f 221/221/221 219/219/219 440/440/440 
f 219/219/219 441/441/441 440/440/440 
f 440/440/440 441/441/441 442/442/442 
f 441/441/441 443/443/443 442/442/442 
f 442/442/442 443/443/443 443/443/443 
f 443/443/443 219/219/219 443/443/443 
f 443/443/443 219/219/219 219/219/219 
f 219/219/219 217/217/217 219/219/219 
f 219/219/219 217/217/217 441/441/441 
f 217/217/217 444/444/444 441/441/441 
f 441/441/441 444/444/444 445/445/445 
f 444/444/444 445/445/445 445/445/445 
f 445/445/445 445/445/445 445/445/445 
f 445/445/445 446/446/446 445/445/445 
f 445/445/445 446/446/446 441/441/441 
f 446/446/446 443/443/443 441/441/441 
f 441/441/441 443/443/443 443/443/443 
f 443/443/443 446/446/446 443/443/443 
f 443/443/443 446/446/446 447/447/447 
f 446/446/446 448/448/448 447/447/447 
f 447/447/447 448/448/448 449/449/449 
f 448/448/448 450/450/450 449/449/449 
f 449/449/449 450/450/450 450/450/450 
f 450/450/450 448/448/448 450/450/450 
f 450/450/450 448/448/448 448/448/448 
f 448/448/448 446/446/446 448/448/448 
f 448/448/448 446/446/446 451/451/451 
f 446/446/446 445/445/445 451/451/451 
f 451/451/451 445/445/445 452/452/452 
f 445/445/445 453/453/453 452/452/452 
f 452/452/452 453/453/453 454/454/454 
f 453/453/453 454/454/454 454/454/454 
f 454/454/454 454/454/454 451/451/451 
f 454/454/454 451/451/451 451/451/451 
f 451/451/451 451/451/451 451/451/451 
f 451/451/451 455/455/455 451/451/451 
f 451/451/451 455/455/455 448/448/448 
f 455/455/455 450/450/450 448/448/448 
f 448/448/448 450/450/450 450/450/450 
f 450/450/450 456/456/456 450/450/450 
f 450/450/450 456/456/456 456/456/456 
f 456/456/456 457/457/457 456/456/456 
f 456/456/456 457/457/457 458/458/458 
f 457/457/457 459/459/459 458/458/458 
f 458/458/458 459/459/459 460/460/460 
f 459/459/459 461/461/461 460/460/460 
f 460/460/460 461/461/461 462/462/462 
f 461/461/461 463/463/463 462/462/462 
f 462/462/462 463/463/463 464/464/464 
f 463/463/463 465/465/465 464/464/464 
f 464/464/464 465/465/465 466/466/466 
f 465/465/465 467/467/467 466/466/466 
f 466/466/466 467/467/467 467/467/467 
f 467/467/467 459/459/459 467/467/467 
f 467/467/467 459/459/459 459/459/459 
f 459/459/459 468/468/468 459/459/459 
f 459/459/459 468/468/468 461/461/461 
f 468/468/468 469/469/469 461/461/461 
f 461/461/461 469/469/469 463/463/463 
f 469/469/469 470/470/470 463/463/463 
f 463/463/463 470/470/470 465/465/465 
f 470/470/470 471/471/471 465/465/465 
f 465/465/465 471/471/471 467/467/467 
f 471/471/471 467/467/467 467/467/467 
f 467/467/467 467/467/467 468/468/468 
f 467/467/467 468/468/468 468/468/468 
f 468/468/468 468/468/468 468/468/468 
f 468/468/468 472/472/472 468/468/468 
f 468/468/468 472/472/472 469/469/469 
f 472/472/472 473/473/473 469/469/469 
f 469/469/469 473/473/473 470/470/470 
f 473/473/473 474/474/474 470/470/470 
f 470/470/470 474/474/474 471/471/471 
f 474/474/474 471/471/471 471/471/471 
f 471/471/471 471/471/471 472/472/472 
f 471/471/471 472/472/472 472/472/472 
f 472/472/472 472/472/472 472/472/472 
f 472/472/472 468/468/468 472/472/472 
f 472/472/472 468/468/468 475/475/475 
f 468/468/468 476/476/476 475/475/475 
f 475/475/475 476/476/476 477/477/477 
f 476/476/476 478/478/478 477/477/477 
f 477/477/477 478/478/478 478/478/478 
f 478/478/478 476/476/476 478/478/478 
f 478/478/478 476/476/476 479/479/479 
f 476/476/476 459/459/459 479/479/479 
f 479/479/479 459/459/459 457/457/457 
f 459/459/459 457/457/457 457/457/457 
f 457/457/457 457/457/457 452/452/452 
f 457/457/457 452/452/452 452/452/452 
f 452/452/452 452/452/452 452/452/452 
f 452/452/452 454/454/454 452/452/452 
f 452/452/452 454/454/454 480/480/480 
f 454/454/454 481/481/481 480/480/480 
f 480/480/480 481/481/481 481/481/481 
f 481/481/481 454/454/454 481/481/481 
f 481/481/481 454/454/454 454/454/454 
f 454/454/454 482/482/482 454/454/454 
f 454/454/454 482/482/482 481/481/481 
f 482/482/482 483/483/483 481/481/481 
f 481/481/481 483/483/483 483/483/483 
f 483/483/483 482/482/482 483/483/483 
f 483/483/483 482/482/482 482/482/482 
f 482/482/482 484/484/484 482/482/482 
f 482/482/482 484/484/484 483/483/483 
f 484/484/484 485/485/485 483/483/483 
f 483/483/483 485/485/485 485/485/485 
f 485/485/485 484/484/484 485/485/485 
f 485/485/485 484/484/484 484/484/484 
f 484/484/484 486/486/486 484/484/484 
f 484/484/484 486/486/486 485/485/485 
f 486/486/486 487/487/487 485/485/485 
f 485/485/485 487/487/487 488/488/488 
f 487/487/487 488/488/488 488/488/488 
f 488/488/488 488/488/488 230/230/230 
f 488/488/488 230/230/230 230/230/230 
f 230/230/230 230/230/230 230/230/230 
f 230/230/230 228/228/228 230/230/230 
f 230/230/230 228/228/228 268/268/268 
f 228/228/228 489/489/489 268/268/268 
f 268/268/268 489/489/489 490/490/490 
f 489/489/489 491/491/491 490/490/490 
f 490/490/490 491/491/491 492/492/492 
f 491/491/491 493/493/493 492/492/492 
f 492/492/492 493/493/493 494/494/494 
f 493/493/493 494/494/494 494/494/494 
f 494/494/494 494/494/494 228/228/228 
f 494/494/494 228/228/228 228/228/228 
f 228/228/228 228/228/228 228/228/228 
f 228/228/228 226/226/226 228/228/228 
f 228/228/228 226/226/226 489/489/489 
f 226/226/226 495/495/495 489/489/489 
f 489/489/489 495/495/495 491/491/491 
f 495/495/495 496/496/496 491/491/491 
f 491/491/491 496/496/496 493/493/493 
f 496/496/496 493/493/493 493/493/493 
f 493/493/493 493/493/493 256/256/256 
f 493/493/493 256/256/256 256/256/256 
f 256/256/256 256/256/256 256/256/256 
f 256/256/256 254/254/254 256/256/256 
f 256/256/256 254/254/254 497/497/497 
f 254/254/254 498/498/498 497/497/497 
f 497/497/497 498/498/498 499/499/499 
f 498/498/498 500/500/500 499/499/499 
f 499/499/499 500/500/500 501/501/501 
f 500/500/500 502/502/502 501/501/501 
f 501/501/501 502/502/502 503/503/503 
f 502/502/502 504/504/504 503/503/503 
f 503/503/503 504/504/504 505/505/505 
f 504/504/504 506/506/506 505/505/505 
f 505/505/505 506/506/506 507/507/507 
f 506/506/506 508/508/508 507/507/507 
f 507/507/507 508/508/508 509/509/509 
f 508/508/508 510/510/510 509/509/509 
f 509/509/509 510/510/510 511/511/511 
f 510/510/510 512/512/512 511/511/511 
f 511/511/511 512/512/512 512/512/512 
f 512/512/512 510/510/510 512/512/512 
f 512/512/512 510/510/510 510/510/510 
f 510/510/510 508/508/508 510/510/510 
f 510/510/510 508/508/508 513/513/513 
f 508/508/508 506/506/506 513/513/513 
f 513/513/513 506/506/506 514/514/514 
f 506/506/506 515/515/515 514/514/514 
f 514/514/514 515/515/515 279/279/279 
f 515/515/515 516/516/516 279/279/279 
f 279/279/279 516/516/516 281/281/281 
f 516/516/516 500/500/500 281/281/281 
f 281/281/281 500/500/500 282/282/282 
f 500/500/500 498/498/498 282/282/282 
f 282/282/282 498/498/498 254/254/254 
f 498/498/498 254/254/254 254/254/254 
f 254/254/254 254/254/254 279/279/279 
f 254/254/254 279/279/279 279/279/279 
f 279/279/279 279/279/279 279/279/279 
f 279/279/279 277/277/277 279/279/279 
f 279/279/279 277/277/277 514/514/514 
f 277/277/277 275/275/275 514/514/514 
f 514/514/514 275/275/275 517/517/517 
f 275/275/275 273/273/273 517/517/517 
f 517/517/517 273/273/273 518/518/518 
f 273/273/273 271/271/271 518/518/518 
f 518/518/518 271/271/271 519/519/519 
f 271/271/271 270/270/270 519/519/519 
f 519/519/519 270/270/270 269/269/269 
f 270/270/270 269/269/269 269/269/269 
f 269/269/269 269/269/269 514/514/514 
f 269/269/269 514/514/514 514/514/514 
f 514/514/514 514/514/514 514/514/514 
f 514/514/514 517/517/517 514/514/514 
f 514/514/514 517/517/517 513/513/513 
f 517/517/517 520/520/520 513/513/513 
f 513/513/513 520/520/520 510/510/510 
f 520/520/520 521/521/521 510/510/510 
f 510/510/510 521/521/521 512/512/512 
f 521/521/521 522/522/522 512/512/512 
f 512/512/512 522/522/522 494/494/494 
f 522/522/522 492/492/492 494/494/494 
f 494/494/494 492/492/492 492/492/492 
f 492/492/492 517/517/517 492/492/492 
f 492/492/492 517/517/517 517/517/517 
f 517/517/517 518/518/518 517/517/517 
f 517/517/517 518/518/518 520/520/520 
f 518/518/518 523/523/523 520/520/520 
f 520/520/520 523/523/523 521/521/521 
f 523/523/523 522/522/522 521/521/521 
f 521/521/521 522/522/522 522/522/522 
f 522/522/522 518/518/518 522/522/522 
f 522/522/522 518/518/518 518/518/518 
f 518/518/518 519/519/519 518/518/518 
f 518/518/518 519/519/519 523/523/523 
f 519/519/519 524/524/524 523/523/523 
f 523/523/523 524/524/524 522/522/522 
f 524/524/524 492/492/492 522/522/522 
f 522/522/522 492/492/492 492/492/492 
f 492/492/492 524/524/524 492/492/492 
f 492/492/492 524/524/524 490/490/490 
f 524/524/524 269/269/269 490/490/490 
f 490/490/490 269/269/269 268/268/268 
f 269/269/269 268/268/268 268/268/268 
f 268/268/268 268/268/268 506/506/506 
f 268/268/268 506/506/506 506/506/506 
f 506/506/506 506/506/506 506/506/506 
f 506/506/506 504/504/504 506/506/506 
f 506/506/506 504/504/504 515/515/515 
f 504/504/504 516/516/516 515/515/515 
f 515/515/515 516/516/516 516/516/516 
f 516/516/516 504/504/504 516/516/516 
f 516/516/516 504/504/504 504/504/504 
f 504/504/504 502/502/502 504/504/504 
f 504/504/504 502/502/502 516/516/516 
f 502/502/502 500/500/500 516/516/516 
f 516/516/516 500/500/500 500/500/500 
f 500/500/500 509/509/509 500/500/500 
f 500/500/500 509/509/509 509/509/509 
f 509/509/509 525/525/525 509/509/509 
f 509/509/509 525/525/525 507/507/507 
f 525/525/525 526/526/526 507/507/507 
f 507/507/507 526/526/526 505/505/505 
f 526/526/526 527/527/527 505/505/505 
f 505/505/505 527/527/527 503/503/503 
f 527/527/527 528/528/528 503/503/503 
f 503/503/503 528/528/528 529/529/529 
f 528/528/528 529/529/529 529/529/529 
f 529/529/529 529/529/529 528/528/528 
f 529/529/529 528/528/528 528/528/528 
f 528/528/528 528/528/528 528/528/528 
f 528/528/528 527/527/527 528/528/528 
f 528/528/528 527/527/527 530/530/530 
f 527/527/527 526/526/526 530/530/530 
f 530/530/530 526/526/526 531/531/531 
f 526/526/526 532/532/532 531/531/531 
f 531/531/531 532/532/532 532/532/532 
f 532/532/532 533/533/533 532/532/532 
f 532/532/532 533/533/533 533/533/533 
f 533/533/533 534/534/534 533/533/533 
f 533/533/533 534/534/534 535/535/535 
f 534/534/534 536/536/536 535/535/535 
f 535/535/535 536/536/536 537/537/537 
f 536/536/536 538/538/538 537/537/537 
f 537/537/537 538/538/538 539/539/539 
f 538/538/538 540/540/540 539/539/539 
f 539/539/539 540/540/540 541/541/541 
f 540/540/540 542/542/542 541/541/541 
f 541/541/541 542/542/542 543/543/543 
f 542/542/542 544/544/544 543/543/543 
f 543/543/543 544/544/544 545/545/545 
f 544/544/544 545/545/545 545/545/545 
f 545/545/545 545/545/545 533/533/533 
f 545/545/545 533/533/533 533/533/533 
f 533/533/533 533/533/533 533/533/533 
f 533/533/533 535/535/535 533/533/533 
f 533/533/533 535/535/535 546/546/546 
f 535/535/535 547/547/547 546/546/546 
f 546/546/546 547/547/547 548/548/548 
f 547/547/547 549/549/549 548/548/548 
f 548/548/548 549/549/549 550/550/550 
f 549/549/549 551/551/551 550/550/550 
f 550/550/550 551/551/551 552/552/552 
f 551/551/551 549/549/549 552/552/552 
f 552/552/552 549/549/549 547/547/547 
f 549/549/549 547/547/547 547/547/547 
f 547/547/547 547/547/547 535/535/535 
f 547/547/547 535/535/535 535/535/535 
f 535/535/535 535/535/535 535/535/535 
f 535/535/535 537/537/537 535/535/535 
f 535/535/535 537/537/537 547/547/547 
f 537/537/537 552/552/552 547/547/547 
f 547/547/547 552/552/552 552/552/552 
f 552/552/552 537/537/537 552/552/552 
f 552/552/552 537/537/537 553/553/553 
f 537/537/537 554/554/554 553/553/553 
f 553/553/553 554/554/554 555/555/555 
f 554/554/554 556/556/556 555/555/555 
f 555/555/555 556/556/556 557/557/557 
f 556/556/556 558/558/558 557/557/557 
f 557/557/557 558/558/558 559/559/559 
f 558/558/558 559/559/559 559/559/559 
f 559/559/559 559/559/559 558/558/558 
f 559/559/559 558/558/558 558/558/558 
f 558/558/558 558/558/558 558/558/558 
f 558/558/558 556/556/556 558/558/558 
f 558/558/558 556/556/556 560/560/560 
f 556/556/556 561/561/561 560/560/560 
f 560/560/560 561/561/561 562/562/562 
f 561/561/561 563/563/563 562/562/562 
f 562/562/562 563/563/563 564/564/564 
f 563/563/563 565/565/565 564/564/564 
f 564/564/564 565/565/565 566/566/566 
f 565/565/565 567/567/567 566/566/566 
f 566/566/566 567/567/567 568/568/568 
f 567/567/567 569/569/569 568/568/568 
f 568/568/568 569/569/569 539/539/539 
f 569/569/569 570/570/570 539/539/539 
f 539/539/539 570/570/570 571/571/571 
f 570/570/570 563/563/563 571/571/571 
f 571/571/571 563/563/563 561/561/561 
f 563/563/563 561/561/561 561/561/561 
f 561/561/561 561/561/561 569/569/569 
f 561/561/561 569/569/569 569/569/569 
f 569/569/569 569/569/569 569/569/569 
f 569/569/569 567/567/567 569/569/569 
f 569/569/569 567/567/567 570/570/570 
f 567/567/567 565/565/565 570/570/570 
f 570/570/570 565/565/565 563/563/563 
f 565/565/565 563/563/563 563/563/563 
f 563/563/563 563/563/563 534/534/534 
f 563/563/563 534/534/534 534/534/534 
f 534/534/534 534/534/534 534/534/534 
f 534/534/534 572/572/572 534/534/534 
f 534/534/534 572/572/572 536/536/536 
f 572/572/572 542/542/542 536/536/536 
f 536/536/536 542/542/542 540/540/540 
f 542/542/542 540/540/540 540/540/540 
f 540/540/540 540/540/540 533/533/533 
f 540/540/540 533/533/533 533/533/533 
f 533/533/533 533/533/533 533/533/533 
f 533/533/533 546/546/546 533/533/533 
f 533/533/533 546/546/546 573/573/573 
f 546/546/546 548/548/548 573/573/573 
f 573/573/573 548/548/548 574/574/574 
f 548/548/548 575/575/575 574/574/574 
f 574/574/574 575/575/575 575/575/575 
f 575/575/575 548/548/548 575/575/575 
f 575/575/575 548/548/548 548/548/548 
f 548/548/548 550/550/550 548/548/548 
f 548/548/548 550/550/550 575/575/575 
f 550/550/550 576/576/576 575/575/575 
f 575/575/575 576/576/576 577/577/577 
f 576/576/576 578/578/578 577/577/577 
f 577/577/577 578/578/578 579/579/579 
f 578/578/578 559/559/559 579/579/579 
f 579/579/579 559/559/559 559/559/559 
f 559/559/559 576/576/576 559/559/559 
f 559/559/559 576/576/576 576/576/576 
f 576/576/576 552/552/552 576/576/576 
f 576/576/576 552/552/552 578/578/578 
f 552/552/552 580/580/580 578/578/578 
f 578/578/578 580/580/580 557/557/557 
f 580/580/580 553/553/553 557/557/557 
f 557/557/557 553/553/553 555/555/555 
f 553/553/553 555/555/555 555/555/555 
f 555/555/555 555/555/555 556/556/556 
f 555/555/555 556/556/556 556/556/556 
f 556/556/556 556/556/556 556/556/556 
f 556/556/556 554/554/554 556/556/556 
f 556/556/556 554/554/554 561/561/561 
f 554/554/554 571/571/571 561/561/561 
f 561/561/561 571/571/571 571/571/571 
f 571/571/571 554/554/554 571/571/571 
f 571/571/571 554/554/554 539/539/539 
f 554/554/554 537/537/537 539/539/539 
f 539/539/539 537/537/537 537/537/537 
f 537/537/537 566/566/566 537/537/537 
f 537/537/537 566/566/566 566/566/566 
f 566/566/566 568/568/568 566/566/566 
f 566/566/566 568/568/568 545/545/545 
f 568/568/568 543/543/543 545/545/545 
f 545/545/545 543/543/543 543/543/543 
f 543/543/543 568/568/568 543/543/543 
f 543/543/543 568/568/568 541/541/541 
f 568/568/568 539/539/539 541/541/541 
f 541/541/541 539/539/539 539/539/539 
f 539/539/539 581/581/581 539/539/539 
f 539/539/539 581/581/581 581/581/581 
f 581/581/581 582/582/582 581/581/581 
f 581/581/581 582/582/582 583/583/583 
f 582/582/582 584/584/584 583/583/583 
f 583/583/583 584/584/584 585/585/585 
f 584/584/584 586/586/586 585/585/585 
f 585/585/585 586/586/586 587/587/587 
f 586/586/586 588/588/588 587/587/587 
f 587/587/587 588/588/588 589/589/589 
f 588/588/588 590/590/590 589/589/589 
f 589/589/589 590/590/590 591/591/591 
f 590/590/590 592/592/592 591/591/591 
f 591/591/591 592/592/592 593/593/593 
f 592/592/592 594/594/594 593/593/593 
f 593/593/593 594/594/594 595/595/595 
f 594/594/594 595/595/595 595/595/595 
f 595/595/595 595/595/595 585/585/585 
f 595/595/595 585/585/585 585/585/585 
f 585/585/585 585/585/585 585/585/585 
f 585/585/585 587/587/587 585/585/585 
f 585/585/585 587/587/587 596/596/596 
f 587/587/587 589/589/589 596/596/596 
f 596/596/596 589/589/589 597/597/597 
f 589/589/589 591/591/591 597/597/597 
f 597/597/597 591/591/591 598/598/598 
f 591/591/591 593/593/593 598/598/598 
f 598/598/598 593/593/593 599/599/599 
f 593/593/593 595/595/595 599/599/599 
f 599/599/599 595/595/595 600/600/600 
f 595/595/595 601/601/601 600/600/600 
f 600/600/600 601/601/601 602/602/602 
f 601/601/601 602/602/602 602/602/602 
f 602/602/602 602/602/602 597/597/597 
f 602/602/602 597/597/597 597/597/597 
f 597/597/597 597/597/597 597/597/597 
f 597/597/597 598/598/598 597/597/597 
f 597/597/597 598/598/598 603/603/603 
f 598/598/598 604/604/604 603/603/603 
f 603/603/603 604/604/604 605/605/605 
f 604/604/604 606/606/606 605/605/605 
f 605/605/605 606/606/606 607/607/607 
f 606/606/606 608/608/608 607/607/607 
f 607/607/607 608/608/608 609/609/609 
f 608/608/608 610/610/610 609/609/609 
f 609/609/609 610/610/610 611/611/611 
f 610/610/610 612/612/612 611/611/611 
f 611/611/611 612/612/612 613/613/613 
f 612/612/612 614/614/614 613/613/613 
f 613/613/613 614/614/614 615/615/615 
f 614/614/614 582/582/582 615/615/615 
f 615/615/615 582/582/582 616/616/616 
f 582/582/582 581/581/581 616/616/616 
f 616/616/616 581/581/581 581/581/581 
f 581/581/581 612/612/612 581/581/581 
f 581/581/581 612/612/612 612/612/612 
f 612/612/612 610/610/610 612/612/612 
f 612/612/612 610/610/610 617/617/617 
f 610/610/610 608/608/608 617/617/617 
f 617/617/617 608/608/608 618/618/618 
f 608/608/608 606/606/606 618/618/618 
f 618/618/618 606/606/606 619/619/619 
f 606/606/606 600/600/600 619/619/619 
f 619/619/619 600/600/600 602/602/602 
f 600/600/600 602/602/602 602/602/602 
f 602/602/602 602/602/602 619/619/619 
f 602/602/602 619/619/619 619/619/619 
f 619/619/619 619/619/619 619/619/619 
f 619/619/619 620/620/620 619/619/619 
f 619/619/619 620/620/620 618/618/618 
f 620/620/620 621/621/621 618/618/618 
f 618/618/618 621/621/621 622/622/622 
f 621/621/621 623/623/623 622/622/622 
f 622/622/622 623/623/623 624/624/624 
f 623/623/623 625/625/625 624/624/624 
f 624/624/624 625/625/625 614/614/614 
f 625/625/625 626/626/626 614/614/614 
f 614/614/614 626/626/626 627/627/627 
f 626/626/626 628/628/628 627/627/627 
f 627/627/627 628/628/628 586/586/586 
f 628/628/628 588/588/588 586/586/586 
f 586/586/586 588/588/588 588/588/588 
f 588/588/588 614/614/614 588/588/588 
f 588/588/588 614/614/614 614/614/614 
f 614/614/614 612/612/612 614/614/614 
f 614/614/614 612/612/612 624/624/624 
f 612/612/612 617/617/617 624/624/624 
f 624/624/624 617/617/617 622/622/622 
f 617/617/617 618/618/618 622/622/622 
f 622/622/622 618/618/618 618/618/618 
f 618/618/618 621/621/621 618/618/618 
f 618/618/618 621/621/621 621/621/621 
f 621/621/621 629/629/629 621/621/621 
f 621/621/621 629/629/629 623/623/623 
f 629/629/629 630/630/630 623/623/623 
f 623/623/623 630/630/630 625/625/625 
f 630/630/630 631/631/631 625/625/625 
f 625/625/625 631/631/631 626/626/626 
f 631/631/631 628/628/628 626/626/626 
f 626/626/626 628/628/628 628/628/628 
f 628/628/628 629/629/629 628/628/628 
f 628/628/628 629/629/629 629/629/629 
f 629/629/629 632/632/632 629/629/629 
f 629/629/629 632/632/632 630/630/630 
f 632/632/632 633/633/633 630/630/630 
f 630/630/630 633/633/633 631/631/631 
f 633/633/633 634/634/634 631/631/631 
f 631/631/631 634/634/634 635/635/635 
f 634/634/634 636/636/636 635/635/635 
f 635/635/635 636/636/636 637/637/637 
f 636/636/636 638/638/638 637/637/637 
f 637/637/637 638/638/638 592/592/592 
f 638/638/638 594/594/594 592/592/592 
f 592/592/592 594/594/594 594/594/594 
f 594/594/594 631/631/631 594/594/594 
f 594/594/594 631/631/631 631/631/631 
f 631/631/631 635/635/635 631/631/631 
f 631/631/631 635/635/635 628/628/628 
f 635/635/635 637/637/637 628/628/628 
f 628/628/628 637/637/637 588/588/588 
f 637/637/637 590/590/590 588/588/588 
f 588/588/588 590/590/590 590/590/590 
f 590/590/590 586/586/586 590/590/590 
f 590/590/590 586/586/586 586/586/586 
f 586/586/586 584/584/584 586/586/586 
f 586/586/586 584/584/584 627/627/627 
f 584/584/584 582/582/582 627/627/627 
f 627/627/627 582/582/582 614/614/614 
f 582/582/582 614/614/614 614/614/614 
f 614/614/614 614/614/614 583/583/583 
f 614/614/614 583/583/583 583/583/583 
f 583/583/583 583/583/583 583/583/583 
f 583/583/583 585/585/585 583/583/583 
f 583/583/583 585/585/585 639/639/639 
f 585/585/585 596/596/596 639/639/639 
f 639/639/639 596/596/596 640/640/640 
f 596/596/596 641/641/641 640/640/640 
f 640/640/640 641/641/641 641/641/641 
f 641/641/641 596/596/596 641/641/641 
f 641/641/641 596/596/596 642/642/642 
f 596/596/596 597/597/597 642/642/642 
f 642/642/642 597/597/597 603/603/603 
f 597/597/597 603/603/603 603/603/603 
f 603/603/603 603/603/603 641/641/641 
f 603/603/603 641/641/641 641/641/641 
f 641/641/641 641/641/641 641/641/641 
f 641/641/641 642/642/642 641/641/641 
f 641/641/641 642/642/642 643/643/643 
f 642/642/642 603/603/603 643/643/643 
f 643/643/643 603/603/603 644/644/644 
f 603/603/603 605/605/605 644/644/644 
f 644/644/644 605/605/605 645/645/645 
f 605/605/605 607/607/607 645/645/645 
f 645/645/645 607/607/607 646/646/646 
f 607/607/607 609/609/609 646/646/646 
f 646/646/646 609/609/609 611/611/611 
f 609/609/609 611/611/611 611/611/611 
f 611/611/611 611/611/611 644/644/644 
f 611/611/611 644/644/644 644/644/644 
f 644/644/644 644/644/644 644/644/644 
f 644/644/644 645/645/645 644/644/644 
f 644/644/644 645/645/645 647/647/647 
f 645/645/645 646/646/646 647/647/647 
f 647/647/647 646/646/646 648/648/648 
f 646/646/646 611/611/611 648/648/648 
f 648/648/648 611/611/611 649/649/649 
f 611/611/611 613/613/613 649/649/649 
f 649/649/649 613/613/613 650/650/650 
f 613/613/613 616/616/616 650/650/650 
f 650/650/650 616/616/616 616/616/616 
f 616/616/616 647/647/647 616/616/616 
f 616/616/616 647/647/647 647/647/647 
f 647/647/647 651/651/651 647/647/647 
f 647/647/647 651/651/651 644/644/644 
f 651/651/651 643/643/643 644/644/644 
f 644/644/644 643/643/643 643/643/643 
f 643/643/643 651/651/651 643/643/643 
f 643/643/643 651/651/651 651/651/651 
f 651/651/651 652/652/652 651/651/651 
f 651/651/651 652/652/652 643/643/643 
f 652/652/652 641/641/641 643/643/643 
f 643/643/643 641/641/641 641/641/641 
f 641/641/641 598/598/598 641/641/641 
f 641/641/641 598/598/598 598/598/598 
f 598/598/598 599/599/599 598/598/598 
f 598/598/598 599/599/599 604/604/604 
f 599/599/599 600/600/600 604/604/604 
f 604/604/604 600/600/600 606/606/606 
f 600/600/600 606/606/606 606/606/606 
f 606/606/606 606/606/606 653/653/653 
f 606/606/606 653/653/653 653/653/653 
f 653/653/653 653/653/653 653/653/653 
f 653/653/653 654/654/654 653/653/653 
f 653/653/653 654/654/654 655/655/655 
f 654/654/654 656/656/656 655/655/655 
f 655/655/655 656/656/656 657/657/657 
f 656/656/656 658/658/658 657/657/657 
f 657/657/657 658/658/658 659/659/659 
f 658/658/658 660/660/660 659/659/659 
f 659/659/659 660/660/660 661/661/661 
f 660/660/660 662/662/662 661/661/661 
f 661/661/661 662/662/662 663/663/663 
f 662/662/662 664/664/664 663/663/663 
f 663/663/663 664/664/664 665/665/665 
f 664/664/664 666/666/666 665/665/665 
f 665/665/665 666/666/666 667/667/667 
f 666/666/666 668/668/668 667/667/667 
f 667/667/667 668/668/668 669/669/669 
f 668/668/668 670/670/670 669/669/669 
f 669/669/669 670/670/670 671/671/671 
f 670/670/670 672/672/672 671/671/671 
f 671/671/671 672/672/672 673/673/673 
f 672/672/672 674/674/674 673/673/673 
f 673/673/673 674/674/674 675/675/675 
f 674/674/674 676/676/676 675/675/675 
f 675/675/675 676/676/676 677/677/677 
f 676/676/676 678/678/678 677/677/677 
f 677/677/677 678/678/678 679/679/679 
f 678/678/678 680/680/680 679/679/679 
f 679/679/679 680/680/680 681/681/681 
f 680/680/680 682/682/682 681/681/681 
f 681/681/681 682/682/682 683/683/683 
f 682/682/682 684/684/684 683/683/683 
f 683/683/683 684/684/684 653/653/653 
f 684/684/684 654/654/654 653/653/653 
f 653/653/653 654/654/654 654/654/654 
f 654/654/654 678/678/678 654/654/654 
f 654/654/654 678/678/678 678/678/678 
f 678/678/678 676/676/676 678/678/678 
f 678/678/678 676/676/676 685/685/685 
f 676/676/676 674/674/674 685/685/685 
f 685/685/685 674/674/674 686/686/686 
f 674/674/674 672/672/672 686/686/686 
f 686/686/686 672/672/672 687/687/687 
f 672/672/672 670/670/670 687/687/687 
f 687/687/687 670/670/670 688/688/688 
f 670/670/670 668/668/668 688/688/688 
f 688/688/688 668/668/668 689/689/689 
f 668/668/668 690/690/690 689/689/689 
f 689/689/689 690/690/690 688/688/688 
f 690/690/690 691/691/691 688/688/688 
f 688/688/688 691/691/691 686/686/686 
f 691/691/691 692/692/692 686/686/686 
f 686/686/686 692/692/692 693/693/693 
f 692/692/692 680/680/680 693/693/693 
f 693/693/693 680/680/680 678/678/678 
f 680/680/680 678/678/678 678/678/678 
f 678/678/678 678/678/678 668/668/668 
f 678/678/678 668/668/668 668/668/668 
f 668/668/668 668/668/668 668/668/668 
f 668/668/668 666/666/666 668/668/668 
f 668/668/668 666/666/666 690/690/690 
f 666/666/666 664/664/664 690/690/690 
f 690/690/690 664/664/664 694/694/694 
f 664/664/664 662/662/662 694/694/694 
f 694/694/694 662/662/662 695/695/695 
f 662/662/662 660/660/660 695/695/695 
f 695/695/695 660/660/660 696/696/696 
f 660/660/660 697/697/697 696/696/696 
f 696/696/696 697/697/697 695/695/695 
f 697/697/697 690/690/690 695/695/695 
f 695/695/695 690/690/690 694/694/694 
f 690/690/690 694/694/694 694/694/694 
f 694/694/694 694/694/694 690/690/690 
f 694/694/694 690/690/690 690/690/690 
f 690/690/690 690/690/690 690/690/690 
f 690/690/690 697/697/697 690/690/690 
f 690/690/690 697/697/697 691/691/691 
f 697/697/697 698/698/698 691/691/691 
f 691/691/691 698/698/698 699/699/699 
f 698/698/698 684/684/684 699/699/699 
f 699/699/699 684/684/684 682/682/682 
f 684/684/684 682/682/682 682/682/682 
f 682/682/682 682/682/682 697/697/697 
f 682/682/682 697/697/697 697/697/697 
f 697/697/697 697/697/697 697/697/697 
f 697/697/697 700/700/700 697/697/697 
f 697/697/697 700/700/700 698/698/698 
f 700/700/700 656/656/656 698/698/698 
f 698/698/698 656/656/656 654/654/654 
f 656/656/656 654/654/654 654/654/654 
f 654/654/654 654/654/654 656/656/656 
f 654/654/654 656/656/656 656/656/656 
f 656/656/656 656/656/656 656/656/656 
f 656/656/656 700/700/700 656/656/656 
f 656/656/656 700/700/700 658/658/658 
f 700/700/700 697/697/697 658/658/658 
f 658/658/658 697/697/697 660/660/660 
f 697/697/697 660/660/660 660/660/660 
f 660/660/660 660/660/660 678/678/678 
f 660/660/660 678/678/678 678/678/678 
f 678/678/678 678/678/678 678/678/678 
f 678/678/678 685/685/685 678/678/678 
f 678/678/678 685/685/685 693/693/693 
f 685/685/685 686/686/686 693/693/693 
f 693/693/693 686/686/686 686/686/686 
f 686/686/686 699/699/699 686/686/686 
f 686/686/686 699/699/699 699/699/699 
f 699/699/699 682/682/682 699/699/699 
f 699/699/699 682/682/682 691/691/691 
f 682/682/682 692/692/692 691/691/691 
f 691/691/691 692/692/692 692/692/692 
f 692/692/692 701/701/701 692/692/692 
f 692/692/692 701/701/701 701/701/701 
f 701/701/701 702/702/702 701/701/701 
f 701/701/701 702/702/702 703/703/703 
f 702/702/702 704/704/704 703/703/703 
f 703/703/703 704/704/704 705/705/705 
f 704/704/704 706/706/706 705/705/705 
f 705/705/705 706/706/706 707/707/707 
f 706/706/706 708/708/708 707/707/707 
f 707/707/707 708/708/708 709/709/709 
f 708/708/708 710/710/710 709/709/709 
f 709/709/709 710/710/710 711/711/711 
f 710/710/710 712/712/712 711/711/711 
f 711/711/711 712/712/712 713/713/713 
f 712/712/712 714/714/714 713/713/713 
f 713/713/713 714/714/714 715/715/715 
f 714/714/714 716/716/716 715/715/715 
f 715/715/715 716/716/716 717/717/717 
f 716/716/716 718/718/718 717/717/717 
f 717/717/717 718/718/718 718/718/718 
f 718/718/718 711/711/711 718/718/718 
f 718/718/718 711/711/711 711/711/711 
f 711/711/711 719/719/719 711/711/711 
f 711/711/711 719/719/719 709/709/709 
f 719/719/719 720/720/720 709/709/709 
f 709/709/709 720/720/720 707/707/707 
f 720/720/720 721/721/721 707/707/707 
f 707/707/707 721/721/721 705/705/705 
f 721/721/721 722/722/722 705/705/705 
f 705/705/705 722/722/722 703/703/703 
f 722/722/722 723/723/723 703/703/703 
f 703/703/703 723/723/723 724/724/724 
f 723/723/723 725/725/725 724/724/724 
f 724/724/724 725/725/725 726/726/726 
f 725/725/725 727/727/727 726/726/726 
f 726/726/726 727/727/727 728/728/728 
f 727/727/727 729/729/729 728/728/728 
f 728/728/728 729/729/729 730/730/730 
f 729/729/729 731/731/731 730/730/730 
f 730/730/730 731/731/731 732/732/732 
f 731/731/731 733/733/733 732/732/732 
f 732/732/732 733/733/733 734/734/734 
f 733/733/733 735/735/735 734/734/734 
f 734/734/734 735/735/735 735/735/735 
f 735/735/735 726/726/726 735/735/735 
f 735/735/735 726/726/726 726/726/726 
f 726/726/726 701/701/701 726/726/726 
f 726/726/726 701/701/701 724/724/724 
f 701/701/701 703/703/703 724/724/724 
f 724/724/724 703/703/703 703/703/703 
f 703/703/703 711/711/711 703/703/703 
f 703/703/703 711/711/711 711/711/711 
f 711/711/711 713/713/713 711/711/711 
f 711/711/711 713/713/713 719/719/719 
f 713/713/713 736/736/736 719/719/719 
f 719/719/719 736/736/736 737/737/737 
f 736/736/736 738/738/738 737/737/737 
f 737/737/737 738/738/738 739/739/739 
f 738/738/738 739/739/739 739/739/739 
f 739/739/739 739/739/739 738/738/738 
f 739/739/739 738/738/738 738/738/738 
f 738/738/738 738/738/738 738/738/738 
f 738/738/738 736/736/736 738/738/738 
f 738/738/738 736/736/736 740/740/740 
f 736/736/736 715/715/715 740/740/740 
f 740/740/740 715/715/715 717/717/717 
f 715/715/715 717/717/717 717/717/717 
f 717/717/717 717/717/717 710/710/710 
f 717/717/717 710/710/710 710/710/710 
f 710/710/710 710/710/710 710/710/710 
f 710/710/710 741/741/741 710/710/710 
f 710/710/710 741/741/741 712/712/712 
f 741/741/741 742/742/742 712/712/712 
f 712/712/712 742/742/742 743/743/743 
f 742/742/742 744/744/744 743/743/743 
f 743/743/743 744/744/744 745/745/745 
f 744/744/744 746/746/746 745/745/745 
f 745/745/745 746/746/746 747/747/747 
f 746/746/746 748/748/748 747/747/747 
f 747/747/747 748/748/748 749/749/749 
f 748/748/748 750/750/750 749/749/749 
f 749/749/749 750/750/750 751/751/751 
f 750/750/750 752/752/752 751/751/751 
f 751/751/751 752/752/752 753/753/753 
f 752/752/752 754/754/754 753/753/753 
f 753/753/753 754/754/754 755/755/755 
f 754/754/754 756/756/756 755/755/755 
f 755/755/755 756/756/756 756/756/756 
f 756/756/756 712/712/712 756/756/756 
f 756/756/756 712/712/712 712/712/712 
f 712/712/712 743/743/743 712/712/712 
f 712/712/712 743/743/743 714/714/714 
f 743/743/743 757/757/757 714/714/714 
f 714/714/714 757/757/757 716/716/716 
f 757/757/757 745/745/745 716/716/716 
f 716/716/716 745/745/745 758/758/758 
f 745/745/745 759/759/759 758/758/758 
f 758/758/758 759/759/759 760/760/760 
f 759/759/759 761/761/761 760/760/760 
f 760/760/760 761/761/761 761/761/761 
f 761/761/761 745/745/745 761/761/761 
f 761/761/761 745/745/745 745/745/745 
f 745/745/745 747/747/747 745/745/745 
f 745/745/745 747/747/747 759/759/759 
f 747/747/747 762/762/762 759/759/759 
f 759/759/759 762/762/762 761/761/761 
f 762/762/762 763/763/763 761/761/761 
f 761/761/761 763/763/763 763/763/763 
f 763/763/763 747/747/747 763/763/763 
f 763/763/763 747/747/747 747/747/747 
f 747/747/747 749/749/749 747/747/747 
f 747/747/747 749/749/749 762/762/762 
f 749/749/749 751/751/751 762/762/762 
f 762/762/762 751/751/751 763/763/763 
f 751/751/751 764/764/764 763/763/763 
f 763/763/763 764/764/764 764/764/764 
f 764/764/764 751/751/751 764/764/764 
f 764/764/764 751/751/751 751/751/751 
f 751/751/751 753/753/753 751/751/751 
f 751/751/751 753/753/753 764/764/764 
f 753/753/753 755/755/755 764/764/764 
f 764/764/764 755/755/755 755/755/755 
f 755/755/755 742/742/742 755/755/755 
f 755/755/755 742/742/742 742/742/742 
f 742/742/742 765/765/765 742/742/742 
f 742/742/742 765/765/765 744/744/744 
f 765/765/765 766/766/766 744/744/744 
f 744/744/744 766/766/766 746/746/746 
f 766/766/766 748/748/748 746/746/746 
f 746/746/746 748/748/748 748/748/748 
f 748/748/748 766/766/766 748/748/748 
f 748/748/748 766/766/766 766/766/766 
f 766/766/766 735/735/735 766/766/766 
f 766/766/766 735/735/735 748/748/748 
f 735/735/735 733/733/733 748/748/748 
f 748/748/748 733/733/733 750/750/750 
f 733/733/733 752/752/752 750/750/750 
f 750/750/750 752/752/752 752/752/752 
f 752/752/752 733/733/733 752/752/752 
f 752/752/752 733/733/733 733/733/733 
f 733/733/733 731/731/731 733/733/733 
f 733/733/733 731/731/731 752/752/752 
f 731/731/731 729/729/729 752/752/752 
f 752/752/752 729/729/729 767/767/767 
f 729/729/729 727/727/727 767/767/767 
f 767/767/767 727/727/727 768/768/768 
f 727/727/727 769/769/769 768/768/768 
f 768/768/768 769/769/769 770/770/770 
f 769/769/769 771/771/771 770/770/770 
f 770/770/770 771/771/771 772/772/772 
f 771/771/771 773/773/773 772/772/772 
f 772/772/772 773/773/773 773/773/773 
f 773/773/773 772/772/772 773/773/773 
f 773/773/773 772/772/772 772/772/772 
f 772/772/772 756/756/756 772/772/772 
f 772/772/772 756/756/756 770/770/770 
f 756/756/756 754/754/754 770/770/770 
f 770/770/770 754/754/754 768/768/768 
f 754/754/754 767/767/767 768/768/768 
f 768/768/768 767/767/767 767/767/767 
f 767/767/767 716/716/716 767/767/767 
f 767/767/767 716/716/716 716/716/716 
f 716/716/716 758/758/758 716/716/716 
f 716/716/716 758/758/758 718/718/718 
f 758/758/758 760/760/760 718/718/718 
f 718/718/718 760/760/760 760/760/760 
f 760/760/760 727/727/727 760/760/760 
f 760/760/760 727/727/727 727/727/727 
f 727/727/727 725/725/725 727/727/727 
f 727/727/727 725/725/725 769/769/769 
f 725/725/725 723/723/723 769/769/769 
f 769/769/769 723/723/723 774/774/774 
f 723/723/723 775/775/775 774/774/774 
f 774/774/774 775/775/775 776/776/776 
f 775/775/775 777/777/777 776/776/776 
f 776/776/776 777/777/777 777/777/777 
f 777/777/777 723/723/723 777/777/777 
f 777/777/777 723/723/723 723/723/723 
f 723/723/723 722/722/722 723/723/723 
f 723/723/723 722/722/722 775/775/775 
f 722/722/722 721/721/721 775/775/775 
f 775/775/775 721/721/721 778/778/778 
f 721/721/721 779/779/779 778/778/778 
f 778/778/778 779/779/779 780/780/780 
f 779/779/779 739/739/739 780/780/780 
f 780/780/780 739/739/739 739/739/739 
f 739/739/739 721/721/721 739/739/739 
f 739/739/739 721/721/721 721/721/721 
f 721/721/721 720/720/720 721/721/721 
f 721/721/721 720/720/720 779/779/779 
f 720/720/720 719/719/719 779/779/779 
f 779/779/779 719/719/719 737/737/737 
f 719/719/719 737/737/737 737/737/737 
f 737/737/737 737/737/737 769/769/769 
f 737/737/737 769/769/769 769/769/769 
f 769/769/769 769/769/769 769/769/769 
f 769/769/769 774/774/774 769/769/769 
f 769/769/769 774/774/774 771/771/771 
f 774/774/774 773/773/773 771/771/771 
f 771/771/771 773/773/773 773/773/773 
f 773/773/773 775/775/775 773/773/773 
f 773/773/773 775/775/775 775/775/775 
f 775/775/775 778/778/778 775/775/775 
f 775/775/775 778/778/778 777/777/777 
f 778/778/778 780/780/780 777/777/777 
f 777/777/777 780/780/780 780/780/780 
f 780/780/780 781/781/781 780/780/780 
f 780/780/780 781/781/781 781/781/781 
f 781/781/781 782/782/782 781/781/781 
f 781/781/781 782/782/782 783/783/783 
f 782/782/782 784/784/784 783/783/783 
f 783/783/783 784/784/784 785/785/785 
f 784/784/784 786/786/786 785/785/785 
f 785/785/785 786/786/786 787/787/787 
f 786/786/786 788/788/788 787/787/787 
f 787/787/787 788/788/788 789/789/789 
f 788/788/788 790/790/790 789/789/789 
f 789/789/789 790/790/790 791/791/791 
f 790/790/790 792/792/792 791/791/791 
f 791/791/791 792/792/792 793/793/793 
f 792/792/792 794/794/794 793/793/793 
f 793/793/793 794/794/794 795/795/795 
f 794/794/794 796/796/796 795/795/795 
f 795/795/795 796/796/796 797/797/797 
f 796/796/796 798/798/798 797/797/797 
f 797/797/797 798/798/798 799/799/799 
f 798/798/798 800/800/800 799/799/799 
f 799/799/799 800/800/800 801/801/801 
f 800/800/800 802/802/802 801/801/801 
f 801/801/801 802/802/802 803/803/803 
f 802/802/802 804/804/804 803/803/803 
f 803/803/803 804/804/804 805/805/805 
f 804/804/804 805/805/805 805/805/805 
f 805/805/805 805/805/805 796/796/796 
f 805/805/805 796/796/796 796/796/796 
f 796/796/796 796/796/796 796/796/796 
f 796/796/796 794/794/794 796/796/796 
f 796/796/796 794/794/794 806/806/806 
f 794/794/794 792/792/792 806/806/806 
f 806/806/806 792/792/792 807/807/807 
f 792/792/792 790/790/790 807/807/807 
f 807/807/807 790/790/790 808/808/808 
f 790/790/790 788/788/788 808/808/808 
f 808/808/808 788/788/788 809/809/809 
f 788/788/788 786/786/786 809/809/809 
f 809/809/809 786/786/786 810/810/810 
f 786/786/786 784/784/784 810/810/810 
f 810/810/810 784/784/784 811/811/811 
f 784/784/784 812/812/812 811/811/811 
f 811/811/811 812/812/812 813/813/813 
f 812/812/812 814/814/814 813/813/813 
f 813/813/813 814/814/814 815/815/815 
f 814/814/814 816/816/816 815/815/815 
f 815/815/815 816/816/816 817/817/817 
f 816/816/816 817/817/817 817/817/817 
f 817/817/817 817/817/817 810/810/810 
f 817/817/817 810/810/810 810/810/810 
f 810/810/810 810/810/810 810/810/810 
f 810/810/810 813/813/813 810/810/810 
f 810/810/810 813/813/813 809/809/809 
f 813/813/813 800/800/800 809/809/809 
f 809/809/809 800/800/800 807/807/807 
f 800/800/800 796/796/796 807/807/807 
f 807/807/807 796/796/796 806/806/806 
f 796/796/796 806/806/806 806/806/806 
f 806/806/806 806/806/806 800/800/800 
f 806/806/806 800/800/800 800/800/800 
f 800/800/800 800/800/800 800/800/800 
f 800/800/800 813/813/813 800/800/800 
f 800/800/800 813/813/813 818/818/818 
f 813/813/813 819/819/819 818/818/818 
f 818/818/818 819/819/819 820/820/820 
f 819/819/819 821/821/821 820/820/820 
f 820/820/820 821/821/821 822/822/822 
f 821/821/821 817/817/817 822/822/822 
f 822/822/822 817/817/817 817/817/817 
f 817/817/817 821/821/821 817/817/817 
f 817/817/817 821/821/821 815/815/815 
f 821/821/821 819/819/819 815/815/815 
f 815/815/815 819/819/819 823/823/823 
f 819/819/819 813/813/813 823/823/823 
f 823/823/823 813/813/813 815/815/815 
f 813/813/813 815/815/815 815/815/815 
f 815/815/815 815/815/815 804/804/804 
f 815/815/815 804/804/804 804/804/804 
f 804/804/804 804/804/804 804/804/804 
f 804/804/804 802/802/802 804/804/804 
f 804/804/804 802/802/802 824/824/824 
f 802/802/802 820/820/820 824/824/824 
f 824/824/824 820/820/820 825/825/825 
f 820/820/820 822/822/822 825/825/825 
f 825/825/825 822/822/822 822/822/822 
f 822/822/822 820/820/820 822/822/822 
f 822/822/822 820/820/820 820/820/820 
f 820/820/820 802/802/802 820/820/820 
f 820/820/820 802/802/802 818/818/818 
f 802/802/802 800/800/800 818/818/818 
f 818/818/818 800/800/800 800/800/800 
f 800/800/800 816/816/816 800/800/800 
f 800/800/800 816/816/816 816/816/816 
f 816/816/816 814/814/814 816/816/816 
f 816/816/816 814/814/814 781/781/781 
f 814/814/814 782/782/782 781/781/781 
f 781/781/781 782/782/782 782/782/782 
f 782/782/782 814/814/814 782/782/782 
f 782/782/782 814/814/814 814/814/814 
f 814/814/814 812/812/812 814/814/814 
f 814/814/814 812/812/812 782/782/782 
f 812/812/812 784/784/784 782/782/782 
f 782/782/782 784/784/784 784/784/784 
f 784/784/784 793/793/793 784/784/784 
f 784/784/784 793/793/793 793/793/793 
f 793/793/793 795/795/795 793/793/793 
f 793/793/793 795/795/795 826/826/826 
f 795/795/795 797/797/797 826/826/826 
f 826/826/826 797/797/797 827/827/827 
f 797/797/797 828/828/828 827/827/827 
f 827/827/827 828/828/828 805/805/805 
f 828/828/828 803/803/803 805/805/805 
f 805/805/805 803/803/803 803/803/803 
f 803/803/803 797/797/797 803/803/803 
f 803/803/803 797/797/797 797/797/797 
f 797/797/797 799/799/799 797/797/797 
f 797/797/797 799/799/799 828/828/828 
f 799/799/799 801/801/801 828/828/828 
f 828/828/828 801/801/801 803/803/803 
f 801/801/801 803/803/803 803/803/803 
f 803/803/803 803/803/803 829/829/829 
f 803/803/803 829/829/829 829/829/829 
f 829/829/829 829/829/829 829/829/829 
f 829/829/829 830/830/830 829/829/829 
f 829/829/829 830/830/830 831/831/831 
f 830/830/830 832/832/832 831/831/831 
f 831/831/831 832/832/832 833/833/833 
f 832/832/832 834/834/834 833/833/833 
f 833/833/833 834/834/834 835/835/835 
f 834/834/834 836/836/836 835/835/835 
f 835/835/835 836/836/836 837/837/837 
f 836/836/836 838/838/838 837/837/837 
f 837/837/837 838/838/838 839/839/839 
f 838/838/838 840/840/840 839/839/839 
f 839/839/839 840/840/840 841/841/841 
f 840/840/840 842/842/842 841/841/841 
f 841/841/841 842/842/842 843/843/843 
f 842/842/842 844/844/844 843/843/843 
f 843/843/843 844/844/844 845/845/845 
f 844/844/844 846/846/846 845/845/845 
f 845/845/845 846/846/846 846/846/846 
f 846/846/846 841/841/841 846/846/846 
f 846/846/846 841/841/841 841/841/841 
f 841/841/841 847/847/847 841/841/841 
f 841/841/841 847/847/847 839/839/839 
f 847/847/847 848/848/848 839/839/839 
f 839/839/839 848/848/848 837/837/837 
f 848/848/848 849/849/849 837/837/837 
f 837/837/837 849/849/849 835/835/835 
f 849/849/849 850/850/850 835/835/835 
f 835/835/835 850/850/850 833/833/833 
f 850/850/850 851/851/851 833/833/833 
f 833/833/833 851/851/851 831/831/831 
f 851/851/851 852/852/852 831/831/831 
f 831/831/831 852/852/852 829/829/829 
f 852/852/852 853/853/853 829/829/829 
f 829/829/829 853/853/853 854/854/854 
f 853/853/853 855/855/855 854/854/854 
f 854/854/854 855/855/855 855/855/855 
f 855/855/855 853/853/853 855/855/855 
f 855/855/855 853/853/853 853/853/853 
f 853/853/853 852/852/852 853/853/853 
f 853/853/853 852/852/852 856/856/856 
f 852/852/852 851/851/851 856/856/856 
f 856/856/856 851/851/851 857/857/857 
f 851/851/851 850/850/850 857/857/857 
f 857/857/857 850/850/850 858/858/858 
f 850/850/850 849/849/849 858/858/858 
f 858/858/858 849/849/849 859/859/859 
f 849/849/849 860/860/860 859/859/859 
f 859/859/859 860/860/860 860/860/860 
f 860/860/860 857/857/857 860/860/860 
f 860/860/860 857/857/857 857/857/857 
f 857/857/857 861/861/861 857/857/857 
f 857/857/857 861/861/861 856/856/856 
f 861/861/861 862/862/862 856/856/856 
f 856/856/856 862/862/862 853/853/853 
f 862/862/862 863/863/863 853/853/853 
f 853/853/853 863/863/863 855/855/855 
f 863/863/863 864/864/864 855/855/855 
f 855/855/855 864/864/864 864/864/864 
f 864/864/864 863/863/863 864/864/864 
f 864/864/864 863/863/863 865/865/865 
f 863/863/863 862/862/862 865/865/865 
f 865/865/865 862/862/862 866/866/866 
f 862/862/862 867/867/867 866/866/866 
f 866/866/866 867/867/867 868/868/868 
f 867/867/867 869/869/869 868/868/868 
f 868/868/868 869/869/869 870/870/870 
f 869/869/869 846/846/846 870/870/870 
f 870/870/870 846/846/846 844/844/844 
f 846/846/846 844/844/844 844/844/844 
f 844/844/844 844/844/844 869/869/869 
f 844/844/844 869/869/869 869/869/869 
f 869/869/869 869/869/869 869/869/869 
f 869/869/869 867/867/867 869/869/869 
f 869/869/869 867/867/867 871/871/871 
f 867/867/867 861/861/861 871/871/871 
f 871/871/871 861/861/861 872/872/872 
f 861/861/861 857/857/857 872/872/872 
f 872/872/872 857/857/857 873/873/873 
f 857/857/857 858/858/858 873/873/873 
f 873/873/873 858/858/858 859/859/859 
f 858/858/858 859/859/859 859/859/859 
f 859/859/859 859/859/859 859/859/859 
f 859/859/859 874/874/874 859/859/859 
f 859/859/859 874/874/874 873/873/873 
f 874/874/874 875/875/875 873/873/873 
f 873/873/873 875/875/875 872/872/872 
f 875/875/875 876/876/876 872/872/872 
f 872/872/872 876/876/876 871/871/871 
f 876/876/876 869/869/869 871/871/871 
f 871/871/871 869/869/869 869/869/869 
f 869/869/869 876/876/876 869/869/869 
f 869/869/869 876/876/876 876/876/876 
f 876/876/876 877/877/877 876/876/876 
f 876/876/876 877/877/877 869/869/869 
f 877/877/877 846/846/846 869/869/869 
f 869/869/869 846/846/846 846/846/846 
f 846/846/846 847/847/847 846/846/846 
f 846/846/846 847/847/847 847/847/847 
f 847/847/847 878/878/878 847/847/847 
f 847/847/847 878/878/878 848/848/848 
f 878/878/878 849/849/849 848/848/848 
f 848/848/848 849/849/849 849/849/849 
f 849/849/849 830/830/830 849/849/849 
f 849/849/849 830/830/830 830/830/830 
f 830/830/830 879/879/879 830/830/830 
f 830/830/830 879/879/879 832/832/832 
f 879/879/879 880/880/880 832/832/832 
f 832/832/832 880/880/880 834/834/834 
f 880/880/880 836/836/836 834/834/834 
f 834/834/834 836/836/836 836/836/836 
f 836/836/836 879/879/879 836/836/836 
f 836/836/836 879/879/879 879/879/879 
f 879/879/879 881/881/881 879/879/879 
f 879/879/879 881/881/881 880/880/880 
f 881/881/881 882/882/882 880/880/880 
f 880/880/880 882/882/882 883/883/883 
f 882/882/882 884/884/884 883/883/883 
f 883/883/883 884/884/884 840/840/840 
f 884/884/884 842/842/842 840/840/840 
f 840/840/840 842/842/842 842/842/842 
f 842/842/842 881/881/881 842/842/842 
f 842/842/842 881/881/881 881/881/881 
f 881/881/881 885/885/885 881/881/881 
f 881/881/881 885/885/885 882/882/882 
f 885/885/885 886/886/886 882/882/882 
f 882/882/882 886/886/886 884/884/884 
f 886/886/886 887/887/887 884/884/884 
f 884/884/884 887/887/887 842/842/842 
f 887/887/887 888/888/888 842/842/842 
f 842/842/842 888/888/888 889/889/889 
f 888/888/888 890/890/890 889/889/889 
f 889/889/889 890/890/890 891/891/891 
f 890/890/890 866/866/866 891/891/891 
f 891/891/891 866/866/866 868/868/868 
f 866/866/866 868/868/868 868/868/868 
f 868/868/868 868/868/868 885/885/885 
f 868/868/868 885/885/885 885/885/885 
f 885/885/885 885/885/885 885/885/885 
f 885/885/885 892/892/892 885/885/885 
f 885/885/885 892/892/892 886/886/886 
f 892/892/892 893/893/893 886/886/886 
f 886/886/886 893/893/893 887/887/887 
f 893/893/893 894/894/894 887/887/887 
f 887/887/887 894/894/894 888/888/888 
f 894/894/894 895/895/895 888/888/888 
f 888/888/888 895/895/895 890/890/890 
f 895/895/895 866/866/866 890/890/890 
f 890/890/890 866/866/866 866/866/866 
f 866/866/866 892/892/892 866/866/866 
f 866/866/866 892/892/892 892/892/892 
f 892/892/892 896/896/896 892/892/892 
f 892/892/892 896/896/896 893/893/893 
f 896/896/896 897/897/897 893/893/893 
f 893/893/893 897/897/897 894/894/894 
f 897/897/897 895/895/895 894/894/894 
f 894/894/894 895/895/895 895/895/895 
f 895/895/895 897/897/897 895/895/895 
f 895/895/895 897/897/897 897/897/897 
f 897/897/897 898/898/898 897/897/897 
f 897/897/897 898/898/898 895/895/895 
f 898/898/898 865/865/865 895/895/895 
f 895/895/895 865/865/865 866/866/866 
f 865/865/865 866/866/866 866/866/866 
f 866/866/866 866/866/866 840/840/840 
f 866/866/866 840/840/840 840/840/840 
f 840/840/840 840/840/840 840/840/840 
f 840/840/840 838/838/838 840/840/840 
f 840/840/840 838/838/838 883/883/883 
f 838/838/838 836/836/836 883/883/883 
f 883/883/883 836/836/836 880/880/880 
f 836/836/836 880/880/880 880/880/880 
f 880/880/880 880/880/880 842/842/842 
f 880/880/880 842/842/842 842/842/842 
f 842/842/842 842/842/842 842/842/842 
f 842/842/842 889/889/889 842/842/842 
f 842/842/842 889/889/889 844/844/844 
f 889/889/889 870/870/870 844/844/844 
f 844/844/844 870/870/870 870/870/870 
f 870/870/870 889/889/889 870/870/870 
f 870/870/870 889/889/889 889/889/889 
f 889/889/889 891/891/891 889/889/889 
f 889/889/889 891/891/891 870/870/870 
f 891/891/891 868/868/868 870/870/870 
f 870/870/870 868/868/868 868/868/868 
f 868/868/868 845/845/845 868/868/868 
f 868/868/868 845/845/845 845/845/845 
f 845/845/845 899/899/899 845/845/845 
f 845/845/845 899/899/899 843/843/843 
f 899/899/899 841/841/841 843/843/843 
f 843/843/843 841/841/841 841/841/841 
f 841/841/841 899/899/899 841/841/841 
f 841/841/841 899/899/899 899/899/899 
f 899/899/899 900/900/900 899/899/899 
f 899/899/899 900/900/900 841/841/841 
f 900/900/900 847/847/847 841/841/841 
f 841/841/841 847/847/847 847/847/847 
f 847/847/847 901/901/901 847/847/847 
f 847/847/847 901/901/901 901/901/901 
f 901/901/901 902/902/902 901/901/901 
f 901/901/901 902/902/902 903/903/903 
f 902/902/902 904/904/904 903/903/903 
f 903/903/903 904/904/904 905/905/905 
f 904/904/904 906/906/906 905/905/905 
f 905/905/905 906/906/906 907/907/907 
f 906/906/906 908/908/908 907/907/907 
f 907/907/907 908/908/908 909/909/909 
f 908/908/908 910/910/910 909/909/909 
f 909/909/909 910/910/910 911/911/911 
f 910/910/910 912/912/912 911/911/911 
f 911/911/911 912/912/912 913/913/913 
f 912/912/912 914/914/914 913/913/913 
f 913/913/913 914/914/914 914/914/914 
f 914/914/914 910/910/910 914/914/914 
f 914/914/914 910/910/910 910/910/910 
f 910/910/910 908/908/908 910/910/910 
f 910/910/910 908/908/908 915/915/915 
f 908/908/908 906/906/906 915/915/915 
f 915/915/915 906/906/906 916/916/916 
f 906/906/906 904/904/904 916/916/916 
f 916/916/916 904/904/904 902/902/902 
f 904/904/904 902/902/902 902/902/902 
f 902/902/902 902/902/902 916/916/916 
f 902/902/902 916/916/916 916/916/916 
f 916/916/916 916/916/916 916/916/916 
f 916/916/916 917/917/917 916/916/916 
f 916/916/916 917/917/917 915/915/915 
f 917/917/917 918/918/918 915/915/915 
f 915/915/915 918/918/918 919/919/919 
f 918/918/918 920/920/920 919/919/919 
f 919/919/919 920/920/920 912/912/912 
f 920/920/920 921/921/921 912/912/912 
f 912/912/912 921/921/921 914/914/914 
f 921/921/921 922/922/922 914/914/914 
f 914/914/914 922/922/922 922/922/922 
f 922/922/922 916/916/916 922/922/922 
f 922/922/922 916/916/916 916/916/916 
f 916/916/916 923/923/923 916/916/916 
f 916/916/916 923/923/923 917/917/917 
f 923/923/923 924/924/924 917/917/917 
f 917/917/917 924/924/924 918/918/918 
f 924/924/924 925/925/925 918/918/918 
f 918/918/918 925/925/925 920/920/920 
f 925/925/925 926/926/926 920/920/920 
f 920/920/920 926/926/926 921/921/921 
f 926/926/926 927/927/927 921/921/921 
f 921/921/921 927/927/927 922/922/922 
f 927/927/927 928/928/928 922/922/922 
f 922/922/922 928/928/928 928/928/928 
f 928/928/928 924/924/924 928/928/928 
f 928/928/928 924/924/924 924/924/924 
f 924/924/924 929/929/929 924/924/924 
f 924/924/924 929/929/929 925/925/925 
f 929/929/929 930/930/930 925/925/925 
f 925/925/925 930/930/930 926/926/926 
f 930/930/930 931/931/931 926/926/926 
f 926/926/926 931/931/931 927/927/927 
f 931/931/931 932/932/932 927/927/927 
f 927/927/927 932/932/932 928/928/928 
f 932/932/932 933/933/933 928/928/928 
f 928/928/928 933/933/933 933/933/933 
f 933/933/933 932/932/932 933/933/933 
f 933/933/933 932/932/932 934/934/934 
f 932/932/932 931/931/931 934/934/934 
f 934/934/934 931/931/931 935/935/935 
f 931/931/931 936/936/936 935/935/935 
f 935/935/935 936/936/936 937/937/937 
f 936/936/936 938/938/938 937/937/937 
f 937/937/937 938/938/938 939/939/939 
f 938/938/938 940/940/940 939/939/939 
f 939/939/939 940/940/940 941/941/941 
f 940/940/940 942/942/942 941/941/941 
f 941/941/941 942/942/942 943/943/943 
f 942/942/942 944/944/944 943/943/943 
f 943/943/943 944/944/944 907/907/907 
f 944/944/944 905/905/905 907/907/907 
f 907/907/907 905/905/905 905/905/905 
f 905/905/905 934/934/934 905/905/905 
f 905/905/905 934/934/934 934/934/934 
f 934/934/934 935/935/935 934/934/934 
f 934/934/934 935/935/935 945/945/945 
f 935/935/935 937/937/937 945/945/945 
f 945/945/945 937/937/937 946/946/946 
f 937/937/937 939/939/939 946/946/946 
f 946/946/946 939/939/939 947/947/947 
f 939/939/939 941/941/941 947/947/947 
f 947/947/947 941/941/941 943/943/943 
f 941/941/941 943/943/943 943/943/943 
f 943/943/943 943/943/943 947/947/947 
f 943/943/943 947/947/947 947/947/947 
f 947/947/947 947/947/947 947/947/947 
f 947/947/947 943/943/943 947/947/947 
f 947/947/947 943/943/943 948/948/948 
f 943/943/943 907/907/907 948/948/948 
f 948/948/948 907/907/907 949/949/949 
f 907/907/907 909/909/909 949/949/949 
f 949/949/949 909/909/909 950/950/950 
f 909/909/909 951/951/951 950/950/950 
f 950/950/950 951/951/951 951/951/951 
f 951/951/951 949/949/949 951/951/951 
f 951/951/951 949/949/949 949/949/949 
f 949/949/949 950/950/950 949/949/949 
f 949/949/949 950/950/950 948/948/948 
f 950/950/950 952/952/952 948/948/948 
f 948/948/948 952/952/952 947/947/947 
f 952/952/952 953/953/953 947/947/947 
f 947/947/947 953/953/953 954/954/954 
f 953/953/953 954/954/954 954/954/954 
f 954/954/954 954/954/954 947/947/947 
f 954/954/954 947/947/947 947/947/947 
f 947/947/947 947/947/947 947/947/947 
f 947/947/947 954/954/954 947/947/947 
f 947/947/947 954/954/954 946/946/946 
f 954/954/954 955/955/955 946/946/946 
f 946/946/946 955/955/955 945/945/945 
f 955/955/955 934/934/934 945/945/945 
f 945/945/945 934/934/934 934/934/934 
f 934/934/934 915/915/915 934/934/934 
f 934/934/934 915/915/915 915/915/915 
f 915/915/915 919/919/919 915/915/915 
f 915/915/915 919/919/919 910/910/910 
f 919/919/919 912/912/912 910/910/910 
f 910/910/910 912/912/912 912/912/912 
f 912/912/912 923/923/923 912/912/912 
f 912/912/912 923/923/923 923/923/923 
f 923/923/923 956/956/956 923/923/923 
f 923/923/923 956/956/956 924/924/924 
f 956/956/956 957/957/957 924/924/924 
f 924/924/924 957/957/957 929/929/929 
f 957/957/957 958/958/958 929/929/929 
f 929/929/929 958/958/958 959/959/959 
f 958/958/958 960/960/960 959/959/959 
f 959/959/959 960/960/960 961/961/961 
f 960/960/960 936/936/936 961/961/961 
f 961/961/961 936/936/936 931/931/931 
f 936/936/936 931/931/931 931/931/931 
f 931/931/931 931/931/931 929/929/929 
f 931/931/931 929/929/929 929/929/929 
f 929/929/929 929/929/929 929/929/929 
f 929/929/929 959/959/959 929/929/929 
f 929/929/929 959/959/959 930/930/930 
f 959/959/959 961/961/961 930/930/930 
f 930/930/930 961/961/961 931/931/931 
f 961/961/961 931/931/931 931/931/931 
f 931/931/931 931/931/931 958/958/958 
f 931/931/931 958/958/958 958/958/958 
f 958/958/958 958/958/958 958/958/958 
f 958/958/958 962/962/962 958/958/958 
f 958/958/958 962/962/962 960/960/960 
f 962/962/962 963/963/963 960/960/960 
f 960/960/960 963/963/963 964/964/964 
f 963/963/963 965/965/965 964/964/964 
f 964/964/964 965/965/965 966/966/966 
f 965/965/965 967/967/967 966/966/966 
f 966/966/966 967/967/967 940/940/940 
f 967/967/967 942/942/942 940/940/940 
f 940/940/940 942/942/942 942/942/942 
f 942/942/942 966/966/966 942/942/942 
f 942/942/942 966/966/966 966/966/966 
f 966/966/966 940/940/940 966/966/966 
f 966/966/966 940/940/940 964/964/964 
f 940/940/940 938/938/938 964/964/964 
f 964/964/964 938/938/938 960/960/960 
f 938/938/938 936/936/936 960/960/960 
f 960/960/960 936/936/936 936/936/936 
f 936/936/936 913/913/913 936/936/936 
f 936/936/936 913/913/913 913/913/913 
f 913/913/913 968/968/968 913/913/913 
f 913/913/913 968/968/968 911/911/911 
f 968/968/968 909/909/909 911/911/911 
f 911/911/911 909/909/909 909/909/909 
f 909/909/909 902/902/902 909/909/909 
f 909/909/909 902/902/902 902/902/902 
f 902/902/902 969/969/969 902/902/902 
f 902/902/902 969/969/969 916/916/916 
f 969/969/969 923/923/923 916/916/916 
f 916/916/916 923/923/923 923/923/923 
f 923/923/923 965/965/965 923/923/923 
f 923/923/923 965/965/965 965/965/965 
f 965/965/965 970/970/970 965/965/965 
f 965/965/965 970/970/970 967/967/967 
f 970/970/970 971/971/971 967/967/967 
f 967/967/967 971/971/971 972/972/972 
f 971/971/971 901/901/901 972/972/972 
f 972/972/972 901/901/901 903/903/903 
f 901/901/901 903/903/903 903/903/903 
f 903/903/903 903/903/903 903/903/903 
f 903/903/903 905/905/905 903/903/903 
f 903/903/903 905/905/905 972/972/972 
f 905/905/905 944/944/944 972/972/972 
f 972/972/972 944/944/944 942/942/942 
f 944/944/944 942/942/942 942/942/942 
f 942/942/942 942/942/942 973/973/973 
f 942/942/942 973/973/973 973/973/973 
f 973/973/973 973/973/973 973/973/973 
f 973/973/973 974/974/974 973/973/973 
f 973/973/973 974/974/974 975/975/975 
f 974/974/974 976/976/976 975/975/975 
f 975/975/975 976/976/976 977/977/977 
f 976/976/976 978/978/978 977/977/977 
f 977/977/977 978/978/978 979/979/979 
f 978/978/978 980/980/980 979/979/979 
f 979/979/979 980/980/980 981/981/981 
f 980/980/980 982/982/982 981/981/981 
f 981/981/981 982/982/982 983/983/983 
f 982/982/982 984/984/984 983/983/983 
f 983/983/983 984/984/984 985/985/985 
f 984/984/984 986/986/986 985/985/985 
f 985/985/985 986/986/986 987/987/987 
f 986/986/986 988/988/988 987/987/987 
f 987/987/987 988/988/988 989/989/989 
f 988/988/988 990/990/990 989/989/989 
f 989/989/989 990/990/990 991/991/991 
f 990/990/990 992/992/992 991/991/991 
f 991/991/991 992/992/992 993/993/993 
f 992/992/992 994/994/994 993/993/993 
f 993/993/993 994/994/994 995/995/995 
f 994/994/994 996/996/996 995/995/995 
f 995/995/995 996/996/996 997/997/997 
f 996/996/996 998/998/998 997/997/997 
f 997/997/997 998/998/998 998/998/998 
f 998/998/998 976/976/976 998/998/998 
f 998/998/998 976/976/976 976/976/976 
f 976/976/976 999/999/999 976/976/976 
f 976/976/976 999/999/999 978/978/978 
f 999/999/999 1000/1000/1000 978/978/978 
f 978/978/978 1000/1000/1000 980/980/980 
f 1000/1000/1000 1001/1001/1001 980/980/980 
f 980/980/980 1001/1001/1001 982/982/982 
f 1001/1001/1001 1002/1002/1002 982/982/982 
f 982/982/982 1002/1002/1002 984/984/984 
f 1002/1002/1002 986/986/986 984/984/984 
f 984/984/984 986/986/986 986/986/986 
f 986/986/986 1000/1000/1000 986/986/986 
f 986/986/986 1000/1000/1000 1000/1000/1000 
f 1000/1000/1000 1003/1003/1003 1000/1000/1000 
f 1000/1000/1000 1003/1003/1003 1001/1001/1001 
f 1003/1003/1003 1004/1004/1004 1001/1001/1001 
f 1001/1001/1001 1004/1004/1004 1002/1002/1002 
f 1004/1004/1004 988/988/988 1002/1002/1002 
f 1002/1002/1002 988/988/988 986/986/986 
f 988/988/988 986/986/986 986/986/986 
f 986/986/986 986/986/986 1000/1000/1000 
f 986/986/986 1000/1000/1000 1000/1000/1000 
f 1000/1000/1000 1000/1000/1000 1000/1000/1000 
f 1000/1000/1000 1005/1005/1005 1000/1000/1000 
f 1000/1000/1000 1005/1005/1005 1003/1003/1003 
f 1005/1005/1005 1006/1006/1006 1003/1003/1003 
f 1003/1003/1003 1006/1006/1006 1004/1004/1004 
f 1006/1006/1006 1007/1007/1007 1004/1004/1004 
f 1004/1004/1004 1007/1007/1007 988/988/988 
f 1007/1007/1007 990/990/990 988/988/988 
f 988/988/988 990/990/990 990/990/990 
f 990/990/990 1007/1007/1007 990/990/990 
f 990/990/990 1007/1007/1007 992/992/992 
f 1007/1007/1007 1008/1008/1008 992/992/992 
f 992/992/992 1008/1008/1008 994/994/994 
f 1008/1008/1008 1009/1009/1009 994/994/994 
f 994/994/994 1009/1009/1009 996/996/996 
f 1009/1009/1009 1010/1010/1010 996/996/996 
f 996/996/996 1010/1010/1010 1011/1011/1011 
f 1010/1010/1010 1012/1012/1012 1011/1011/1011 
f 1011/1011/1011 1012/1012/1012 1013/1013/1013 
f 1012/1012/1012 1014/1014/1014 1013/1013/1013 
f 1013/1013/1013 1014/1014/1014 1015/1015/1015 
f 1014/1014/1014 1016/1016/1016 1015/1015/1015 
f 1015/1015/1015 1016/1016/1016 1017/1017/1017 
f 1016/1016/1016 1018/1018/1018 1017/1017/1017 
f 1017/1017/1017 1018/1018/1018 1019/1019/1019 
f 1018/1018/1018 973/973/973 1019/1019/1019 
f 1019/1019/1019 973/973/973 975/975/975 
f 973/973/973 975/975/975 975/975/975 
f 975/975/975 975/975/975 1011/1011/1011 
f 975/975/975 1011/1011/1011 1011/1011/1011 
f 1011/1011/1011 1011/1011/1011 1011/1011/1011 
f 1011/1011/1011 1013/1013/1013 1011/1011/1011 
f 1011/1011/1011 1013/1013/1013 1020/1020/1020 
f 1013/1013/1013 1021/1021/1021 1020/1020/1020 
f 1020/1020/1020 1021/1021/1021 1022/1022/1022 
f 1021/1021/1021 1019/1019/1019 1022/1022/1022 
f 1022/1022/1022 1019/1019/1019 1023/1023/1023 
f 1019/1019/1019 975/975/975 1023/1023/1023 
f 1023/1023/1023 975/975/975 979/979/979 
f 975/975/975 977/977/977 979/979/979 
f 979/979/979 977/977/977 977/977/977 
f 977/977/977 1013/1013/1013 977/977/977 
f 977/977/977 1013/1013/1013 1013/1013/1013 
f 1013/1013/1013 1015/1015/1015 1013/1013/1013 
f 1013/1013/1013 1015/1015/1015 1021/1021/1021 
f 1015/1015/1015 1017/1017/1017 1021/1021/1021 
f 1021/1021/1021 1017/1017/1017 1019/1019/1019 
f 1017/1017/1017 1019/1019/1019 1019/1019/1019 
f 1019/1019/1019 1019/1019/1019 1010/1010/1010 
f 1019/1019/1019 1010/1010/1010 1010/1010/1010 
f 1010/1010/1010 1010/1010/1010 1010/1010/1010 
f 1010/1010/1010 1009/1009/1009 1010/1010/1010 
f 1010/1010/1010 1009/1009/1009 1012/1012/1012 
f 1009/1009/1009 1024/1024/1024 1012/1012/1012 
f 1012/1012/1012 1024/1024/1024 1025/1025/1025 
f 1024/1024/1024 1026/1026/1026 1025/1025/1025 
f 1025/1025/1025 1026/1026/1026 1027/1027/1027 
f 1026/1026/1026 1028/1028/1028 1027/1027/1027 
f 1027/1027/1027 1028/1028/1028 1028/1028/1028 
f 1028/1028/1028 1009/1009/1009 1028/1028/1028 
f 1028/1028/1028 1009/1009/1009 1009/1009/1009 
f 1009/1009/1009 1008/1008/1008 1009/1009/1009 
f 1009/1009/1009 1008/1008/1008 1024/1024/1024 
f 1008/1008/1008 1029/1029/1029 1024/1024/1024 
f 1024/1024/1024 1029/1029/1029 1026/1026/1026 
f 1029/1029/1029 1030/1030/1030 1026/1026/1026 
f 1026/1026/1026 1030/1030/1030 1031/1031/1031 
f 1030/1030/1030 1032/1032/1032 1031/1031/1031 
f 1031/1031/1031 1032/1032/1032 1032/1032/1032 
f 1032/1032/1032 1008/1008/1008 1032/1032/1032 
f 1032/1032/1032 1008/1008/1008 1008/1008/1008 
f 1008/1008/1008 1007/1007/1007 1008/1008/1008 
f 1008/1008/1008 1007/1007/1007 1029/1029/1029 
f 1007/1007/1007 1006/1006/1006 1029/1029/1029 
f 1029/1029/1029 1006/1006/1006 1030/1030/1030 
f 1006/1006/1006 1005/1005/1005 1030/1030/1030 
f 1030/1030/1030 1005/1005/1005 1032/1032/1032 
f 1005/1005/1005 1000/1000/1000 1032/1032/1032 
f 1032/1032/1032 1000/1000/1000 1033/1033/1033 
f 1000/1000/1000 999/999/999 1033/1033/1033 
f 1033/1033/1033 999/999/999 999/999/999 
f 999/999/999 985/985/985 999/999/999 
f 999/999/999 985/985/985 985/985/985 
f 985/985/985 1034/1034/1034 985/985/985 
f 985/985/985 1034/1034/1034 983/983/983 
f 1034/1034/1034 1035/1035/1035 983/983/983 
f 983/983/983 1035/1035/1035 1036/1036/1036 
f 1035/1035/1035 1037/1037/1037 1036/1036/1036 
f 1036/1036/1036 1037/1037/1037 1038/1038/1038 
f 1037/1037/1037 1039/1039/1039 1038/1038/1038 
f 1038/1038/1038 1039/1039/1039 1040/1040/1040 
f 1039/1039/1039 1041/1041/1041 1040/1040/1040 
f 1040/1040/1040 1041/1041/1041 1011/1011/1011 
f 1041/1041/1041 996/996/996 1011/1011/1011 
f 1011/1011/1011 996/996/996 996/996/996 
f 996/996/996 1040/1040/1040 996/996/996 
f 996/996/996 1040/1040/1040 1040/1040/1040 
f 1040/1040/1040 1020/1020/1020 1040/1040/1040 
f 1040/1040/1040 1020/1020/1020 1038/1038/1038 
f 1020/1020/1020 1042/1042/1042 1038/1038/1038 
f 1038/1038/1038 1042/1042/1042 1036/1036/1036 
f 1042/1042/1042 1043/1043/1043 1036/1036/1036 
f 1036/1036/1036 1043/1043/1043 981/981/981 
f 1043/1043/1043 979/979/979 981/981/981 
f 981/981/981 979/979/979 979/979/979 
f 979/979/979 1043/1043/1043 979/979/979 
f 979/979/979 1043/1043/1043 1023/1023/1023 
f 1043/1043/1043 1042/1042/1042 1023/1023/1023 
f 1023/1023/1023 1042/1042/1042 1022/1022/1022 
f 1042/1042/1042 1020/1020/1020 1022/1022/1022 
f 1022/1022/1022 1020/1020/1020 1020/1020/1020 
f 1020/1020/1020 996/996/996 1020/1020/1020 
f 1020/1020/1020 996/996/996 996/996/996 
f 996/996/996 1041/1041/1041 996/996/996 
f 996/996/996 1041/1041/1041 998/998/998 
f 1041/1041/1041 1039/1039/1039 998/998/998 
f 998/998/998 1039/1039/1039 1039/1039/1039 
f 1039/1039/1039 1016/1016/1016 1039/1039/1039 
f 1039/1039/1039 1016/1016/1016 1016/1016/1016 
f 1016/1016/1016 1014/1014/1014 1016/1016/1016 
f 1016/1016/1016 1014/1014/1014 1044/1044/1044 
f 1014/1014/1014 1027/1027/1027 1044/1044/1044 
f 1044/1044/1044 1027/1027/1027 1027/1027/1027 
f 1027/1027/1027 1014/1014/1014 1027/1027/1027 
f 1027/1027/1027 1014/1014/1014 1025/1025/1025 
f 1014/1014/1014 1012/1012/1012 1025/1025/1025 
f 304/304/304 333/333/333 306/306/306 
f 526/526/526 525/525/525 532/532/532 
f 909/909/909 968/968/968 951/951/951 
f 934/934/934 955/955/955 933/933/933 
f 972/972/972 942/942/942 967/967/967 
f 1040/1040/1040 1011/1011/1011 1020/1020/1020 
f 865/865/865 898/898/898 864/864/864 
f 849/849/849 878/878/878 860/860/860 
f 620/620/620 619/619/619 602/602/602 
f 616/616/616 613/613/613 615/615/615 
f 774/774/774 776/776/776 773/773/773 
f 754/754/754 752/752/752 767/767/767 
f 684/684/684 698/698/698 654/654/654 
f 559/559/559 578/578/578 557/557/557 
f 544/544/544 542/542/542 572/572/572 
f 550/550/550 552/552/552 576/576/576 
f 200/200/200 199/199/199 1045/1045/1045 
f 503/503/503 529/529/529 501/501/501 
f 524/524/524 519/519/519 269/269/269 
f 4/4/4 21/21/21 13/13/13 
f 459/459/459 476/476/476 468/468/468 
f 981/981/981 983/983/983 1036/1036/1036 
f 1031/1031/1031 1028/1028/1028 1026/1026/1026 
f 861/861/861 867/867/867 862/862/862 
f 637/637/637 592/592/592 590/590/590 
f 779/779/779 737/737/737 739/739/739 
f 715/715/715 736/736/736 713/713/713 
f 745/745/745 757/757/757 743/743/743 
f 686/686/686 687/687/687 688/688/688 
f 682/682/682 680/680/680 692/692/692 
f 807/807/807 808/808/808 809/809/809 
f 800/800/800 798/798/798 796/796/796 
f 810/810/810 811/811/811 813/813/813 
f 553/553/553 580/580/580 552/552/552 
f 540/540/540 538/538/538 536/536/536 
f 37/37/37 42/42/42 56/56/56 
f 162/162/162 1046/1046/1046 163/163/163 

